index,path,filename,width,height,aspect,orientation,mean_r,mean_g,mean_b,brightness,saturation,contrast,colorfulness,edge_density,phash,cluster
1,C:\Users\lalad\OneDrive\Desktop\Pinterest-всякое\pin_0001_752c6c60a691.jpg,pin_0001_752c6c60a691.jpg,474,466,1.0172,square-ish,198.522,194.928,186.036,0.7647,0.0765,0.1605,13.6731,0.0463,f871a3b29b919d84,11
2,C:\Users\lalad\OneDrive\Desktop\Pinterest-всякое\pin_0002_12a45ccdeba2.jpg,pin_0002_12a45ccdeba2.jpg,1170,1077,1.0864,square-ish,159.902,137.189,121.443,0.5576,0.266,0.2425,27.9567,0.0919,a583f3dc81c8d879,8
3,C:\Users\lalad\OneDrive\Desktop\Pinterest-всякое\pin_0003_5d12c249a74a.jpg,pin_0003_5d12c249a74a.jpg,1079,805,1.3404,landscape,139.207,135.909,130.085,0.5343,0.0933,0.2492,9.6312,0.0996,e1c3cf454c6307b3,8
4,C:\Users\lalad\OneDrive\Desktop\Pinterest-всякое\pin_0004_4bf7ca91a421.png,pin_0004_4bf7ca91a421.png,2048,2048,1.0,square-ish,199.784,170.537,139.79,0.6893,0.3085,0.1903,45.3694,0.0637,f7331b89cccc0707,2
5,C:\Users\lalad\OneDrive\Desktop\Pinterest-всякое\pin_0005_038273f7524b.jpg,pin_0005_038273f7524b.jpg,1200,675,1.7778,landscape,128.601,162.849,198.301,0.6143,0.3896,0.1984,57.0904,0.1216,93cf5f97c21f4012,8
6,C:\Users\lalad\OneDrive\Desktop\Pinterest-всякое\pin_0006_9a4d1ccf0940.jpg,pin_0006_9a4d1ccf0940.jpg,1179,870,1.3552,landscape,84.775,155.035,97.492,0.4999,0.5006,0.2583,81.7106,0.1347,e1dc9c53c7860f19,10
7,C:\Users\lalad\OneDrive\Desktop\Pinterest-всякое\pin_0007_80e567676b49.jpg,pin_0007_80e567676b49.jpg,915,1251,0.7314,portrait,100.419,137.021,153.234,0.5017,0.4497,0.2556,55.9346,0.1675,ad7bd3e07282891b,6
8,C:\Users\lalad\OneDrive\Desktop\Pinterest-всякое\pin_0008_3bdded5057b4.jpg,pin_0008_3bdded5057b4.jpg,356,356,1.0,square-ish,82.522,79.944,78.006,0.3155,0.0918,0.2023,7.7082,0.0167,c0d46f6a787f90a4,1
9,C:\Users\lalad\OneDrive\Desktop\Pinterest-всякое\pin_0009_950c3f2f4e89.jpg,pin_0009_950c3f2f4e89.jpg,650,433,1.5012,landscape,185.599,176.741,173.744,0.7022,0.0753,0.211,14.6488,0.1004,ade0d28fc33c4f30,3
10,C:\Users\lalad\OneDrive\Desktop\Pinterest-всякое\pin_0010_f45fdb8b5bc2.jpg,pin_0010_f45fdb8b5bc2.jpg,1080,1920,0.5625,portrait,134.289,112.177,90.891,0.4563,0.3457,0.2096,41.9634,0.1494,d1c533084e3dfa3c,9
11,C:\Users\lalad\OneDrive\Desktop\Pinterest-всякое\pin_0011_74a8267a872c.jpg,pin_0011_74a8267a872c.jpg,499,481,1.0374,square-ish,122.263,104.398,91.301,0.4246,0.2559,0.2847,38.042,0.0971,869fb860476ac72b,8
12,C:\Users\lalad\OneDrive\Desktop\Pinterest-всякое\pin_0012_0f0739fe3e73.jpg,pin_0012_0f0739fe3e73.jpg,916,776,1.1804,square-ish,151.509,129.952,136.574,0.5378,0.1691,0.1905,26.1548,0.0197,ee9781486709f2bc,2
13,C:\Users\lalad\OneDrive\Desktop\Pinterest-всякое\pin_0013_e480e83439a0.jpg,pin_0013_e480e83439a0.jpg,1179,743,1.5868,landscape,98.351,109.513,107.416,0.4154,0.2922,0.2451,21.1369,0.1166,c8a89ab21bad6d96,8
14,C:\Users\lalad\OneDrive\Desktop\Pinterest-всякое\pin_0014_1ea1d8629d55.jpg,pin_0014_1ea1d8629d55.jpg,1199,875,1.3703,landscape,58.615,71.483,78.152,0.2682,0.3728,0.2685,47.6687,0.0158,e7d3180c6773929c,1
15,C:\Users\lalad\OneDrive\Desktop\Pinterest-всякое\pin_0015_4e4d87bd2aae.jpg,pin_0015_4e4d87bd2aae.jpg,550,611,0.9002,square-ish,106.353,71.722,71.291,0.3217,0.5222,0.2849,32.5594,0.0441,d833676ccf4c3861,4
16,C:\Users\lalad\OneDrive\Desktop\Pinterest-всякое\pin_0016_f716567fba54.jpg,pin_0016_f716567fba54.jpg,828,825,1.0036,square-ish,126.033,135.101,148.636,0.5251,0.1804,0.2502,15.876,0.0256,d1dcd7bfa3280948,2
17,C:\Users\lalad\OneDrive\Desktop\Pinterest-всякое\pin_0017_45ccb78b98d6.jpg,pin_0017_45ccb78b98d6.jpg,570,720,0.7917,portrait,79.588,62.107,48.307,0.2579,0.4492,0.1931,25.9309,0.1395,c4323fc616cdca72,0
18,C:\Users\lalad\OneDrive\Desktop\Pinterest-всякое\pin_0018_40a31f64b66e.jpg,pin_0018_40a31f64b66e.jpg,1447,1433,1.0098,square-ish,116.705,116.728,116.693,0.4577,0.0009,0.2767,0.3102,0.0437,c9f0bf37858821cb,5
19,C:\Users\lalad\OneDrive\Desktop\Pinterest-всякое\pin_0019_894ea42fa20a.jpg,pin_0019_894ea42fa20a.jpg,474,632,0.75,portrait,111.295,105.662,96.061,0.4167,0.1881,0.2518,21.8319,0.1177,e0959b788767982b,9
20,C:\Users\lalad\OneDrive\Desktop\Pinterest-всякое\pin_0020_c0a6737f37e0.jpg,pin_0020_c0a6737f37e0.jpg,500,375,1.3333,landscape,146.535,146.275,143.717,0.5728,0.12,0.2861,14.7108,0.1359,e626a46493fd1ba1,8
21,C:\Users\lalad\OneDrive\Desktop\Pinterest-всякое\pin_0021_324a9eec7643.jpg,pin_0021_324a9eec7643.jpg,750,514,1.4591,landscape,39.287,37.405,39.519,0.1505,0.2533,0.1715,2.1803,0.1097,c07f18709fc762b8,0
22,C:\Users\lalad\OneDrive\Desktop\Pinterest-всякое\pin_0022_9f700756a5b9.png,pin_0022_9f700756a5b9.png,735,571,1.2872,landscape,160.923,159.78,160.119,0.6281,0.0415,0.247,6.3892,0.0627,951a6a6547dc067b,3
23,C:\Users\lalad\OneDrive\Desktop\Pinterest-всякое\pin_0023_5320386eb27d.jpg,pin_0023_5320386eb27d.jpg,481,487,0.9877,square-ish,103.864,118.03,90.618,0.434,0.3299,0.2772,21.0129,0.0822,9f1465db16a85b26,1
24,C:\Users\lalad\OneDrive\Desktop\Pinterest-всякое\pin_0024_419b3bf7477b.jpg,pin_0024_419b3bf7477b.jpg,564,571,0.9877,square-ish,82.084,113.439,99.182,0.4017,0.5097,0.2234,84.4671,0.098,c9ce323b2ac86ee4,4
25,C:\Users\lalad\OneDrive\Desktop\Pinterest-всякое\pin_0025_a4be828cb925.jpg,pin_0025_a4be828cb925.jpg,690,460,1.5,landscape,87.769,87.769,87.769,0.3442,0.0,0.3307,0.0,0.0572,872f407a9def6094,1
26,C:\Users\lalad\OneDrive\Desktop\Pinterest-всякое\pin_0026_0b7d5939c2cf.jpg,pin_0026_0b7d5939c2cf.jpg,1365,2048,0.6665,portrait,61.539,70.68,62.361,0.2627,0.2885,0.1955,28.1589,0.1498,894fa72d9c351751,9
27,C:\Users\lalad\OneDrive\Desktop\Pinterest-всякое\pin_0027_893ed451b814.jpg,pin_0027_893ed451b814.jpg,510,340,1.5,landscape,141.446,99.754,93.778,0.4374,0.4501,0.3589,67.6632,0.2235,c03b986f7b386a31,6
28,C:\Users\lalad\OneDrive\Desktop\Pinterest-всякое\pin_0028_a45744c80c64.jpg,pin_0028_a45744c80c64.jpg,1920,1080,1.7778,landscape,43.344,18.031,14.303,0.0987,0.4707,0.1577,58.3373,0.1124,93693466f75819d4,0
29,C:\Users\lalad\OneDrive\Desktop\Pinterest-всякое\pin_0029_e8b0c48772e8.jpg,pin_0029_e8b0c48772e8.jpg,75,75,1.0,square-ish,188.44,115.685,100.717,0.5323,0.5045,0.1907,82.4075,0.0585,9f40e5acd463e196,10
30,C:\Users\lalad\OneDrive\Desktop\Pinterest-всякое\pin_0030_03ea429d2ace.jpg,pin_0030_03ea429d2ace.jpg,470,470,1.0,square-ish,194.755,192.711,186.754,0.7558,0.0465,0.1442,5.8873,0.0968,ace634e48fc39c98,11
31,C:\Users\lalad\OneDrive\Desktop\Pinterest-всякое\pin_0031_9cf646ea45e3.jpg,pin_0031_9cf646ea45e3.jpg,720,720,1.0,square-ish,153.451,149.891,158.038,0.5955,0.0575,0.1917,6.5354,0.2494,d9e675a1848e92f4,7
32,C:\Users\lalad\OneDrive\Desktop\Pinterest-всякое\pin_0032_6d43b2defc5e.jpg,pin_0032_6d43b2defc5e.jpg,735,751,0.9787,square-ish,68.025,73.231,60.115,0.2752,0.398,0.2515,15.2255,0.0596,8449c9b2b47d729b,1
33,C:\Users\lalad\OneDrive\Desktop\Pinterest-всякое\pin_0033_930922848937.jpg,pin_0033_930922848937.jpg,736,981,0.7503,portrait,98.371,96.953,96.956,0.3819,0.249,0.3784,23.1345,0.1927,cdbab281df29414e,6
34,C:\Users\lalad\OneDrive\Desktop\Pinterest-всякое\pin_0034_fb06002cbfd2.jpg,pin_0034_fb06002cbfd2.jpg,1492,1390,1.0734,square-ish,136.166,105.993,82.707,0.4406,0.4559,0.2657,57.106,0.0861,b670c337cd0fc123,4
35,C:\Users\lalad\OneDrive\Desktop\Pinterest-всякое\pin_0035_6793e80651f2.jpg,pin_0035_6793e80651f2.jpg,3264,2448,1.3333,landscape,87.039,83.352,76.107,0.328,0.2141,0.2912,17.5925,0.0345,bd88b46aab57264c,1
36,C:\Users\lalad\OneDrive\Desktop\Pinterest-всякое\pin_0036_119f9d49d062.jpg,pin_0036_119f9d49d062.jpg,680,503,1.3519,landscape,142.343,150.216,147.216,0.5784,0.1053,0.1969,10.6404,0.1052,880943261dd9f77e,8
37,C:\Users\lalad\OneDrive\Desktop\Pinterest-всякое\pin_0037_87444213fb30.jpg,pin_0037_87444213fb30.jpg,345,345,1.0,square-ish,190.078,190.267,190.291,0.7459,0.002,0.2534,2.5185,0.208,e766869b292db690,3
38,C:\Users\lalad\OneDrive\Desktop\Pinterest-всякое\pin_0038_f31d0be9082a.jpg,pin_0038_f31d0be9082a.jpg,2048,1423,1.4392,landscape,150.844,145.183,123.422,0.5663,0.1931,0.3099,35.2109,0.1413,bf947c7a94c2c48c,8
39,C:\Users\lalad\OneDrive\Desktop\Pinterest-всякое\pin_0039_c3b73c55674a.jpg,pin_0039_c3b73c55674a.jpg,1024,804,1.2736,landscape,74.858,66.055,52.546,0.2633,0.3657,0.1551,22.244,0.179,8c99317ae362654f,6
40,C:\Users\lalad\OneDrive\Desktop\Pinterest-всякое\pin_0040_1ddd63f4cdef.jpg,pin_0040_1ddd63f4cdef.jpg,517,540,0.9574,square-ish,140.253,143.587,126.573,0.5516,0.3923,0.2167,69.6262,0.0567,8a1df1963b3b1d03,10
41,C:\Users\lalad\OneDrive\Desktop\Pinterest-всякое\pin_0041_fb10bc20c295.jpg,pin_0041_fb10bc20c295.jpg,462,621,0.744,portrait,93.421,85.413,70.077,0.3375,0.3922,0.2468,28.4661,0.0727,9adf9a61354dc80d,9
42,C:\Users\lalad\OneDrive\Desktop\Pinterest-всякое\pin_0042_99aff7b9adaa.jpg,pin_0042_99aff7b9adaa.jpg,236,233,1.0129,square-ish,241.803,240.165,241.281,0.9442,0.0135,0.1566,12.2832,0.0548,ed65c63392969319,11
43,C:\Users\lalad\OneDrive\Desktop\Pinterest-всякое\pin_0043_8cd306b724cc.jpg,pin_0043_8cd306b724cc.jpg,236,337,0.7003,portrait,192.776,179.606,182.061,0.7209,0.1585,0.2474,31.8291,0.1576,b8c907344b37d35a,7
44,C:\Users\lalad\OneDrive\Desktop\Pinterest-всякое\pin_0044_5887630aec71.jpg,pin_0044_5887630aec71.jpg,236,237,0.9958,square-ish,146.367,130.2,110.875,0.5209,0.3297,0.3167,30.3546,0.0481,98e449a6f607b7c2,5
45,C:\Users\lalad\OneDrive\Desktop\Pinterest-всякое\pin_0045_792fc172ba49.jpg,pin_0045_792fc172ba49.jpg,236,236,1.0,square-ish,201.312,190.925,217.277,0.7727,0.2012,0.1483,41.3051,0.0989,ef928ed2761169c4,11
46,C:\Users\lalad\OneDrive\Desktop\Pinterest-всякое\pin_0046_17f637d60943.jpg,pin_0046_17f637d60943.jpg,236,272,0.8676,square-ish,209.453,202.375,182.742,0.7931,0.1968,0.2205,48.8813,0.1372,ad31d3f5c1cb60c2,3
47,C:\Users\lalad\OneDrive\Desktop\Pinterest-всякое\pin_0047_129a340767da.jpg,pin_0047_129a340767da.jpg,236,236,1.0,square-ish,117.606,113.515,115.839,0.4509,0.0974,0.1937,6.8556,0.067,fbc1ed3396b48203,1
48,C:\Users\lalad\OneDrive\Desktop\Pinterest-всякое\pin_0048_f22d9dcf9f07.jpg,pin_0048_f22d9dcf9f07.jpg,2048,1488,1.3763,landscape,107.84,90.232,83.97,0.3717,0.2286,0.1864,28.5793,0.1353,c2cc6ae58d52d699,8
49,C:\Users\lalad\OneDrive\Desktop\Pinterest-всякое\pin_0049_6c538a4c9642.jpg,pin_0049_6c538a4c9642.jpg,617,808,0.7636,portrait,35.264,39.2,45.69,0.1528,0.2816,0.1417,7.3868,0.0677,853f5a409fc037ad,0
50,C:\Users\lalad\OneDrive\Desktop\Pinterest-всякое\pin_0050_6ab7a3b0a6af.jpg,pin_0050_6ab7a3b0a6af.jpg,1600,1562,1.0243,square-ish,242.931,225.754,179.809,0.885,0.2628,0.0915,52.624,0.0211,baf0600fada1e1c7,11
51,C:\Users\lalad\OneDrive\Desktop\Pinterest-всякое\pin_0051_8bb81b5660a1.jpg,pin_0051_8bb81b5660a1.jpg,680,414,1.6425,landscape,155.738,133.531,133.37,0.5496,0.1549,0.1687,17.9638,0.0389,ecc827f750b910bc,8
52,C:\Users\lalad\OneDrive\Desktop\Pinterest-всякое\pin_0052_00f276194085.jpg,pin_0052_00f276194085.jpg,749,663,1.1297,square-ish,162.682,130.663,142.109,0.5551,0.2265,0.1516,29.8958,0.1035,e29826ad765b3f40,2
53,C:\Users\lalad\OneDrive\Desktop\Pinterest-всякое\pin_0053_dcd6e8d34cc0.jpg,pin_0053_dcd6e8d34cc0.jpg,1170,807,1.4498,landscape,219.939,209.015,191.073,0.8245,0.143,0.2249,40.7667,0.0882,be15b98ce8979072,11
54,C:\Users\lalad\OneDrive\Desktop\Pinterest-всякое\pin_0054_390f01a0ded7.jpg,pin_0054_390f01a0ded7.jpg,640,640,1.0,square-ish,171.839,140.098,101.705,0.5695,0.5117,0.2448,67.8604,0.0667,cdd1d6363229a1e6,10
55,C:\Users\lalad\OneDrive\Desktop\Pinterest-всякое\pin_0055_91bd6bbb3489.jpg,pin_0055_91bd6bbb3489.jpg,1429,1451,0.9848,square-ish,213.945,180.15,168.267,0.7407,0.3066,0.1528,56.7667,0.1931,ce3726c91834a6eb,7
56,C:\Users\lalad\OneDrive\Desktop\Pinterest-всякое\pin_0056_cca216c9e8f2.jpg,pin_0056_cca216c9e8f2.jpg,736,552,1.3333,landscape,207.988,199.018,201.404,0.7919,0.0768,0.2317,24.1842,0.1433,ee35914b6434da99,3
57,C:\Users\lalad\OneDrive\Desktop\Pinterest-всякое\pin_0057_18e8c70bb527.jpg,pin_0057_18e8c70bb527.jpg,954,1014,0.9408,square-ish,91.309,91.623,80.543,0.354,0.2112,0.2377,23.2158,0.2785,85b53061b6c6e6b6,6
58,C:\Users\lalad\OneDrive\Desktop\Pinterest-всякое\pin_0058_11f1f505b09f.jpg,pin_0058_11f1f505b09f.jpg,736,736,1.0,square-ish,153.622,124.903,115.437,0.5193,0.3287,0.2658,42.1741,0.1574,e0b15edca3299e52,6
59,C:\Users\lalad\OneDrive\Desktop\Pinterest-всякое\pin_0059_596315317f0c.jpg,pin_0059_596315317f0c.jpg,800,1123,0.7124,portrait,167.511,125.385,74.402,0.5183,0.5581,0.2459,78.7149,0.1474,800f5063772e5edb,10
60,C:\Users\lalad\OneDrive\Desktop\Pinterest-всякое\pin_0060_db180fcaf75e.jpg,pin_0060_db180fcaf75e.jpg,543,398,1.3643,landscape,121.964,115.479,107.329,0.4568,0.2631,0.3104,20.4486,0.1063,90b5397c4c4c6e97,8
61,C:\Users\lalad\OneDrive\Desktop\Pinterest-всякое\pin_0061_b905cafdfe1f.jpg,pin_0061_b905cafdfe1f.jpg,720,405,1.7778,landscape,174.222,152.14,146.154,0.6199,0.1905,0.2165,49.2412,0.1576,a053d5943e6ae98b,8
62,C:\Users\lalad\OneDrive\Desktop\Pinterest-всякое\pin_0062_273c16d7586e.jpg,pin_0062_273c16d7586e.jpg,1206,1198,1.0067,square-ish,148.706,149.501,151.945,0.5863,0.028,0.2513,2.6371,0.1259,c350d73898f6e09d,3
63,C:\Users\lalad\OneDrive\Desktop\Pinterest-всякое\pin_0063_0b7ad9b3ab92.jpg,pin_0063_0b7ad9b3ab92.jpg,736,1313,0.5605,portrait,94.691,94.733,85.885,0.3674,0.2115,0.2767,20.5175,0.1633,bbd5a563a42299e2,9
64,C:\Users\lalad\OneDrive\Desktop\Pinterest-всякое\pin_0064_4ed265e42adb.jpg,pin_0064_4ed265e42adb.jpg,1388,1494,0.929,square-ish,72.132,65.247,55.175,0.2594,0.4781,0.2096,34.1819,0.1448,fd0337a3c0b99aa4,0
65,C:\Users\lalad\OneDrive\Desktop\Pinterest-всякое\pin_0065_d138358c5243.jpg,pin_0065_d138358c5243.jpg,1200,1200,1.0,square-ish,139.26,138.839,148.114,0.5492,0.1032,0.329,10.7902,0.1079,f19e8c38c172ad74,5
66,C:\Users\lalad\OneDrive\Desktop\Pinterest-всякое\pin_0066_ecdca34bbb89.jpg,pin_0066_ecdca34bbb89.jpg,1440,1440,1.0,square-ish,77.23,76.921,76.136,0.3016,0.4291,0.3554,19.1079,0.0367,bef64829f402fd11,1
67,C:\Users\lalad\OneDrive\Desktop\Pinterest-всякое\pin_0067_f3d9e4fe0d48.jpg,pin_0067_f3d9e4fe0d48.jpg,1024,1024,1.0,square-ish,171.273,145.629,137.551,0.5977,0.2289,0.2767,31.3009,0.1227,c8ce2fd89b0b9833,7
68,C:\Users\lalad\OneDrive\Desktop\Pinterest-всякое\pin_0068_22bea8481c5a.jpg,pin_0068_22bea8481c5a.jpg,557,494,1.1275,square-ish,129.541,123.474,121.435,0.4904,0.1103,0.0945,11.0859,0.0133,95e0c05fb85d911f,2
69,C:\Users\lalad\OneDrive\Desktop\Pinterest-всякое\pin_0069_4b32d3fed8cb.png,pin_0069_4b32d3fed8cb.png,1024,1024,1.0,square-ish,206.68,189.653,187.643,0.7628,0.1935,0.1653,34.8532,0.0905,b7e0c519bebc8311,11
70,C:\Users\lalad\OneDrive\Desktop\Pinterest-всякое\pin_0070_bcea02558aa2.jpg,pin_0070_bcea02558aa2.jpg,1440,1440,1.0,square-ish,185.776,183.697,175.85,0.7193,0.079,0.206,16.4438,0.1497,c270fda1105edf86,3
71,C:\Users\lalad\OneDrive\Desktop\Pinterest-всякое\pin_0071_f45184b21101.jpg,pin_0071_f45184b21101.jpg,735,676,1.0873,square-ish,164.419,139.381,132.453,0.5729,0.2309,0.2756,28.881,0.111,c0736ed7028c9f6c,8
72,C:\Users\lalad\OneDrive\Desktop\Pinterest-всякое\pin_0072_4ca977fc7485.jpg,pin_0072_4ca977fc7485.jpg,690,690,1.0,square-ish,191.243,180.666,172.761,0.7173,0.2354,0.1986,38.0133,0.1315,8f37884126f6b999,7
73,C:\Users\lalad\OneDrive\Desktop\Pinterest-всякое\pin_0073_3e3d7311fb5e.jpg,pin_0073_3e3d7311fb5e.jpg,474,355,1.3352,landscape,128.086,85.808,91.139,0.3884,0.3647,0.2772,59.8988,0.1091,fb3fc7048cd21d0c,8
74,C:\Users\lalad\OneDrive\Desktop\Pinterest-всякое\pin_0074_b5bf63ff643e.jpg,pin_0074_b5bf63ff643e.jpg,603,804,0.75,portrait,74.931,68.285,59.693,0.2716,0.2941,0.2588,12.9315,0.0466,9967b99966349869,1
75,C:\Users\lalad\OneDrive\Desktop\Pinterest-всякое\pin_0075_1c176180ce07.jpg,pin_0075_1c176180ce07.jpg,722,800,0.9025,square-ish,112.654,102.493,90.554,0.4085,0.2189,0.1539,52.4004,0.0579,a5bfffda98168080,1
76,C:\Users\lalad\OneDrive\Desktop\Pinterest-всякое\pin_0076_105f28db0e66.jpg,pin_0076_105f28db0e66.jpg,1199,879,1.3641,landscape,127.279,148.302,172.852,0.5679,0.3614,0.2088,51.7284,0.0958,cc3fb1c226f8b164,8
77,C:\Users\lalad\OneDrive\Desktop\Pinterest-всякое\pin_0077_564a22fdead9.jpg,pin_0077_564a22fdead9.jpg,735,490,1.5,landscape,151.345,141.856,136.735,0.565,0.1104,0.2258,23.4361,0.1019,c4b209cf3ad9cccc,8
78,C:\Users\lalad\OneDrive\Desktop\Pinterest-всякое\pin_0078_2c07594dbe6f.jpg,pin_0078_2c07594dbe6f.jpg,736,552,1.3333,landscape,113.065,112.938,104.903,0.4395,0.193,0.213,21.9205,0.2332,ec83b93d7698181d,6
79,C:\Users\lalad\OneDrive\Desktop\Pinterest-всякое\pin_0079_0aaee2de2c52.jpg,pin_0079_0aaee2de2c52.jpg,640,640,1.0,square-ish,170.54,141.449,141.617,0.589,0.2379,0.3286,48.0756,0.1367,e4436f8a80dce87e,7
80,C:\Users\lalad\OneDrive\Desktop\Pinterest-всякое\pin_0080_958e0a0dd478.jpg,pin_0080_958e0a0dd478.jpg,1170,1139,1.0272,square-ish,54.798,54.782,54.781,0.2148,0.0013,0.2362,0.5141,0.0727,c03f1fcc43393b4c,1
81,C:\Users\lalad\OneDrive\Desktop\Pinterest-всякое\pin_0081_78c78605922a.jpg,pin_0081_78c78605922a.jpg,828,607,1.3641,landscape,118.96,116.92,68.96,0.4394,0.4524,0.2483,57.8704,0.0907,85947a63326e6bc3,4
82,C:\Users\lalad\OneDrive\Desktop\Pinterest-всякое\pin_0082_864c419b59bc.jpg,pin_0082_864c419b59bc.jpg,1602,1294,1.238,landscape,169.219,158.787,131.2,0.6226,0.3512,0.3047,49.6933,0.1251,b8f04ecc8d2bd631,8
83,C:\Users\lalad\OneDrive\Desktop\Pinterest-всякое\pin_0083_b1712aa2df3b.jpg,pin_0083_b1712aa2df3b.jpg,736,893,0.8242,square-ish,233.944,222.146,193.461,0.8722,0.1935,0.1874,60.5814,0.0835,eb9e64b0cc349966,11
84,C:\Users\lalad\OneDrive\Desktop\Pinterest-всякое\pin_0084_65c6e3275ae4.jpg,pin_0084_65c6e3275ae4.jpg,736,458,1.607,landscape,159.736,170.026,171.136,0.6552,0.1323,0.2121,25.0493,0.1472,f271ccbe304be720,8
85,C:\Users\lalad\OneDrive\Desktop\Pinterest-всякое\pin_0085_3d8d80905326.jpg,pin_0085_3d8d80905326.jpg,572,656,0.872,square-ish,132.605,137.564,102.326,0.5178,0.4216,0.3339,84.4091,0.1023,cc0c53f0f3232cd7,10
86,C:\Users\lalad\OneDrive\Desktop\Pinterest-всякое\pin_0086_287fad0a7ef2.png,pin_0086_287fad0a7ef2.png,500,376,1.3298,landscape,96.622,126.551,123.24,0.4597,0.3558,0.2452,43.7008,0.2112,c9e9a4163287eda6,6
87,C:\Users\lalad\OneDrive\Desktop\Pinterest-всякое\pin_0087_a2383fe9588e.jpg,pin_0087_a2383fe9588e.jpg,1080,703,1.5363,landscape,104.442,118.716,121.643,0.4501,0.2958,0.2492,18.0475,0.1195,f5c7426c91622bad,8
88,C:\Users\lalad\OneDrive\Desktop\Pinterest-всякое\pin_0088_bb8593267421.jpg,pin_0088_bb8593267421.jpg,1200,751,1.5979,landscape,84.103,80.882,70.507,0.3163,0.2073,0.1683,16.4704,0.0835,c73f583c8023957d,1
89,C:\Users\lalad\OneDrive\Desktop\Pinterest-всякое\pin_0089_387a780d9197.jpg,pin_0089_387a780d9197.jpg,1027,1013,1.0138,square-ish,154.72,144.678,120.345,0.5683,0.257,0.2968,39.2756,0.1928,f85a85e57c7a0e22,6
90,C:\Users\lalad\OneDrive\Desktop\Pinterest-всякое\pin_0090_a8c65da40950.jpg,pin_0090_a8c65da40950.jpg,1179,1139,1.0351,square-ish,168.234,163.56,159.922,0.6452,0.0801,0.2913,17.8712,0.1075,adb819a1d88fcc27,3
91,C:\Users\lalad\OneDrive\Desktop\Pinterest-всякое\pin_0091_45c59843b3d3.jpg,pin_0091_45c59843b3d3.jpg,1024,1002,1.022,square-ish,87.585,84.716,79.42,0.3332,0.2028,0.231,13.4884,0.0737,c669c396672e5836,1
92,C:\Users\lalad\OneDrive\Desktop\Pinterest-всякое\pin_0092_1776ceb36da0.jpg,pin_0092_1776ceb36da0.jpg,736,738,0.9973,square-ish,225.829,224.359,219.814,0.8795,0.0449,0.1668,13.9207,0.0707,b838b137c7c6cb88,11
93,C:\Users\lalad\OneDrive\Desktop\Pinterest-всякое\pin_0093_36b302a76641.jpg,pin_0093_36b302a76641.jpg,1440,1440,1.0,square-ish,148.029,169.251,179.952,0.6436,0.172,0.1668,37.7435,0.0672,a43c383dcd0bd9d2,2
94,C:\Users\lalad\OneDrive\Desktop\Pinterest-всякое\pin_0094_178ad418bbba.jpg,pin_0094_178ad418bbba.jpg,400,517,0.7737,portrait,142.816,133.711,120.957,0.5293,0.2178,0.2369,25.5728,0.145,bb914cb046e3997c,7
95,C:\Users\lalad\OneDrive\Desktop\Pinterest-всякое\pin_0095_6f3ae404eda7.png,pin_0095_6f3ae404eda7.png,1269,952,1.333,landscape,126.386,126.644,118.505,0.4927,0.1084,0.168,13.1679,0.0414,d272e5167661a18f,8
96,C:\Users\lalad\OneDrive\Desktop\Pinterest-всякое\pin_0096_6d9f31787635.jpg,pin_0096_6d9f31787635.jpg,750,586,1.2799,landscape,121.234,124.768,118.08,0.4822,0.1182,0.3107,9.9139,0.0762,abe0979cd41bd81a,5
97,C:\Users\lalad\OneDrive\Desktop\Pinterest-всякое\pin_0097_17ec44182312.jpg,pin_0097_17ec44182312.jpg,256,256,1.0,square-ish,128.023,113.354,98.936,0.4553,0.2419,0.1259,19.4005,0.0298,d23c5bc4303f235b,2
98,C:\Users\lalad\OneDrive\Desktop\Pinterest-всякое\pin_0098_5be69a2781e0.jpg,pin_0098_5be69a2781e0.jpg,736,736,1.0,square-ish,88.237,84.092,78.843,0.3323,0.0931,0.3419,20.2405,0.0701,9a15ec8af0af262b,5
99,C:\Users\lalad\OneDrive\Desktop\Pinterest-всякое\pin_0099_a3f8c17611c7.jpg,pin_0099_a3f8c17611c7.jpg,736,724,1.0166,square-ish,111.11,77.541,48.513,0.3305,0.64,0.1953,63.4942,0.0933,dcee6e9462436c52,4
100,C:\Users\lalad\OneDrive\Desktop\Pinterest-всякое\pin_0100_d521f3fd5a24.jpg,pin_0100_d521f3fd5a24.jpg,1461,1419,1.0296,square-ish,122.713,157.436,209.827,0.6001,0.4759,0.2323,91.8666,0.037,85c5494713676f3c,10
101,C:\Users\lalad\OneDrive\Desktop\Pinterest-всякое\pin_0101_5dfd8a2456a5.jpg,pin_0101_5dfd8a2456a5.jpg,360,270,1.3333,landscape,232.207,216.745,201.153,0.8611,0.1663,0.217,58.5256,0.0477,bcb5c3c14d3e3438,11
102,C:\Users\lalad\OneDrive\Desktop\Pinterest-всякое\pin_0102_501d9206370b.jpg,pin_0102_501d9206370b.jpg,798,531,1.5028,landscape,168.208,144.71,102.173,0.5761,0.4865,0.1881,56.6585,0.1221,bf68c6c08cc0ecdb,10
103,C:\Users\lalad\OneDrive\Desktop\Pinterest-всякое\pin_0103_e52fa7f1c958.gif,pin_0103_e52fa7f1c958.gif,200,200,1.0,square-ish,144.547,149.44,172.801,0.5908,0.2656,0.2405,38.8946,0.1054,96159f53621c9c37,2
104,C:\Users\lalad\OneDrive\Desktop\Pinterest-всякое\pin_0104_bfdec697030f.jpg,pin_0104_bfdec697030f.jpg,1280,958,1.3361,landscape,186.718,197.353,221.205,0.7721,0.1605,0.183,40.6388,0.1269,e3e47f9b194a0e60,11
105,C:\Users\lalad\OneDrive\Desktop\Pinterest-всякое\pin_0105_72e1a3ec507b.jpg,pin_0105_72e1a3ec507b.jpg,1200,960,1.25,landscape,144.979,130.713,126.879,0.5276,0.1716,0.2184,31.6374,0.116,ddc0e22d96729965,8
106,C:\Users\lalad\OneDrive\Desktop\Pinterest-всякое\pin_0106_d80c2b9d2a3b.jpg,pin_0106_d80c2b9d2a3b.jpg,735,727,1.011,square-ish,168.507,186.872,231.421,0.7311,0.2671,0.1438,44.1878,0.0905,c6917b661f641999,2
107,C:\Users\lalad\OneDrive\Desktop\Pinterest-всякое\pin_0107_ca8b1ec782ea.jpg,pin_0107_ca8b1ec782ea.jpg,440,302,1.457,landscape,177.426,141.64,115.123,0.5856,0.3788,0.2085,74.1651,0.1475,aeb87408e6cbe493,10
108,C:\Users\lalad\OneDrive\Desktop\Pinterest-всякое\pin_0108_5a94fe16e0be.jpg,pin_0108_5a94fe16e0be.jpg,480,514,0.9339,square-ish,157.792,131.36,75.085,0.521,0.6035,0.2598,76.7979,0.2369,eec190d4a3a8edaa,10
109,C:\Users\lalad\OneDrive\Desktop\Pinterest-всякое\pin_0109_3ebf7c099eae.jpg,pin_0109_3ebf7c099eae.jpg,410,410,1.0,square-ish,199.857,171.255,160.781,0.7005,0.2519,0.2207,48.356,0.0868,b8b838c966e63399,2
110,C:\Users\lalad\OneDrive\Desktop\Pinterest-всякое\pin_0110_2fb978297530.jpg,pin_0110_2fb978297530.jpg,600,461,1.3015,landscape,145.931,153.334,137.809,0.5856,0.2326,0.238,41.3436,0.0656,bbc106ce3620d8bf,8
111,C:\Users\lalad\OneDrive\Desktop\Pinterest-всякое\pin_0111_015c9d9bc29c.jpg,pin_0111_015c9d9bc29c.jpg,427,500,0.854,square-ish,203.73,175.774,156.287,0.7134,0.3363,0.2054,67.5142,0.0451,bcd5d2c88d49ccc6,2
112,C:\Users\lalad\OneDrive\Desktop\Pinterest-всякое\pin_0112_55b07efdf88e.jpg,pin_0112_55b07efdf88e.jpg,263,280,0.9393,square-ish,173.999,90.404,103.47,0.4584,0.5331,0.0955,56.0592,0.0182,ca26f51a429939ed,4
113,C:\Users\lalad\OneDrive\Desktop\Pinterest-всякое\pin_0113_52f43f42c4c5.gif,pin_0113_52f43f42c4c5.gif,481,480,1.0021,square-ish,185.182,152.903,104.191,0.6157,0.4823,0.226,84.722,0.1542,c0c83fd679b4f2a0,10
114,C:\Users\lalad\OneDrive\Desktop\Pinterest-всякое\pin_0114_d4994f09ec77.jpg,pin_0114_d4994f09ec77.jpg,735,492,1.4939,landscape,172.944,121.054,63.543,0.5099,0.6512,0.1696,80.3337,0.1579,c1e097d96937b134,10
115,C:\Users\lalad\OneDrive\Desktop\Pinterest-всякое\pin_0115_208d5a76029d.jpg,pin_0115_208d5a76029d.jpg,828,967,0.8563,square-ish,120.69,97.215,88.255,0.4048,0.3435,0.2921,35.0071,0.1659,d1f490732d35370d,6
116,C:\Users\lalad\OneDrive\Desktop\Pinterest-всякое\pin_0116_2612d40a3e1e.jpg,pin_0116_2612d40a3e1e.jpg,476,1129,0.4216,portrait,229.265,229.265,229.265,0.8991,0.0,0.1511,0.0,0.16,af9234a57985395a,11
117,C:\Users\lalad\OneDrive\Desktop\Pinterest-всякое\pin_0117_f1c300daa27c.jpg,pin_0117_f1c300daa27c.jpg,1536,2048,0.75,portrait,64.497,58.89,78.607,0.2463,0.3136,0.1032,29.9381,0.0396,ba3055cf15ebc88c,0
118,C:\Users\lalad\OneDrive\Desktop\Pinterest-всякое\pin_0118_e68f05cbbabb.jpg,pin_0118_e68f05cbbabb.jpg,1728,1200,1.44,landscape,197.802,173.466,175.846,0.7099,0.2007,0.3143,39.4808,0.128,b56c61b3b098c9b3,3
119,C:\Users\lalad\OneDrive\Desktop\Pinterest-всякое\pin_0119_0236c0b46517.jpg,pin_0119_0236c0b46517.jpg,735,524,1.4027,landscape,183.699,180.994,174.129,0.7099,0.0853,0.1791,19.1499,0.0905,94d16b4c3c4b969e,11
120,C:\Users\lalad\OneDrive\Desktop\Pinterest-всякое\pin_0120_bc189014aa18.webp,pin_0120_bc189014aa18.webp,1125,1035,1.087,square-ish,231.517,227.015,227.616,0.8957,0.0443,0.1935,15.5026,0.0713,ea639d9c644b3325,11
121,C:\Users\lalad\OneDrive\Desktop\Pinterest-всякое\pin_0121_d1a59da713d7.jpg,pin_0121_d1a59da713d7.jpg,474,474,1.0,square-ish,176.049,148.554,100.904,0.5935,0.5114,0.24,100.6357,0.1986,d2d24b053a6d8d37,10
122,C:\Users\lalad\OneDrive\Desktop\Pinterest-всякое\pin_0122_1fed055ea937.jpg,pin_0122_1fed055ea937.jpg,1290,829,1.5561,landscape,93.564,92.82,105.677,0.3706,0.2361,0.2096,19.513,0.1369,93642c9c9366bd1b,8
123,C:\Users\lalad\OneDrive\Desktop\Pinterest-всякое\pin_0123_28a439f7d00a.jpg,pin_0123_28a439f7d00a.jpg,1179,1131,1.0424,square-ish,164.055,158.453,152.937,0.6255,0.1696,0.2134,23.8335,0.0963,9f7c7083c906a7b1,2
124,C:\Users\lalad\OneDrive\Desktop\Pinterest-всякое\pin_0124_11e1b6ad9e74.jpg,pin_0124_11e1b6ad9e74.jpg,2020,2048,0.9863,square-ish,234.457,234.457,234.457,0.9194,0.0,0.1971,0.0,0.0971,ecb6924885c9ceb5,11
125,C:\Users\lalad\OneDrive\Desktop\Pinterest-всякое\pin_0125_30867e487467.jpg,pin_0125_30867e487467.jpg,1200,1800,0.6667,portrait,70.179,70.179,70.179,0.2752,0.0,0.2244,0.0,0.0606,885f30d94eb4599e,1
126,C:\Users\lalad\OneDrive\Desktop\Pinterest-всякое\pin_0126_275b097688ee.jpg,pin_0126_275b097688ee.jpg,1137,1825,0.623,portrait,134.699,114.818,96.497,0.4654,0.3389,0.2242,26.7393,0.0656,bef1e0a23722d2c3,9
127,C:\Users\lalad\OneDrive\Desktop\Pinterest-всякое\pin_0127_3e812b847260.jpg,pin_0127_3e812b847260.jpg,580,705,0.8227,square-ish,138.238,137.129,131.245,0.5364,0.316,0.2293,36.9519,0.0852,bab244713f8fc8e0,2
128,C:\Users\lalad\OneDrive\Desktop\Pinterest-всякое\pin_0128_e7624f6ab4b9.jpg,pin_0128_e7624f6ab4b9.jpg,720,722,0.9972,square-ish,148.129,146.061,143.926,0.5743,0.1568,0.2433,20.7691,0.1335,e1e55142dcde2f82,7
129,C:\Users\lalad\OneDrive\Desktop\Pinterest-всякое\pin_0129_854140094047.jpg,pin_0129_854140094047.jpg,2000,2000,1.0,square-ish,62.807,95.108,103.428,0.3388,0.5653,0.2955,72.219,0.1686,a24f6ca44fac9c95,6
130,C:\Users\lalad\OneDrive\Desktop\Pinterest-всякое\pin_0130_294da344909f.jpg,pin_0130_294da344909f.jpg,2048,2048,1.0,square-ish,60.85,33.726,27.372,0.1613,0.6914,0.2072,67.2723,0.0748,9a33332cec89f326,4
131,C:\Users\lalad\OneDrive\Desktop\Pinterest-всякое\pin_0131_23ebbc576081.jpg,pin_0131_23ebbc576081.jpg,680,606,1.1221,square-ish,94.261,94.452,93.433,0.3697,0.0955,0.2221,7.8526,0.058,8fe23198ceb4ce46,1
132,C:\Users\lalad\OneDrive\Desktop\Pinterest-всякое\pin_0132_f510e9a8de99.jpg,pin_0132_f510e9a8de99.jpg,1957,2894,0.6762,portrait,118.762,107.516,93.686,0.4287,0.2105,0.3134,25.9594,0.059,a0f6c28d7d589359,9
133,C:\Users\lalad\OneDrive\Desktop\Pinterest-всякое\pin_0133_1101826cf5f8.png,pin_0133_1101826cf5f8.png,600,571,1.0508,square-ish,188.462,175.471,167.417,0.6998,0.2773,0.3077,87.3922,0.132,aeb59166664cb193,10
134,C:\Users\lalad\OneDrive\Desktop\Pinterest-всякое\pin_0134_c791eb18dca1.jpg,pin_0134_c791eb18dca1.jpg,544,544,1.0,square-ish,208.23,181.019,183.187,0.7428,0.2285,0.3462,49.6942,0.036,bcf0d30fcc0cf434,3
135,C:\Users\lalad\OneDrive\Desktop\Pinterest-всякое\pin_0135_a44f8a9c96bf.jpg,pin_0135_a44f8a9c96bf.jpg,736,736,1.0,square-ish,111.516,111.129,88.575,0.4261,0.2551,0.3425,33.9573,0.0926,9b6671a4cfab5148,5
136,C:\Users\lalad\OneDrive\Desktop\Pinterest-всякое\pin_0136_481d89cbddca.jpg,pin_0136_481d89cbddca.jpg,1440,1440,1.0,square-ish,135.136,111.899,80.664,0.4522,0.5349,0.3326,41.7743,0.0897,a5b34de5418ddc0d,4
137,C:\Users\lalad\OneDrive\Desktop\Pinterest-всякое\pin_0137_59747975d22b.jpg,pin_0137_59747975d22b.jpg,600,450,1.3333,landscape,136.405,121.361,114.616,0.4906,0.2004,0.2562,35.7935,0.1837,a7eac8aab7c024bc,6
138,C:\Users\lalad\OneDrive\Desktop\Pinterest-всякое\pin_0138_b4176074333f.jpg,pin_0138_b4176074333f.jpg,797,1200,0.6642,portrait,57.608,67.212,57.443,0.248,0.2859,0.2453,21.9012,0.1071,9a3c636a9e921dc3,9
139,C:\Users\lalad\OneDrive\Desktop\Pinterest-всякое\pin_0139_aacb964042de.jpg,pin_0139_aacb964042de.jpg,600,600,1.0,square-ish,119.036,106.11,106.684,0.4315,0.1926,0.2013,28.3175,0.0527,eec9712256ae72e0,1
140,C:\Users\lalad\OneDrive\Desktop\Pinterest-всякое\pin_0140_54f670005ed7.jpg,pin_0140_54f670005ed7.jpg,900,1200,0.75,portrait,149.524,151.757,127.787,0.5818,0.2369,0.2672,36.1044,0.155,a86da6654586c67e,7
141,C:\Users\lalad\OneDrive\Desktop\Pinterest-всякое\pin_0141_5e8496d033e3.jpg,pin_0141_5e8496d033e3.jpg,736,710,1.0366,square-ish,135.894,104.782,91.271,0.4413,0.4308,0.2507,43.3347,0.0439,af9c42bdc6e20569,4
142,C:\Users\lalad\OneDrive\Desktop\Pinterest-всякое\pin_0142_68e2816e520c.jpg,pin_0142_68e2816e520c.jpg,945,717,1.318,landscape,81.826,75.686,66.662,0.2999,0.3233,0.1887,19.5535,0.0986,c578722ce187792b,1
143,C:\Users\lalad\OneDrive\Desktop\Pinterest-всякое\pin_0143_e5e030246fbf.jpg,pin_0143_e5e030246fbf.jpg,1488,1984,0.75,portrait,164.118,89.792,44.505,0.419,0.7671,0.2651,99.1527,0.0148,c1c31f3042bfacbc,4
144,C:\Users\lalad\OneDrive\Desktop\Pinterest-всякое\pin_0144_fe0c0e89348c.jpg,pin_0144_fe0c0e89348c.jpg,1080,709,1.5233,landscape,140.276,105.26,87.784,0.446,0.4489,0.2499,61.5819,0.0648,cff3e8c4ce352818,8
145,C:\Users\lalad\OneDrive\Desktop\Pinterest-всякое\pin_0145_e8bea96e640c.jpg,pin_0145_e8bea96e640c.jpg,1258,710,1.7718,landscape,96.4,68.675,35.763,0.2871,0.6459,0.2192,53.4457,0.0869,c87c31f1998e9c39,4
146,C:\Users\lalad\OneDrive\Desktop\Pinterest-всякое\pin_0146_05d1683947d6.png,pin_0146_05d1683947d6.png,750,764,0.9817,square-ish,125.723,91.753,60.24,0.3856,0.5595,0.301,64.2901,0.0974,c4327bc14b0f3a3b,4
147,C:\Users\lalad\OneDrive\Desktop\Pinterest-всякое\pin_0147_bd3f75d5ee20.jpg,pin_0147_bd3f75d5ee20.jpg,837,720,1.1625,square-ish,101.349,59.865,34.415,0.272,0.5633,0.2576,82.1632,0.0572,931098c7736f66d2,4
148,C:\Users\lalad\OneDrive\Desktop\Pinterest-всякое\pin_0148_8b1aab54b827.jpg,pin_0148_8b1aab54b827.jpg,640,480,1.3333,landscape,81.547,66.308,37.627,0.2651,0.5727,0.2255,50.0308,0.1027,fc3e08ec7788b452,4
149,C:\Users\lalad\OneDrive\Desktop\Pinterest-всякое\pin_0149_bfa24479a37a.jpg,pin_0149_bfa24479a37a.jpg,922,1450,0.6359,portrait,174.625,173.522,147.72,0.6704,0.2057,0.2486,42.8916,0.1153,812b34b75aeac9b4,7
150,C:\Users\lalad\OneDrive\Desktop\Pinterest-всякое\pin_0150_bb53d8d6f8da.jpg,pin_0150_bb53d8d6f8da.jpg,356,360,0.9889,square-ish,158.58,31.349,33.401,0.273,0.8733,0.2091,89.1786,0.0306,aaa4fbf580df018a,4
151,C:\Users\lalad\OneDrive\Desktop\Pinterest-всякое\pin_0151_19f29003890f.jpg,pin_0151_19f29003890f.jpg,225,225,1.0,square-ish,126.036,116.256,106.43,0.4631,0.2012,0.2382,14.8527,0.0211,afd294a5c09dca9a,1
152,C:\Users\lalad\OneDrive\Desktop\Pinterest-всякое\pin_0152_46ba7b74dc96.jpg,pin_0152_46ba7b74dc96.jpg,750,591,1.269,landscape,172.385,172.468,166.965,0.6738,0.0721,0.2791,9.124,0.0374,faa59e8197dac025,3
153,C:\Users\lalad\OneDrive\Desktop\Pinterest-всякое\pin_0153_6ae3ea3d85e0.jpg,pin_0153_6ae3ea3d85e0.jpg,474,356,1.3315,landscape,184.483,177.444,173.794,0.7026,0.1286,0.323,17.6173,0.1325,e9d7cc8294ed0e29,3
154,C:\Users\lalad\OneDrive\Desktop\Pinterest-всякое\pin_0154_de371fd8da71.jpg,pin_0154_de371fd8da71.jpg,626,900,0.6956,portrait,153.772,120.706,100.043,0.5029,0.473,0.1804,73.6132,0.1679,8c3776f01d516647,10
155,C:\Users\lalad\OneDrive\Desktop\Pinterest-всякое\pin_0155_135ad87321a3.jpg,pin_0155_135ad87321a3.jpg,1085,1079,1.0056,square-ish,116.245,105.023,99.416,0.4226,0.1937,0.2235,13.6889,0.009,ef949ae1819215cf,1
156,C:\Users\lalad\OneDrive\Desktop\Pinterest-всякое\pin_0156_4025c31e1f6f.jpg,pin_0156_4025c31e1f6f.jpg,1200,1178,1.0187,square-ish,153.124,146.607,147.612,0.583,0.4268,0.2768,83.1195,0.1782,c475b2747f197828,10
157,C:\Users\lalad\OneDrive\Desktop\Pinterest-всякое\pin_0157_10169c2bbcec.jpg,pin_0157_10169c2bbcec.jpg,625,612,1.0212,square-ish,103.064,96.232,91.852,0.3836,0.2101,0.1916,23.4944,0.0117,ff4d9ae080ba21e9,1
158,C:\Users\lalad\OneDrive\Desktop\Pinterest-всякое\pin_0158_8bea4fb8b1cb.jpg,pin_0158_8bea4fb8b1cb.jpg,1284,1170,1.0974,square-ish,127.568,112.63,109.363,0.4577,0.2194,0.2373,19.1659,0.0193,ff94a491d1e48aca,1
159,C:\Users\lalad\OneDrive\Desktop\Pinterest-всякое\pin_0159_80235c9874cd.jpg,pin_0159_80235c9874cd.jpg,736,742,0.9919,square-ish,149.748,136.671,126.296,0.5467,0.1892,0.2344,28.5785,0.1278,cd52b08f8fb84a35,7
160,C:\Users\lalad\OneDrive\Desktop\Pinterest-всякое\pin_0160_9a60a5ffc493.jpg,pin_0160_9a60a5ffc493.jpg,1920,1859,1.0328,square-ish,99.62,77.133,102.66,0.3403,0.3995,0.2461,26.213,0.0547,c3e4f01a1b8f1f1c,1
161,C:\Users\lalad\OneDrive\Desktop\Pinterest-всякое\pin_0161_975ecc310969.png,pin_0161_975ecc310969.png,1024,1024,1.0,square-ish,73.508,63.639,53.008,0.2564,0.2524,0.2622,33.2273,0.1481,c5323e3c786c132f,6
162,C:\Users\lalad\OneDrive\Desktop\Pinterest-всякое\pin_0162_5df875a42036.jpg,pin_0162_5df875a42036.jpg,735,539,1.3636,landscape,99.712,101.528,105.625,0.3979,0.2076,0.2473,16.3602,0.0979,c4c79c7033a7738c,8
163,C:\Users\lalad\OneDrive\Desktop\Pinterest-всякое\pin_0163_f14b08bb5e61.jpg,pin_0163_f14b08bb5e61.jpg,503,489,1.0286,square-ish,50.365,42.497,36.918,0.1734,0.3244,0.2541,23.5884,0.1394,c6303e3ddf603236,0
164,C:\Users\lalad\OneDrive\Desktop\Pinterest-всякое\pin_0164_512c750d5bcb.jpg,pin_0164_512c750d5bcb.jpg,1206,1206,1.0,square-ish,176.378,168.163,144.99,0.6586,0.2532,0.2544,35.3146,0.0917,a4b512c3b54f8975,2
165,C:\Users\lalad\OneDrive\Desktop\Pinterest-всякое\pin_0165_2ed17105ae1d.jpg,pin_0165_2ed17105ae1d.jpg,735,471,1.5605,landscape,93.885,110.011,125.855,0.4196,0.3574,0.2294,36.84,0.0956,841eb1312f87957b,8
166,C:\Users\lalad\OneDrive\Desktop\Pinterest-всякое\pin_0166_2f24c3683309.jpg,pin_0166_2f24c3683309.jpg,1686,1230,1.3707,landscape,137.359,150.518,169.571,0.5833,0.2309,0.2107,18.9356,0.0553,de206f58518fbc31,8
167,C:\Users\lalad\OneDrive\Desktop\Pinterest-всякое\pin_0167_4450ab7edf31.jpg,pin_0167_4450ab7edf31.jpg,1345,1541,0.8728,square-ish,194.934,184.069,176.787,0.7313,0.204,0.197,38.2612,0.2063,af1e9c90993ed851,7
168,C:\Users\lalad\OneDrive\Desktop\Pinterest-всякое\pin_0168_ce2ae816e5fc.jpg,pin_0168_ce2ae816e5fc.jpg,1596,2048,0.7793,portrait,117.886,114.873,105.679,0.4499,0.1437,0.3946,46.3281,0.1732,d02b3f783c706995,5
169,C:\Users\lalad\OneDrive\Desktop\Pinterest-всякое\pin_0169_e50cd9fe4ebe.jpg,pin_0169_e50cd9fe4ebe.jpg,650,959,0.6778,portrait,172.649,171.259,169.871,0.6726,0.0499,0.4527,10.2347,0.0623,f289b562c95ac336,5
170,C:\Users\lalad\OneDrive\Desktop\Pinterest-всякое\pin_0170_38c34cc2c384.jpg,pin_0170_38c34cc2c384.jpg,636,1075,0.5916,portrait,206.129,185.399,172.358,0.7455,0.2566,0.2928,61.3266,0.1364,ab7dc022e59af207,7
171,C:\Users\lalad\OneDrive\Desktop\Pinterest-всякое\pin_0171_1d6a6158e068.jpg,pin_0171_1d6a6158e068.jpg,736,1104,0.6667,portrait,20.295,20.713,15.601,0.0783,0.3989,0.1168,11.2174,0.017,8a6a555d8aa257d5,0
172,C:\Users\lalad\OneDrive\Desktop\Pinterest-всякое\pin_0172_52ff6c4965f9.jpg,pin_0172_52ff6c4965f9.jpg,1050,1050,1.0,square-ish,174.208,166.757,173.36,0.6656,0.1343,0.265,23.5009,0.1492,cbd24d555685b49a,3
173,C:\Users\lalad\OneDrive\Desktop\Pinterest-всякое\pin_0173_326969207906.jpg,pin_0173_326969207906.jpg,680,561,1.2121,square-ish,235.843,235.843,235.843,0.9249,0.0,0.1964,0.0,0.0821,e63399656663334c,11
174,C:\Users\lalad\OneDrive\Desktop\Pinterest-всякое\pin_0174_8cf5cd30b315.jpg,pin_0174_8cf5cd30b315.jpg,735,730,1.0068,square-ish,129.431,130.563,114.093,0.5033,0.2501,0.1864,23.8049,0.0524,99e4e09beca29b4c,2
175,C:\Users\lalad\OneDrive\Desktop\Pinterest-всякое\pin_0175_5037c16b5e77.jpg,pin_0175_5037c16b5e77.jpg,3024,4032,0.75,portrait,168.451,166.027,161.872,0.6519,0.0547,0.1225,8.4801,0.0585,e9db876412712dc9,2
176,C:\Users\lalad\OneDrive\Desktop\Pinterest-всякое\pin_0176_61fd0b5401d7.jpg,pin_0176_61fd0b5401d7.jpg,1080,1920,0.5625,portrait,146.408,146.408,146.408,0.5741,0.0,0.3032,0.0,0.1953,91d8ffe0cf07308c,7
177,C:\Users\lalad\OneDrive\Desktop\Pinterest-всякое\pin_0177_d03b578cc3d8.jpg,pin_0177_d03b578cc3d8.jpg,426,600,0.71,portrait,214.761,211.562,209.778,0.8326,0.0466,0.2833,12.9798,0.1193,e99f9660cd987286,3
178,C:\Users\lalad\OneDrive\Desktop\Pinterest-всякое\pin_0178_3494bf20713b.jpg,pin_0178_3494bf20713b.jpg,1440,1920,0.75,portrait,87.969,79.103,72.424,0.3176,0.2012,0.2754,22.8587,0.0669,c497da8a2f5a23a5,9
179,C:\Users\lalad\OneDrive\Desktop\Pinterest-всякое\pin_0179_be07f707315d.jpg,pin_0179_be07f707315d.jpg,524,786,0.6667,portrait,211.005,205.259,195.103,0.8072,0.075,0.2122,10.1045,0.2307,ae2d632b76e4d085,3
180,C:\Users\lalad\OneDrive\Desktop\Pinterest-всякое\pin_0180_1d3827825ba9.jpg,pin_0180_1d3827825ba9.jpg,1506,2047,0.7357,portrait,216.198,191.19,192.503,0.7797,0.1609,0.2665,45.5801,0.0881,b8d123b3c986e78c,3
181,C:\Users\lalad\OneDrive\Desktop\Pinterest-всякое\pin_0181_6eda04232015.jpg,pin_0181_6eda04232015.jpg,736,736,1.0,square-ish,197.972,191.56,183.529,0.7551,0.1491,0.321,25.8775,0.0606,ea9595a24e6a6963,3
182,C:\Users\lalad\OneDrive\Desktop\Pinterest-всякое\pin_0182_af4be9b0dd73.jpg,pin_0182_af4be9b0dd73.jpg,1200,1200,1.0,square-ish,233.827,232.38,231.106,0.9124,0.0316,0.2373,9.8858,0.0265,b2dccd67313330cc,11
183,C:\Users\lalad\OneDrive\Desktop\Pinterest-всякое\pin_0183_01b045b5f827.jpg,pin_0183_01b045b5f827.jpg,749,936,0.8002,portrait,201.647,201.647,201.647,0.7908,0.0,0.2659,0.0,0.1635,eb63cd0f86909cc6,3
184,C:\Users\lalad\OneDrive\Desktop\Pinterest-всякое\pin_0184_8ee01b8e3b98.jpg,pin_0184_8ee01b8e3b98.jpg,1293,2020,0.6401,portrait,220.263,204.162,202.836,0.8189,0.1126,0.2398,32.816,0.0703,e59686499ac2c99f,3
185,C:\Users\lalad\OneDrive\Desktop\Pinterest-всякое\pin_0185_4cdab02d4778.jpg,pin_0185_4cdab02d4778.jpg,736,1309,0.5623,portrait,199.492,184.116,158.045,0.7284,0.2546,0.2409,36.8295,0.0909,e8f90587da5a8c39,7
186,C:\Users\lalad\OneDrive\Desktop\Pinterest-всякое\pin_0186_b83bfd910399.jpg,pin_0186_b83bfd910399.jpg,735,751,0.9787,square-ish,216.746,215.196,208.298,0.8427,0.0726,0.2497,22.313,0.0814,bfc037d01ce2e13c,3
187,C:\Users\lalad\OneDrive\Desktop\Pinterest-всякое\pin_0187_991fe624a40e.jpg,pin_0187_991fe624a40e.jpg,1069,1069,1.0,square-ish,186.064,157.782,136.251,0.6425,0.2905,0.1618,21.1171,0.0854,ac36d3d1c88b173c,2
188,C:\Users\lalad\OneDrive\Desktop\Pinterest-всякое\pin_0188_88918caae216.png,pin_0188_88918caae216.png,3464,3464,1.0,square-ish,120.431,118.622,109.324,0.4632,0.5935,0.2624,94.2713,0.2171,912ac44559ab7eea,10
189,C:\Users\lalad\OneDrive\Desktop\Pinterest-всякое\pin_0189_b8df74c31c2c.jpg,pin_0189_b8df74c31c2c.jpg,1080,1350,0.8,portrait,77.263,77.432,83.783,0.3063,0.4126,0.1876,44.187,0.1619,e0b11b78b387c07e,6
190,C:\Users\lalad\OneDrive\Desktop\Pinterest-всякое\pin_0190_8d1f9edaf33a.jpg,pin_0190_8d1f9edaf33a.jpg,584,553,1.0561,square-ish,109.581,103.072,96.385,0.4089,0.2508,0.26,23.0378,0.1513,fd272692d9d8a443,6
191,C:\Users\lalad\OneDrive\Desktop\Pinterest-всякое\pin_0191_03c701472607.jpg,pin_0191_03c701472607.jpg,736,736,1.0,square-ish,157.029,157.191,157.182,0.6162,0.0374,0.4313,1.8585,0.123,adf0b662c2679386,5
192,C:\Users\lalad\OneDrive\Desktop\Pinterest-всякое\pin_0192_2d568d02a38c.jpg,pin_0192_2d568d02a38c.jpg,736,736,1.0,square-ish,238.983,238.208,237.933,0.9349,0.0119,0.1962,4.8482,0.0417,b1cece39c6c63831,11
193,C:\Users\lalad\OneDrive\Desktop\Pinterest-всякое\pin_0193_e5c0b9dcd217.jpg,pin_0193_e5c0b9dcd217.jpg,540,540,1.0,square-ish,203.895,194.124,193.41,0.7724,0.1147,0.2155,27.1804,0.082,a146de949369d9a3,3
194,C:\Users\lalad\OneDrive\Desktop\Pinterest-всякое\pin_0194_6a480fd654d2.jpg,pin_0194_6a480fd654d2.jpg,736,736,1.0,square-ish,140.318,142.131,136.889,0.5529,0.3261,0.2316,35.277,0.0497,a11b4f3c24357c9b,2
195,C:\Users\lalad\OneDrive\Desktop\Pinterest-всякое\pin_0195_57cdc66be593.jpg,pin_0195_57cdc66be593.jpg,736,736,1.0,square-ish,109.695,101.112,79.682,0.397,0.367,0.2263,27.3466,0.1051,e858c29f8d727364,1
196,C:\Users\lalad\OneDrive\Desktop\Pinterest-всякое\pin_0196_ec883081e0a1.jpg,pin_0196_ec883081e0a1.jpg,980,1440,0.6806,portrait,217.805,206.153,193.929,0.8168,0.1835,0.171,50.9854,0.1374,be89e05c870dc69d,11
197,C:\Users\lalad\OneDrive\Desktop\Pinterest-всякое\pin_0197_e3fd6cadef57.jpg,pin_0197_e3fd6cadef57.jpg,2444,2444,1.0,square-ish,153.992,153.99,154.002,0.6039,0.0001,0.4301,0.1726,0.1389,e9e3c486da99568c,5
198,C:\Users\lalad\OneDrive\Desktop\Pinterest-всякое\pin_0198_21ea6c9b77f5.jpg,pin_0198_21ea6c9b77f5.jpg,1080,1407,0.7676,portrait,218.733,218.733,218.733,0.8578,0.0,0.1023,0.0,0.1285,bde9874a87a621d1,11
199,C:\Users\lalad\OneDrive\Desktop\Pinterest-всякое\pin_0199_ad43822a40cd.jpg,pin_0199_ad43822a40cd.jpg,859,1200,0.7158,portrait,122.964,90.638,83.852,0.3903,0.5323,0.2426,75.2916,0.3038,9ab2d28d7d6526c8,6
200,C:\Users\lalad\OneDrive\Desktop\Pinterest-всякое\pin_0200_c988dbc26cc6.png,pin_0200_c988dbc26cc6.png,2080,1398,1.4878,landscape,61.104,75.778,89.249,0.286,0.3954,0.1792,38.131,0.0564,952437c763986c67,1
201,C:\Users\lalad\OneDrive\Desktop\Pinterest-всякое\pin_0201_8eeb07872e65.jpg,pin_0201_8eeb07872e65.jpg,736,1068,0.6891,portrait,131.057,118.699,119.394,0.4803,0.1718,0.3168,30.0261,0.1792,bf34b0c28fc9c718,7
202,C:\Users\lalad\OneDrive\Desktop\Pinterest-всякое\pin_0202_1e9170d99cf1.jpg,pin_0202_1e9170d99cf1.jpg,1242,1209,1.0273,square-ish,126.417,166.442,174.079,0.6092,0.4129,0.2591,68.1956,0.0297,a33e434d5f4277a0,10
203,C:\Users\lalad\OneDrive\Desktop\Pinterest-всякое\pin_0203_4b39cca7f219.jpg,pin_0203_4b39cca7f219.jpg,1280,960,1.3333,landscape,183.855,132.954,76.783,0.556,0.5889,0.2577,91.0906,0.0836,d0ff663388c43bc4,10
204,C:\Users\lalad\OneDrive\Desktop\Pinterest-всякое\pin_0204_5e6ab44a0901.jpg,pin_0204_5e6ab44a0901.jpg,1313,1579,0.8315,square-ish,147.693,156.548,164.187,0.607,0.2135,0.2394,33.4352,0.0918,95cd3a18f02b638f,2
205,C:\Users\lalad\OneDrive\Desktop\Pinterest-всякое\pin_0205_0146956948c6.jpg,pin_0205_0146956948c6.jpg,735,590,1.2458,landscape,214.438,201.943,192.781,0.8024,0.1276,0.1768,35.2637,0.0293,bec7c2083b33cc96,11
206,C:\Users\lalad\OneDrive\Desktop\Pinterest-всякое\pin_0206_e3f5ebf53425.jpg,pin_0206_e3f5ebf53425.jpg,640,352,1.8182,landscape,145.879,161.367,193.271,0.6289,0.2589,0.1732,35.9995,0.0838,be678cc3848c65d6,8
207,C:\Users\lalad\OneDrive\Desktop\Pinterest-всякое\pin_0207_7f3747e09549.jpg,pin_0207_7f3747e09549.jpg,800,768,1.0417,square-ish,126.775,111.787,105.573,0.4535,0.171,0.1344,13.9886,0.1062,85dc772f2c24d383,2
208,C:\Users\lalad\OneDrive\Desktop\Pinterest-всякое\pin_0208_b9d1f0e39165.jpg,pin_0208_b9d1f0e39165.jpg,1212,1711,0.7084,portrait,135.501,128.524,120.06,0.5083,0.2879,0.3885,26.8173,0.0986,977a7a858d85896a,5
209,C:\Users\lalad\OneDrive\Desktop\Pinterest-всякое\pin_0209_fe9e526a28b8.jpg,pin_0209_fe9e526a28b8.jpg,1440,1080,1.3333,landscape,92.797,92.444,89.155,0.3615,0.2293,0.3114,17.3902,0.1632,d1eb66263d6920f1,6
210,C:\Users\lalad\OneDrive\Desktop\Pinterest-всякое\pin_0210_5ecbeec2a609.jpg,pin_0210_5ecbeec2a609.jpg,736,981,0.7503,portrait,91.274,89.943,72.508,0.3465,0.3693,0.2163,37.9658,0.122,a08e60a3b993db6d,9
211,C:\Users\lalad\OneDrive\Desktop\Pinterest-всякое\pin_0211_f6af4d11719c.png,pin_0211_f6af4d11719c.png,720,453,1.5894,landscape,57.762,61.347,70.736,0.2406,0.1672,0.3162,23.4568,0.101,946b7996b4456a66,1
212,C:\Users\lalad\OneDrive\Desktop\Pinterest-всякое\pin_0212_ba7741810576.jpg,pin_0212_ba7741810576.jpg,720,884,0.8145,portrait,131.524,131.496,131.619,0.5158,0.0015,0.1568,1.3446,0.1306,fb681606869b39cd,7
213,C:\Users\lalad\OneDrive\Desktop\Pinterest-всякое\pin_0213_497416a6ec83.png,pin_0213_497416a6ec83.png,1819,2048,0.8882,square-ish,212.935,212.935,212.935,0.835,0.0,0.296,0.0,0.1308,af1e1e233d1e2a61,3
214,C:\Users\lalad\OneDrive\Desktop\Pinterest-всякое\pin_0214_39a40db7950c.jpg,pin_0214_39a40db7950c.jpg,736,467,1.576,landscape,161.438,159.494,153.694,0.6251,0.096,0.1571,17.4948,0.0395,ca27b51be7104b6c,2
215,C:\Users\lalad\OneDrive\Desktop\Pinterest-всякое\pin_0215_efd75430cbdf.jpg,pin_0215_efd75430cbdf.jpg,500,310,1.6129,landscape,159.647,148.6,136.037,0.5901,0.2115,0.2626,19.6648,0.0333,aeb5c0d097f3c00f,8
216,C:\Users\lalad\OneDrive\Desktop\Pinterest-всякое\pin_0216_de85beea647d.jpg,pin_0216_de85beea647d.jpg,735,665,1.1053,square-ish,174.144,158.276,141.501,0.6319,0.2463,0.2748,32.3421,0.0498,beb3d5866bc89091,2
217,C:\Users\lalad\OneDrive\Desktop\Pinterest-всякое\pin_0217_e1635f600c2f.jpg,pin_0217_e1635f600c2f.jpg,1080,773,1.3972,landscape,194.824,191.644,191.327,0.7551,0.1225,0.3149,24.1185,0.0876,a93996866b30936f,3
218,C:\Users\lalad\OneDrive\Desktop\Pinterest-всякое\pin_0218_07f13235ac83.jpg,pin_0218_07f13235ac83.jpg,749,744,1.0067,square-ish,126.85,124.472,115.327,0.487,0.1748,0.1811,19.6239,0.1186,bb7bc0442e53b82b,8
219,C:\Users\lalad\OneDrive\Desktop\Pinterest-всякое\pin_0219_e992fd2e9efa.jpg,pin_0219_e992fd2e9efa.jpg,719,826,0.8705,square-ish,74.484,22.95,6.143,0.1429,0.4843,0.2261,119.7051,0.0513,c72e383cb3712ccc,4
220,C:\Users\lalad\OneDrive\Desktop\Pinterest-всякое\pin_0220_16e10433661c.jpg,pin_0220_16e10433661c.jpg,1174,1180,0.9949,square-ish,191.355,150.781,146.758,0.6371,0.3433,0.2887,80.9579,0.1444,ee5991e4ca92a8da,10
221,C:\Users\lalad\OneDrive\Desktop\Pinterest-всякое\pin_0221_9f8631522cd6.jpg,pin_0221_9f8631522cd6.jpg,720,711,1.0127,square-ish,119.454,81.69,86.968,0.3671,0.4594,0.2528,47.447,0.0585,c04a2725783f657b,4
222,C:\Users\lalad\OneDrive\Desktop\Pinterest-всякое\pin_0222_6104958d32e6.png,pin_0222_6104958d32e6.png,750,585,1.2821,landscape,189.563,189.101,184.743,0.7402,0.2544,0.3177,68.0096,0.0992,eaccb92392c8696d,10
223,C:\Users\lalad\OneDrive\Desktop\Pinterest-всякое\pin_0223_008bff7b2053.jpg,pin_0223_008bff7b2053.jpg,600,480,1.25,landscape,111.156,101.544,105.739,0.4114,0.1608,0.2001,12.115,0.0617,b0819ec8c7f333cc,1
224,C:\Users\lalad\OneDrive\Desktop\Pinterest-всякое\pin_0224_0fbcdd35a42f.jpg,pin_0224_0fbcdd35a42f.jpg,736,613,1.2007,square-ish,59.211,63.205,51.027,0.2378,0.1988,0.2974,24.0187,0.0544,c7cd193931383637,1
225,C:\Users\lalad\OneDrive\Desktop\Pinterest-всякое\pin_0225_659fe72fc82c.jpg,pin_0225_659fe72fc82c.jpg,550,406,1.3547,landscape,94.484,78.942,80.6,0.3287,0.4314,0.151,52.993,0.0497,e5ad1ed46058de26,4
226,C:\Users\lalad\OneDrive\Desktop\Pinterest-всякое\pin_0226_f9c4a938b8f2.jpg,pin_0226_f9c4a938b8f2.jpg,640,597,1.072,square-ish,78.815,67.829,60.925,0.2755,0.4779,0.103,37.1243,0.0493,ea4bc9890bb5b178,0
227,C:\Users\lalad\OneDrive\Desktop\Pinterest-всякое\pin_0227_0456ada8199e.jpg,pin_0227_0456ada8199e.jpg,1449,1431,1.0126,square-ish,42.423,54.669,60.008,0.2024,0.3638,0.1411,30.9343,0.1085,c7f567f001c35714,0
228,C:\Users\lalad\OneDrive\Desktop\Pinterest-всякое\pin_0228_88879e44890b.jpg,pin_0228_88879e44890b.jpg,680,678,1.0029,square-ish,66.554,76.119,84.646,0.2911,0.6443,0.2202,67.5504,0.1016,a4de4ee4527d0ae2,4
229,C:\Users\lalad\OneDrive\Desktop\Pinterest-всякое\pin_0229_48039a61fb20.jpg,pin_0229_48039a61fb20.jpg,1284,1282,1.0016,square-ish,146.862,159.544,147.548,0.6054,0.2568,0.35,62.9262,0.1371,bf17d0428bd14f34,10
230,C:\Users\lalad\OneDrive\Desktop\Pinterest-всякое\pin_0230_eba08e3ca98e.jpg,pin_0230_eba08e3ca98e.jpg,1080,1048,1.0305,square-ish,103.136,95.358,96.092,0.3834,0.2407,0.2515,34.5597,0.1518,82aaf8178d7cd42b,6
231,C:\Users\lalad\OneDrive\Desktop\Pinterest-всякое\pin_0231_971dfff6f7db.jpg,pin_0231_971dfff6f7db.jpg,1080,1080,1.0,square-ish,164.882,160.329,157.02,0.6327,0.1316,0.4073,23.3209,0.074,ec9b869970603e8f,5
232,C:\Users\lalad\OneDrive\Desktop\Pinterest-всякое\pin_0232_ad60fcbd5512.png,pin_0232_ad60fcbd5512.png,621,576,1.0781,square-ish,104.561,73.06,47.284,0.3119,0.5275,0.266,97.9832,0.0973,82693c3e716b6565,4
233,C:\Users\lalad\OneDrive\Desktop\Pinterest-всякое\pin_0233_f78221e539f8.png,pin_0233_f78221e539f8.png,451,566,0.7968,portrait,157.162,136.439,115.574,0.55,0.329,0.2432,35.3152,0.1816,9e05383177f8f413,7
234,C:\Users\lalad\OneDrive\Desktop\Pinterest-всякое\pin_0234_7dfa0f706229.jpg,pin_0234_7dfa0f706229.jpg,640,640,1.0,square-ish,134.428,114.085,93.881,0.4622,0.321,0.2216,37.1896,0.1755,91756eea42d73720,6
235,C:\Users\lalad\OneDrive\Desktop\Pinterest-всякое\pin_0235_55aa8d5c6a6b.jpg,pin_0235_55aa8d5c6a6b.jpg,480,360,1.3333,landscape,85.77,76.143,71.002,0.3076,0.38,0.2534,25.929,0.0741,c7336c78182dade1,1
236,C:\Users\lalad\OneDrive\Desktop\Pinterest-всякое\pin_0236_c4bcec0337a8.jpg,pin_0236_c4bcec0337a8.jpg,1440,1440,1.0,square-ish,189.669,141.284,141.477,0.6109,0.3137,0.2977,71.3396,0.0864,99c744fc4f103b1b,10
237,C:\Users\lalad\OneDrive\Desktop\Pinterest-всякое\pin_0237_04a2e532cf55.jpg,pin_0237_04a2e532cf55.jpg,682,682,1.0,square-ish,180.737,180.737,180.737,0.7088,0.0,0.376,0.0,0.1649,a094739dc3cb8cce,3
238,C:\Users\lalad\OneDrive\Desktop\Pinterest-всякое\pin_0238_2d6072d121ab.jpg,pin_0238_2d6072d121ab.jpg,1280,1265,1.0119,square-ish,73.508,77.689,91.544,0.306,0.354,0.2146,20.9272,0.038,8b7165c636926a6d,1
239,C:\Users\lalad\OneDrive\Desktop\Pinterest-всякое\pin_0239_e2c0812c834e.jpg,pin_0239_e2c0812c834e.jpg,1080,1080,1.0,square-ish,173.297,154.418,137.356,0.6201,0.2427,0.3882,65.6253,0.0865,ae804bb7d4d5d027,5
240,C:\Users\lalad\OneDrive\Desktop\Pinterest-всякое\pin_0240_afc1b58a6bcc.jpg,pin_0240_afc1b58a6bcc.jpg,776,720,1.0778,square-ish,138.933,136.09,139.97,0.5387,0.0662,0.2922,14.7754,0.2295,ccf4a128a7c75743,7
241,C:\Users\lalad\OneDrive\Desktop\Pinterest-всякое\pin_0241_1a98f3b760f6.png,pin_0241_1a98f3b760f6.png,983,935,1.0513,square-ish,178.815,179.768,179.405,0.7039,0.0698,0.3389,1.4356,0.1397,ead86d69942391a7,3
242,C:\Users\lalad\OneDrive\Desktop\Pinterest-всякое\pin_0242_0e6da1edab8d.png,pin_0242_0e6da1edab8d.png,988,941,1.0499,square-ish,172.489,173.646,173.557,0.6799,0.087,0.3422,1.5425,0.1415,a8693606bd9db299,3
243,C:\Users\lalad\OneDrive\Desktop\Pinterest-всякое\pin_0243_bc9242b064fe.jpg,pin_0243_bc9242b064fe.jpg,828,744,1.1129,square-ish,239.362,238.292,237.502,0.9354,0.0146,0.1962,7.6295,0.0473,e9e5369bdb129504,11
244,C:\Users\lalad\OneDrive\Desktop\Pinterest-всякое\pin_0244_905a1af53255.jpg,pin_0244_905a1af53255.jpg,803,803,1.0,square-ish,175.78,111.783,108.845,0.5121,0.4639,0.2118,71.7613,0.1512,ceea4cd9cccdc8c0,10
245,C:\Users\lalad\OneDrive\Desktop\Pinterest-всякое\pin_0245_c5df1c3ba9cc.jpg,pin_0245_c5df1c3ba9cc.jpg,588,454,1.2952,landscape,136.511,137.495,148.688,0.5428,0.2611,0.4079,27.9906,0.0773,cd4cbd706226d1cb,5
246,C:\Users\lalad\OneDrive\Desktop\Pinterest-всякое\pin_0246_63a6bcd15d64.jpg,pin_0246_63a6bcd15d64.jpg,588,454,1.2952,landscape,140.636,138.331,144.189,0.5478,0.2444,0.4091,29.2758,0.1183,cf4cac137063371e,5
247,C:\Users\lalad\OneDrive\Desktop\Pinterest-всякое\pin_0247_21ad4b20233c.jpg,pin_0247_21ad4b20233c.jpg,400,312,1.2821,landscape,122.42,131.285,109.297,0.4946,0.276,0.1703,24.6887,0.1168,c6bd30a38c96b3d1,8
248,C:\Users\lalad\OneDrive\Desktop\Pinterest-всякое\pin_0248_8e76512ceabd.jpg,pin_0248_8e76512ceabd.jpg,845,1024,0.8252,square-ish,172.007,138.663,144.725,0.5855,0.2493,0.2231,44.2701,0.1629,becac9f02485b1b3,7
249,C:\Users\lalad\OneDrive\Desktop\Pinterest-всякое\pin_0249_3a8a8336ef12.jpg,pin_0249_3a8a8336ef12.jpg,813,1200,0.6775,portrait,135.593,102.152,73.226,0.4269,0.5203,0.2226,38.4205,0.0705,f9a915dad0c15e98,4
250,C:\Users\lalad\OneDrive\Desktop\Pinterest-всякое\pin_0250_148ac9de47e8.jpg,pin_0250_148ac9de47e8.jpg,1690,1227,1.3773,landscape,114.602,116.697,79.434,0.4385,0.419,0.232,38.1143,0.0849,99d2d2d0c4f4b5e4,8
251,C:\Users\lalad\OneDrive\Desktop\Pinterest-всякое\pin_0251_e97587df862b.jpg,pin_0251_e97587df862b.jpg,736,892,0.8251,square-ish,161.943,145.327,176.696,0.6034,0.2334,0.2137,30.8308,0.1136,fb5a666369819269,7
252,C:\Users\lalad\OneDrive\Desktop\Pinterest-всякое\pin_0252_fae050191039.jpg,pin_0252_fae050191039.jpg,736,892,0.8251,square-ish,183.113,178.843,204.482,0.718,0.1877,0.2163,28.1407,0.1266,f15b38a5ac86e44d,3
253,C:\Users\lalad\OneDrive\Desktop\Pinterest-всякое\pin_0253_bc824d3bd533.jpg,pin_0253_bc824d3bd533.jpg,766,766,1.0,square-ish,160.598,160.958,160.499,0.6306,0.0104,0.2722,1.6767,0.1473,ea7891a1668e9d65,3
254,C:\Users\lalad\OneDrive\Desktop\Pinterest-всякое\pin_0254_12916a6eafeb.jpg,pin_0254_12916a6eafeb.jpg,1080,1080,1.0,square-ish,143.623,143.623,143.623,0.5632,0.0,0.4401,0.0,0.1527,bd3d07e09cc370b8,5
255,C:\Users\lalad\OneDrive\Desktop\Pinterest-всякое\pin_0255_18239137340e.jpg,pin_0255_18239137340e.jpg,1440,1440,1.0,square-ish,175.087,172.024,174.117,0.6792,0.0956,0.3754,14.699,0.0999,ea852682bdc73d49,3
256,C:\Users\lalad\OneDrive\Desktop\Pinterest-всякое\pin_0256_87ac4fec0ed5.jpg,pin_0256_87ac4fec0ed5.jpg,788,1077,0.7317,portrait,108.579,99.891,92.559,0.3986,0.2476,0.261,25.3971,0.0995,aa2ab538cf29d629,9
257,C:\Users\lalad\OneDrive\Desktop\Pinterest-всякое\pin_0257_d4ee6177626a.jpg,pin_0257_d4ee6177626a.jpg,600,360,1.6667,landscape,158.099,152.284,154.925,0.6051,0.2291,0.1901,35.6267,0.0859,a51bbd91c16c9665,8
258,C:\Users\lalad\OneDrive\Desktop\Pinterest-всякое\pin_0258_45c2b6a7cf06.jpg,pin_0258_45c2b6a7cf06.jpg,1015,933,1.0879,square-ish,82.035,84.41,63.858,0.3191,0.5896,0.1815,46.806,0.251,9a0b673078796d0f,6
259,C:\Users\lalad\OneDrive\Desktop\Pinterest-всякое\pin_0259_cc0ad00beb1c.jpg,pin_0259_cc0ad00beb1c.jpg,1499,1384,1.0831,square-ish,171.183,149.969,128.85,0.6035,0.2997,0.2142,42.2264,0.0466,f86caae1e6a28ca5,2
260,C:\Users\lalad\OneDrive\Desktop\Pinterest-всякое\pin_0260_2781573d46b8.gif,pin_0260_2781573d46b8.gif,500,248,2.0161,landscape,148.567,110.149,87.687,0.4671,0.4047,0.2433,66.0183,0.0815,9527d44f916b6e90,8
261,C:\Users\lalad\OneDrive\Desktop\Pinterest-всякое\pin_0261_06b811275f87.jpg,pin_0261_06b811275f87.jpg,1635,1268,1.2894,landscape,107.69,104.737,105.444,0.4145,0.2549,0.2051,25.4578,0.1003,d19e14830e6d76da,8
262,C:\Users\lalad\OneDrive\Desktop\Pinterest-всякое\pin_0262_12ce7700bd9a.png,pin_0262_12ce7700bd9a.png,4096,4096,1.0,square-ish,174.407,136.878,112.705,0.57,0.4548,0.1848,98.061,0.1919,f969a1d2b2185c5b,10
263,C:\Users\lalad\OneDrive\Desktop\Pinterest-всякое\pin_0263_3afd6c0e30cc.jpg,pin_0263_3afd6c0e30cc.jpg,736,552,1.3333,landscape,162.109,155.569,146.009,0.6134,0.1155,0.2462,15.4107,0.1906,bb144c73f2471c8b,7
264,C:\Users\lalad\OneDrive\Desktop\Pinterest-всякое\pin_0264_f438eb812c34.jpg,pin_0264_f438eb812c34.jpg,415,611,0.6792,portrait,164.403,72.617,69.305,0.391,0.5299,0.1102,113.6854,0.0593,c0c45f3a2d6d5a4e,4
265,C:\Users\lalad\OneDrive\Desktop\Pinterest-всякое\pin_0265_6aba0913bc3e.jpg,pin_0265_6aba0913bc3e.jpg,735,494,1.4879,landscape,131.654,150.933,133.348,0.5614,0.3895,0.3081,39.1172,0.1722,b1b1326cc68e27e6,6
266,C:\Users\lalad\OneDrive\Desktop\Pinterest-всякое\pin_0266_2da98eeac0d5.gif,pin_0266_2da98eeac0d5.gif,400,382,1.0471,square-ish,116.094,121.57,139.779,0.4784,0.2154,0.2285,40.6854,0.1394,e9858b70706f271d,8
267,C:\Users\lalad\OneDrive\Desktop\Pinterest-всякое\pin_0267_cd3256d6e128.jpg,pin_0267_cd3256d6e128.jpg,828,746,1.1099,square-ish,96.032,97.896,105.338,0.385,0.3292,0.2938,35.9217,0.0947,90cf0b3c59726dd2,1
268,C:\Users\lalad\OneDrive\Desktop\Pinterest-всякое\pin_0268_2376ecaee5f8.jpg,pin_0268_2376ecaee5f8.jpg,736,736,1.0,square-ish,121.24,157.126,198.472,0.5925,0.4151,0.1246,56.3978,0.0424,a724999bf46c4993,2
269,C:\Users\lalad\OneDrive\Desktop\Pinterest-всякое\pin_0269_0527f8c18734.jpg,pin_0269_0527f8c18734.jpg,467,386,1.2098,square-ish,125.38,141.027,166.157,0.5459,0.3291,0.1769,37.5329,0.0677,ac1393cd8c669b33,2
270,C:\Users\lalad\OneDrive\Desktop\Pinterest-всякое\pin_0270_9fa1296c73ad.png,pin_0270_9fa1296c73ad.png,472,682,0.6921,portrait,224.322,197.137,156.878,0.7871,0.3138,0.1925,54.786,0.1375,bae885879cd23e89,7
271,C:\Users\lalad\OneDrive\Desktop\Pinterest-всякое\pin_0271_607424072980.jpg,pin_0271_607424072980.jpg,1200,1200,1.0,square-ish,224.655,221.11,216.223,0.8693,0.0673,0.2605,24.2099,0.0665,e4b29acd666492da,11
272,C:\Users\lalad\OneDrive\Desktop\Pinterest-всякое\pin_0272_27523c08d3c2.jpg,pin_0272_27523c08d3c2.jpg,1200,1200,1.0,square-ish,167.273,150.528,138.264,0.6045,0.1826,0.192,34.3552,0.1552,e0e48dd3d2c62cb9,7
273,C:\Users\lalad\OneDrive\Desktop\Pinterest-всякое\pin_0273_ead9d4051907.jpg,pin_0273_ead9d4051907.jpg,564,423,1.3333,landscape,82.535,69.07,61.275,0.2833,0.2514,0.1915,28.0904,0.0692,981d7664439ced93,1
274,C:\Users\lalad\OneDrive\Desktop\Pinterest-всякое\pin_0274_4935af80021a.jpg,pin_0274_4935af80021a.jpg,1080,1409,0.7665,portrait,131.643,114.709,98.386,0.4624,0.3116,0.2263,23.6717,0.1332,ed929a6d68763458,9
275,C:\Users\lalad\OneDrive\Desktop\Pinterest-всякое\pin_0275_01bbc0f2a35f.jpg,pin_0275_01bbc0f2a35f.jpg,556,1066,0.5216,portrait,154.373,154.373,154.373,0.6054,0.0,0.4064,0.0,0.1395,e52b6ca69591b178,5
276,C:\Users\lalad\OneDrive\Desktop\Pinterest-всякое\pin_0276_29ad10c74d7a.jpg,pin_0276_29ad10c74d7a.jpg,714,1200,0.595,portrait,205.744,205.744,205.744,0.8068,0.0,0.3266,0.0,0.1021,b3c8ce3398c6ce8c,3
277,C:\Users\lalad\OneDrive\Desktop\Pinterest-всякое\pin_0277_c16526e46507.jpg,pin_0277_c16526e46507.jpg,1191,1684,0.7072,portrait,160.157,159.861,163.232,0.6287,0.0819,0.2837,12.0067,0.0903,b9bc85cac264d09f,3
278,C:\Users\lalad\OneDrive\Desktop\Pinterest-всякое\pin_0278_6573b6bbcc15.jpg,pin_0278_6573b6bbcc15.jpg,1544,2048,0.7539,portrait,131.061,130.488,131.628,0.5129,0.0336,0.4221,4.6855,0.0459,aecac287d932b136,5
279,C:\Users\lalad\OneDrive\Desktop\Pinterest-всякое\pin_0279_c55859aa7afa.jpg,pin_0279_c55859aa7afa.jpg,604,552,1.0942,square-ish,89.549,105.01,80.423,0.3827,0.2789,0.187,17.2353,0.0826,8ab464219e9d6d6e,1
280,C:\Users\lalad\OneDrive\Desktop\Pinterest-всякое\pin_0280_11dda4a3879f.jpg,pin_0280_11dda4a3879f.jpg,686,1080,0.6352,portrait,188.745,186.157,187.804,0.7338,0.0444,0.3389,7.2764,0.065,ac691917d7968e98,3
281,C:\Users\lalad\OneDrive\Desktop\Pinterest-всякое\pin_0281_73094876a8d5.jpg,pin_0281_73094876a8d5.jpg,1332,2048,0.6504,portrait,218.167,209.113,213.09,0.8325,0.0687,0.1863,15.7517,0.0468,be36b0c1cbc949c5,11
282,C:\Users\lalad\OneDrive\Desktop\Pinterest-всякое\pin_0282_3836760d1547.jpg,pin_0282_3836760d1547.jpg,959,1040,0.9221,square-ish,36.226,81.134,112.354,0.2795,0.5778,0.1863,98.8126,0.0947,d7919c638b5c0c73,4
283,C:\Users\lalad\OneDrive\Desktop\Pinterest-всякое\pin_0283_21df4ac9e9e6.jpg,pin_0283_21df4ac9e9e6.jpg,1080,1080,1.0,square-ish,107.925,111.495,81.626,0.4197,0.3464,0.2066,40.8861,0.25,93c8dc316c33d933,6
284,C:\Users\lalad\OneDrive\Desktop\Pinterest-всякое\pin_0284_f53b08e43ea6.jpg,pin_0284_f53b08e43ea6.jpg,827,669,1.2362,landscape,108.258,120.335,102.874,0.4499,0.289,0.2552,27.8865,0.2165,b54d4e50d2b665a9,6
285,C:\Users\lalad\OneDrive\Desktop\Pinterest-всякое\pin_0285_daa73c4f3269.jpg,pin_0285_daa73c4f3269.jpg,736,723,1.018,square-ish,139.094,124.315,102.404,0.4951,0.3787,0.301,44.6906,0.1648,c4a4cb5a5aa339d5,6
286,C:\Users\lalad\OneDrive\Desktop\Pinterest-всякое\pin_0286_9458ac1ee503.jpg,pin_0286_9458ac1ee503.jpg,618,567,1.0899,square-ish,241.725,242.082,242.039,0.9489,0.0072,0.1534,1.8076,0.0731,9e4b83bcd891a789,11
287,C:\Users\lalad\OneDrive\Desktop\Pinterest-всякое\pin_0287_faf342a22a63.jpg,pin_0287_faf342a22a63.jpg,675,1200,0.5625,portrait,209.481,207.442,206.394,0.8153,0.0204,0.1927,4.1371,0.146,f0d64b5862c796a6,3
288,C:\Users\lalad\OneDrive\Desktop\Pinterest-всякое\pin_0288_72225ecce4b9.jpg,pin_0288_72225ecce4b9.jpg,604,445,1.3573,landscape,236.522,236.39,236.511,0.9272,0.001,0.1805,1.2272,0.1189,8fb49bdbf007e060,11
289,C:\Users\lalad\OneDrive\Desktop\Pinterest-всякое\pin_0289_f8fad8d5950b.jpg,pin_0289_f8fad8d5950b.jpg,1080,1052,1.0266,square-ish,124.764,121.741,119.535,0.48,0.1577,0.2497,21.0877,0.2323,8f4399383e7325e4,6
290,C:\Users\lalad\OneDrive\Desktop\Pinterest-всякое\pin_0290_aadd5d05d163.jpg,pin_0290_aadd5d05d163.jpg,1152,2048,0.5625,portrait,54.128,48.791,49.975,0.1979,0.2322,0.2407,17.3392,0.0446,8ac0c5c5bb191f3b,0
291,C:\Users\lalad\OneDrive\Desktop\Pinterest-всякое\pin_0291_c73f760cbfac.jpg,pin_0291_c73f760cbfac.jpg,736,736,1.0,square-ish,136.815,129.208,91.217,0.4983,0.3426,0.206,37.0515,0.1143,fe60801f3ce825ed,8
292,C:\Users\lalad\OneDrive\Desktop\Pinterest-всякое\pin_0292_258b0d4253be.jpg,pin_0292_258b0d4253be.jpg,680,593,1.1467,square-ish,51.775,47.301,52.255,0.1929,0.2175,0.1308,15.8957,0.1352,933d7a7178a228b5,0
293,C:\Users\lalad\OneDrive\Desktop\Pinterest-всякое\pin_0293_1f2e7df6a817.png,pin_0293_1f2e7df6a817.png,1440,1440,1.0,square-ish,230.549,184.055,179.731,0.7744,0.2579,0.1953,59.3843,0.1095,bb6e849091a7ee98,2
294,C:\Users\lalad\OneDrive\Desktop\Pinterest-всякое\pin_0294_cc4bb3548b82.jpg,pin_0294_cc4bb3548b82.jpg,551,620,0.8887,square-ish,137.656,132.076,129.968,0.5235,0.1162,0.2783,24.7985,0.1516,f9e96616564a18da,7
295,C:\Users\lalad\OneDrive\Desktop\Pinterest-всякое\pin_0295_71977afc24f4.jpg,pin_0295_71977afc24f4.jpg,1080,1920,0.5625,portrait,134.928,132.277,127.93,0.5199,0.2413,0.2504,17.1927,0.0991,c9a6c3c6f8bb1454,9
296,C:\Users\lalad\OneDrive\Desktop\Pinterest-всякое\pin_0296_d72c14e43469.jpg,pin_0296_d72c14e43469.jpg,1038,1357,0.7649,portrait,158.042,131.682,109.83,0.5375,0.3843,0.2523,44.1801,0.1797,9e053833f6e8f407,7
297,C:\Users\lalad\OneDrive\Desktop\Pinterest-всякое\pin_0297_f728b0786811.jpg,pin_0297_f728b0786811.jpg,480,480,1.0,square-ish,83.303,99.481,51.823,0.3498,0.5842,0.2185,42.1807,0.1801,db726439e3d69c10,6
298,C:\Users\lalad\OneDrive\Desktop\Pinterest-всякое\pin_0298_72afc8701790.jpg,pin_0298_72afc8701790.jpg,1284,1229,1.0448,square-ish,109.089,122.746,124.47,0.4661,0.2629,0.218,22.7891,0.0312,99e6b2634d99a683,1
299,C:\Users\lalad\OneDrive\Desktop\Pinterest-всякое\pin_0299_87acb7d015df.jpg,pin_0299_87acb7d015df.jpg,844,844,1.0,square-ish,94.461,91.123,82.591,0.3575,0.1793,0.2093,25.1351,0.0635,8599e23de138b4d3,1
300,C:\Users\lalad\OneDrive\Desktop\Pinterest-всякое\pin_0300_1bf561d899e2.jpg,pin_0300_1bf561d899e2.jpg,1024,1024,1.0,square-ish,77.073,76.681,65.261,0.2961,0.1965,0.1837,25.5201,0.0657,cee875479698c166,1
301,C:\Users\lalad\OneDrive\Desktop\Pinterest-всякое\pin_0301_b21ec59c98e1.jpg,pin_0301_b21ec59c98e1.jpg,1199,1174,1.0213,square-ish,165.397,175.197,140.338,0.66,0.2249,0.2941,55.8133,0.2262,c58e668658d34b6d,7
302,C:\Users\lalad\OneDrive\Desktop\Pinterest-всякое\pin_0302_b70721b94d18.jpg,pin_0302_b70721b94d18.jpg,1200,1200,1.0,square-ish,174.015,165.499,157.823,0.6556,0.2931,0.4059,35.2606,0.1414,b2c273d30d83e8dc,5
303,C:\Users\lalad\OneDrive\Desktop\Pinterest-всякое\pin_0303_b9efe2452486.jpg,pin_0303_b9efe2452486.jpg,1011,1280,0.7898,portrait,100.001,92.695,84.798,0.3685,0.169,0.2488,31.665,0.124,df20a6b51b9029f5,9
304,C:\Users\lalad\OneDrive\Desktop\Pinterest-всякое\pin_0304_997b47eb3ea5.jpg,pin_0304_997b47eb3ea5.jpg,2048,2048,1.0,square-ish,129.348,111.187,96.977,0.451,0.2754,0.2389,42.5519,0.208,e2b3b44ccc4fc986,6
305,C:\Users\lalad\OneDrive\Desktop\Pinterest-всякое\pin_0305_80bd8b8d5396.png,pin_0305_80bd8b8d5396.png,736,736,1.0,square-ish,121.127,120.602,119.927,0.4733,0.136,0.261,9.9303,0.0565,da13a3e46593ba4c,5
306,C:\Users\lalad\OneDrive\Desktop\Pinterest-всякое\pin_0306_90dbbae676b5.jpg,pin_0306_90dbbae676b5.jpg,1168,1752,0.6667,portrait,176.811,187.364,191.287,0.7242,0.1625,0.252,27.7262,0.1449,bb1fd0e0c04dcec6,7
307,C:\Users\lalad\OneDrive\Desktop\Pinterest-всякое\pin_0307_f91779a313b7.jpg,pin_0307_f91779a313b7.jpg,991,1050,0.9438,square-ish,142.504,135.376,131.657,0.5375,0.162,0.2699,17.5284,0.0439,9de5aab8c2a86aa9,5
308,C:\Users\lalad\OneDrive\Desktop\Pinterest-всякое\pin_0308_327e406570ed.jpg,pin_0308_327e406570ed.jpg,581,553,1.0506,square-ish,62.425,62.425,62.425,0.2448,0.0,0.3481,0.0,0.0939,ca057fe2315b938c,1
309,C:\Users\lalad\OneDrive\Desktop\Pinterest-всякое\pin_0309_704674f0bdd0.jpg,pin_0309_704674f0bdd0.jpg,621,621,1.0,square-ish,49.208,38.505,28.677,0.1591,0.4521,0.1483,39.8064,0.0931,8936d4d92e99c96c,0
310,C:\Users\lalad\OneDrive\Desktop\Pinterest-всякое\pin_0310_289e059d47a3.jpg,pin_0310_289e059d47a3.jpg,736,736,1.0,square-ish,85.05,82.541,67.801,0.32,0.5057,0.2744,99.4167,0.0726,9a4b6526dc93699a,4
311,C:\Users\lalad\OneDrive\Desktop\Pinterest-всякое\pin_0311_ecf90d9908d0.png,pin_0311_ecf90d9908d0.png,1600,1404,1.1396,square-ish,20.351,29.794,74.284,0.1256,0.6475,0.2228,71.788,0.0775,8178e69978875ae6,4
312,C:\Users\lalad\OneDrive\Desktop\Pinterest-всякое\pin_0312_442f02e37754.jpg,pin_0312_442f02e37754.jpg,1024,1136,0.9014,square-ish,131.045,92.581,80.053,0.4026,0.5343,0.2904,99.9732,0.0785,8358ae3b69657986,4
313,C:\Users\lalad\OneDrive\Desktop\Pinterest-всякое\pin_0313_ed15edeb7fa8.png,pin_0313_ed15edeb7fa8.png,736,693,1.062,square-ish,159.955,146.689,108.607,0.5738,0.3424,0.2048,56.2714,0.0759,c8f4c33d1ae53893,10
314,C:\Users\lalad\OneDrive\Desktop\Pinterest-всякое\pin_0314_7f01d9775206.jpg,pin_0314_7f01d9775206.jpg,1440,1440,1.0,square-ish,75.036,70.492,75.198,0.2838,0.1949,0.1538,14.7889,0.0435,e63cb8a513e5ac23,1
315,C:\Users\lalad\OneDrive\Desktop\Pinterest-всякое\pin_0315_801f609d8348.jpg,pin_0315_801f609d8348.jpg,3464,3464,1.0,square-ish,101.432,98.852,79.319,0.3819,0.22,0.2314,33.0135,0.091,e4529ed54a4d626e,1
316,C:\Users\lalad\OneDrive\Desktop\Pinterest-всякое\pin_0316_1f8a75c91306.jpg,pin_0316_1f8a75c91306.jpg,1249,1080,1.1565,square-ish,228.922,228.914,228.903,0.8977,0.0002,0.2443,0.2467,0.1229,8e6ebf24647cb403,11
317,C:\Users\lalad\OneDrive\Desktop\Pinterest-всякое\pin_0317_2563abd99a64.jpg,pin_0317_2563abd99a64.jpg,736,736,1.0,square-ish,150.573,137.053,128.809,0.5496,0.1972,0.3214,50.0058,0.0637,d2e0ad85ac7c7c70,5
318,C:\Users\lalad\OneDrive\Desktop\Pinterest-всякое\pin_0318_00e636ae788b.png,pin_0318_00e636ae788b.png,1326,1304,1.0169,square-ish,72.179,70.115,75.37,0.2797,0.2268,0.2963,79.2025,0.112,9669e53c31e227c3,4
319,C:\Users\lalad\OneDrive\Desktop\Pinterest-всякое\pin_0319_b808adebc7d7.jpg,pin_0319_b808adebc7d7.jpg,720,915,0.7869,portrait,147.64,135.033,121.618,0.5384,0.2867,0.2106,31.8046,0.1214,89c38619cd273f65,7
320,C:\Users\lalad\OneDrive\Desktop\Pinterest-всякое\pin_0320_7ad2ce3d598c.jpg,pin_0320_7ad2ce3d598c.jpg,735,858,0.8566,square-ish,100.669,97.772,91.329,0.3839,0.2442,0.2986,23.4945,0.097,de9e79c3312ce124,9
321,C:\Users\lalad\OneDrive\Desktop\Pinterest-всякое\pin_0321_4481eae815e5.jpg,pin_0321_4481eae815e5.jpg,735,981,0.7492,portrait,235.133,234.807,216.917,0.9132,0.1297,0.156,47.2095,0.0667,ecb493c2d19dc88b,11
322,C:\Users\lalad\OneDrive\Desktop\Pinterest-всякое\pin_0322_743d6af6603b.jpg,pin_0322_743d6af6603b.jpg,1179,899,1.3115,landscape,86.983,85.563,77.514,0.3338,0.2792,0.2745,14.0127,0.0976,8281e11e3e6b6fb8,1
323,C:\Users\lalad\OneDrive\Desktop\Pinterest-всякое\pin_0323_7a2a7e2d1095.jpg,pin_0323_7a2a7e2d1095.jpg,1053,1200,0.8775,square-ish,135.565,117.168,100.059,0.4734,0.322,0.2896,36.2089,0.1213,801df7e17826ae3a,9
324,C:\Users\lalad\OneDrive\Desktop\Pinterest-всякое\pin_0324_04a2799850b9.jpg,pin_0324_04a2799850b9.jpg,736,554,1.3285,landscape,97.84,104.232,109.615,0.4037,0.2288,0.266,36.2274,0.0727,c5787a85235ae71a,8
325,C:\Users\lalad\OneDrive\Desktop\Pinterest-всякое\pin_0325_347e3770bf9b.jpg,pin_0325_347e3770bf9b.jpg,1653,2048,0.8071,portrait,62.178,126.159,150.235,0.43,0.6114,0.1457,95.8683,0.0671,8b363978b8d3c760,4
326,C:\Users\lalad\OneDrive\Desktop\Pinterest-всякое\pin_0326_77a0e0b660aa.jpg,pin_0326_77a0e0b660aa.jpg,735,550,1.3364,landscape,119.498,97.755,71.507,0.3971,0.3872,0.3066,64.5361,0.1687,8307f4782db452e7,6
327,C:\Users\lalad\OneDrive\Desktop\Pinterest-всякое\pin_0327_ce64787f7195.jpg,pin_0327_ce64787f7195.jpg,1080,1080,1.0,square-ish,174.659,173.503,181.262,0.685,0.0486,0.2214,7.3966,0.0489,bd69c4b0c13d3cc3,3
328,C:\Users\lalad\OneDrive\Desktop\Pinterest-всякое\pin_0328_efab4449825f.jpg,pin_0328_efab4449825f.jpg,1080,1400,0.7714,portrait,68.439,67.983,86.428,0.2754,0.6686,0.1656,73.2655,0.0628,9858676ddaf089c9,4
329,C:\Users\lalad\OneDrive\Desktop\Pinterest-всякое\pin_0329_ea89f5133a80.jpg,pin_0329_ea89f5133a80.jpg,688,685,1.0044,square-ish,138.791,142.63,139.628,0.5535,0.0845,0.2164,9.2528,0.1011,96ea097772699c16,2
330,C:\Users\lalad\OneDrive\Desktop\Pinterest-всякое\pin_0330_e2d65b2ca25c.jpg,pin_0330_e2d65b2ca25c.jpg,742,1024,0.7246,portrait,199.023,199.023,199.023,0.7805,0.0,0.2683,0.0,0.0527,ed6ac09c9d999193,3
331,C:\Users\lalad\OneDrive\Desktop\Pinterest-всякое\pin_0331_8b3bf6b48753.jpg,pin_0331_8b3bf6b48753.jpg,714,800,0.8925,square-ish,82.112,66.679,58.525,0.276,0.4409,0.2806,23.6043,0.0772,c8ec36f0cb25e92c,1
332,C:\Users\lalad\OneDrive\Desktop\Pinterest-всякое\pin_0332_cd5e78f20ac0.jpg,pin_0332_cd5e78f20ac0.jpg,640,791,0.8091,portrait,124.83,97.282,96.052,0.4136,0.2617,0.1683,31.527,0.1164,f2c99d72c9183987,9
333,C:\Users\lalad\OneDrive\Desktop\Pinterest-всякое\pin_0333_9792f4cd0396.jpg,pin_0333_9792f4cd0396.jpg,1080,1118,0.966,square-ish,200.874,145.076,78.733,0.6047,0.61,0.2328,103.7375,0.1951,8cfff3200e8b709c,10
334,C:\Users\lalad\OneDrive\Desktop\Pinterest-всякое\pin_0334_aa9349783262.jpg,pin_0334_aa9349783262.jpg,641,500,1.282,landscape,114.865,92.644,94.677,0.3903,0.3197,0.315,25.6485,0.1443,fef88d07d252d242,6
335,C:\Users\lalad\OneDrive\Desktop\Pinterest-всякое\pin_0335_788cbd38a83e.jpg,pin_0335_788cbd38a83e.jpg,721,540,1.3352,landscape,159.173,151.117,122.714,0.5894,0.2721,0.3103,43.3173,0.2295,94a9eb15aad23197,6
336,C:\Users\lalad\OneDrive\Desktop\Pinterest-всякое\pin_0336_0108a0d9a358.jpg,pin_0336_0108a0d9a358.jpg,736,769,0.9571,square-ish,86.76,92.562,110.948,0.3644,0.3524,0.1763,43.5279,0.0287,85687885c3c76a7d,1
337,C:\Users\lalad\OneDrive\Desktop\Pinterest-всякое\pin_0337_26b76f3f7433.jpg,pin_0337_26b76f3f7433.jpg,1080,720,1.5,landscape,137.032,115.124,104.994,0.4726,0.3058,0.2645,27.7298,0.0925,84c6d53ed39b9261,8
338,C:\Users\lalad\OneDrive\Desktop\Pinterest-всякое\pin_0338_9b5f6bfc8de3.jpg,pin_0338_9b5f6bfc8de3.jpg,1024,1072,0.9552,square-ish,84.252,69.524,44.777,0.279,0.5029,0.1941,48.7839,0.0809,afe042d0c5ad2e6e,4
339,C:\Users\lalad\OneDrive\Desktop\Pinterest-всякое\pin_0339_216d2219717c.jpg,pin_0339_216d2219717c.jpg,770,730,1.0548,square-ish,148.5,138.961,130.432,0.5523,0.1738,0.2914,25.7213,0.0858,e9669699c63cc12d,5
340,C:\Users\lalad\OneDrive\Desktop\Pinterest-всякое\pin_0340_5f0ebf81bbb4.jpg,pin_0340_5f0ebf81bbb4.jpg,736,901,0.8169,portrait,82.472,60.05,50.221,0.2574,0.5035,0.1092,28.7991,0.0195,cd0910a5f737a32e,0
341,C:\Users\lalad\OneDrive\Desktop\Pinterest-всякое\pin_0341_a672091dea09.jpg,pin_0341_a672091dea09.jpg,1440,1800,0.8,portrait,188.017,183.99,186.483,0.7273,0.1001,0.186,23.0988,0.0497,ed5e75c3848b2ac2,2
342,C:\Users\lalad\OneDrive\Desktop\Pinterest-всякое\pin_0342_a7172675b25e.jpg,pin_0342_a7172675b25e.jpg,828,621,1.3333,landscape,207.057,196.303,188.418,0.779,0.1333,0.1496,14.9655,0.0487,ec68939792326ccb,11
343,C:\Users\lalad\OneDrive\Desktop\Pinterest-всякое\pin_0343_54fd5c0d75f7.jpg,pin_0343_54fd5c0d75f7.jpg,811,758,1.0699,square-ish,218.609,206.12,192.508,0.8167,0.1729,0.2609,20.4405,0.06,c9b6b6494b4a54b5,3
344,C:\Users\lalad\OneDrive\Desktop\Pinterest-всякое\pin_0344_54766ab88442.jpg,pin_0344_54766ab88442.jpg,1125,1018,1.1051,square-ish,232.131,232.131,232.131,0.9103,0.0,0.2026,0.0,0.1035,ec36326c91c9ce8d,11
345,C:\Users\lalad\OneDrive\Desktop\Pinterest-всякое\pin_0345_4a25fe156c34.jpg,pin_0345_4a25fe156c34.jpg,580,640,0.9062,square-ish,216.08,198.83,199.742,0.8003,0.1353,0.1925,34.9904,0.0716,f562da99a6662199,11
346,C:\Users\lalad\OneDrive\Desktop\Pinterest-всякое\pin_0346_f15f36e98d17.jpg,pin_0346_f15f36e98d17.jpg,1242,923,1.3456,landscape,54.18,45.928,40.435,0.1874,0.2008,0.2095,24.8496,0.0255,8e969694347c6e4e,1
347,C:\Users\lalad\OneDrive\Desktop\Pinterest-всякое\pin_0347_1e2ebd501930.jpg,pin_0347_1e2ebd501930.jpg,1080,1347,0.8018,portrait,142.42,132.233,117.807,0.524,0.2257,0.2522,25.3466,0.1101,c54868b5b19ad9b9,7
348,C:\Users\lalad\OneDrive\Desktop\Pinterest-всякое\pin_0348_3ba150bbefb7.jpg,pin_0348_3ba150bbefb7.jpg,748,748,1.0,square-ish,239.651,177.858,205.245,0.7823,0.2895,0.1173,51.7454,0.0548,ac1e93e1c07c7e0e,11
349,C:\Users\lalad\OneDrive\Desktop\Pinterest-всякое\pin_0349_44be8228f3cb.jpg,pin_0349_44be8228f3cb.jpg,736,736,1.0,square-ish,172.866,175.408,166.202,0.6808,0.1151,0.1913,18.5405,0.0873,e8847372d26d4bc9,2
350,C:\Users\lalad\OneDrive\Desktop\Pinterest-всякое\pin_0350_113d8c119e38.png,pin_0350_113d8c119e38.png,1146,1236,0.9272,square-ish,207.843,161.592,155.663,0.6853,0.2748,0.1764,53.9527,0.1155,fab1a48b2f649323,2
351,C:\Users\lalad\OneDrive\Desktop\Pinterest-всякое\pin_0351_5da2edb64638.jpg,pin_0351_5da2edb64638.jpg,1200,675,1.7778,landscape,136.163,121.184,75.706,0.4725,0.6419,0.2555,75.0746,0.2029,89a656d963cae466,10
352,C:\Users\lalad\OneDrive\Desktop\Pinterest-всякое\pin_0352_daecba755441.jpg,pin_0352_daecba755441.jpg,2000,2048,0.9766,square-ish,80.186,76.535,68.475,0.3009,0.2798,0.1577,20.6674,0.0519,ad7f52d2e46c6190,0
353,C:\Users\lalad\OneDrive\Desktop\Pinterest-всякое\pin_0353_798361f75cf0.jpg,pin_0353_798361f75cf0.jpg,2048,1328,1.5422,landscape,184.107,178.771,177.48,0.7067,0.0946,0.3739,21.9513,0.0379,bea4c04b6db13cd4,3
354,C:\Users\lalad\OneDrive\Desktop\Pinterest-всякое\pin_0354_0de889843b82.jpg,pin_0354_0de889843b82.jpg,1200,630,1.9048,landscape,141.409,123.257,109.768,0.4986,0.3218,0.1915,35.2476,0.1201,fcb5b362810e1bd2,8
355,C:\Users\lalad\OneDrive\Desktop\Pinterest-всякое\pin_0355_d82616dd89c4.png,pin_0355_d82616dd89c4.png,1176,1179,0.9975,square-ish,112.08,105.6,92.52,0.4156,0.4309,0.328,42.8796,0.0515,cb0e2461d69e89f9,1
356,C:\Users\lalad\OneDrive\Desktop\Pinterest-всякое\pin_0356_63737adaf487.jpg,pin_0356_63737adaf487.jpg,828,1175,0.7047,portrait,113.611,113.611,113.612,0.4455,0.0,0.4437,0.0318,0.1484,847eb0d4177cd5c2,5
357,C:\Users\lalad\OneDrive\Desktop\Pinterest-всякое\pin_0357_05060dcd7921.jpg,pin_0357_05060dcd7921.jpg,736,736,1.0,square-ish,125.856,89.462,57.846,0.3794,0.6632,0.3019,58.1924,0.1239,a5e35b91eedc1430,4
358,C:\Users\lalad\OneDrive\Desktop\Pinterest-всякое\pin_0358_d7450ab25216.jpg,pin_0358_d7450ab25216.jpg,3000,4000,0.75,portrait,177.063,164.299,149.427,0.6526,0.1901,0.1801,30.5121,0.0707,a62498d9d9f2f292,2
359,C:\Users\lalad\OneDrive\Desktop\Pinterest-всякое\pin_0359_473c54074e62.jpg,pin_0359_473c54074e62.jpg,1080,1349,0.8006,portrait,128.183,126.349,108.917,0.4898,0.1437,0.2252,26.068,0.1357,debf9c32a50aa0cc,7
360,C:\Users\lalad\OneDrive\Desktop\Pinterest-всякое\pin_0360_fcd0c2c4365f.jpg,pin_0360_fcd0c2c4365f.jpg,1632,1224,1.3333,landscape,146.222,121.434,101.454,0.4964,0.3743,0.2564,39.5758,0.1721,948f6ab01f7e2a61,6
361,C:\Users\lalad\OneDrive\Desktop\Pinterest-всякое\pin_0361_22d2b4f8f2fa.jpg,pin_0361_22d2b4f8f2fa.jpg,701,707,0.9915,square-ish,154.178,128.792,110.848,0.5268,0.318,0.1664,36.3618,0.0985,9c4e711592c699e7,2
362,C:\Users\lalad\OneDrive\Desktop\Pinterest-всякое\pin_0362_2ce4b5decdae.jpg,pin_0362_2ce4b5decdae.jpg,824,1080,0.763,portrait,143.986,137.45,128.96,0.5429,0.1456,0.2652,16.1315,0.2227,a45499e3cc38397e,7
363,C:\Users\lalad\OneDrive\Desktop\Pinterest-всякое\pin_0363_ea21b7c492cd.jpg,pin_0363_ea21b7c492cd.jpg,956,711,1.3446,landscape,150.118,137.003,144.579,0.5559,0.1969,0.1995,29.3693,0.1258,b6e0c80f35f872a3,8
364,C:\Users\lalad\OneDrive\Desktop\Pinterest-всякое\pin_0364_dbd633b9d0fe.jpg,pin_0364_dbd633b9d0fe.jpg,1200,812,1.4778,landscape,160.829,123.321,109.145,0.5213,0.3888,0.1697,45.8683,0.1574,96d8da71f86680b9,8
365,C:\Users\lalad\OneDrive\Desktop\Pinterest-всякое\pin_0365_7f3978bcf606.jpg,pin_0365_7f3978bcf606.jpg,1200,1200,1.0,square-ish,175.911,156.947,148.801,0.6341,0.1841,0.1912,33.5734,0.1524,e9b6e7308a9698c9,7
366,C:\Users\lalad\OneDrive\Desktop\Pinterest-всякое\pin_0366_fe7908307ec0.jpg,pin_0366_fe7908307ec0.jpg,1200,1200,1.0,square-ish,200.957,160.992,152.369,0.6744,0.2697,0.2296,45.5262,0.1017,e5db8c729e0cb286,2
367,C:\Users\lalad\OneDrive\Desktop\Pinterest-всякое\pin_0367_4bba6fd1f3f4.jpg,pin_0367_4bba6fd1f3f4.jpg,750,619,1.2116,square-ish,101.891,122.436,80.915,0.4375,0.4523,0.2736,40.0933,0.2054,c69a39e1c1974cf8,6
368,C:\Users\lalad\OneDrive\Desktop\Pinterest-всякое\pin_0368_89c8e2f60da2.jpg,pin_0368_89c8e2f60da2.jpg,665,481,1.3825,landscape,138.43,124.747,121.455,0.5038,0.2068,0.3155,21.132,0.1677,bb83f5f490d5c10c,8
369,C:\Users\lalad\OneDrive\Desktop\Pinterest-всякое\pin_0369_84d7f08a56f5.jpg,pin_0369_84d7f08a56f5.jpg,633,900,0.7033,portrait,93.309,96.665,100.086,0.3767,0.2064,0.273,21.1794,0.2403,e973035c3a8df82a,6
370,C:\Users\lalad\OneDrive\Desktop\Pinterest-всякое\pin_0370_95031aae3cd5.jpg,pin_0370_95031aae3cd5.jpg,1280,934,1.3704,landscape,216.114,209.819,194.579,0.8232,0.1077,0.1842,9.1218,0.2376,eee4a59999e26c24,3
371,C:\Users\lalad\OneDrive\Desktop\Pinterest-всякое\pin_0371_8ffced710a77.jpg,pin_0371_8ffced710a77.jpg,702,526,1.3346,landscape,144.546,130.578,113.861,0.521,0.2583,0.2022,31.6363,0.0635,bc8627739629b2c3,8
372,C:\Users\lalad\OneDrive\Desktop\Pinterest-всякое\pin_0372_d06e9c9a6881.jpg,pin_0372_d06e9c9a6881.jpg,736,736,1.0,square-ish,99.667,84.297,58.164,0.3369,0.4806,0.2073,38.9705,0.123,d8737f0c355a8ca4,4
373,C:\Users\lalad\OneDrive\Desktop\Pinterest-всякое\pin_0373_e393749c33ac.jpg,pin_0373_e393749c33ac.jpg,1080,764,1.4136,landscape,103.312,117.456,115.686,0.4432,0.3319,0.2487,35.3811,0.1062,dddfa5280a9266a5,8
374,C:\Users\lalad\OneDrive\Desktop\Pinterest-всякое\pin_0374_2ff8898f516e.jpg,pin_0374_2ff8898f516e.jpg,1632,1224,1.3333,landscape,82.071,84.162,64.418,0.3188,0.2888,0.1498,18.8204,0.0419,b74a3a93c4cd1b51,1
375,C:\Users\lalad\OneDrive\Desktop\Pinterest-всякое\pin_0375_43f851a3f094.jpg,pin_0375_43f851a3f094.jpg,1493,1389,1.0749,square-ish,72.372,84.617,55.829,0.3046,0.4965,0.2249,40.6458,0.1534,872d3831a34edec3,6
376,C:\Users\lalad\OneDrive\Desktop\Pinterest-всякое\pin_0376_42bd6071810d.jpg,pin_0376_42bd6071810d.jpg,1080,1346,0.8024,portrait,71.477,65.027,68.371,0.2641,0.3725,0.3208,16.0957,0.079,c44e78876e70b371,1
377,C:\Users\lalad\OneDrive\Desktop\Pinterest-всякое\pin_0377_41fd7d6586ee.jpg,pin_0377_41fd7d6586ee.jpg,1390,2048,0.6787,portrait,143.415,121.955,98.52,0.493,0.3497,0.2082,29.7072,0.0634,b8e78c132d6e8c69,9
378,C:\Users\lalad\OneDrive\Desktop\Pinterest-всякое\pin_0378_6facaefc9aec.jpg,pin_0378_6facaefc9aec.jpg,680,510,1.3333,landscape,65.7,60.911,50.534,0.2399,0.2404,0.1294,19.2206,0.0883,91d94f232bdd6684,0
379,C:\Users\lalad\OneDrive\Desktop\Pinterest-всякое\pin_0379_bfb4f562f6ad.jpg,pin_0379_bfb4f562f6ad.jpg,1080,1350,0.8,portrait,138.727,129.879,119.042,0.5149,0.1959,0.2222,18.4325,0.138,fa29f21643329f91,7
380,C:\Users\lalad\OneDrive\Desktop\Pinterest-всякое\pin_0380_acbb9d8dcb00.jpg,pin_0380_acbb9d8dcb00.jpg,631,398,1.5854,landscape,61.431,55.88,50.673,0.2234,0.2283,0.1908,13.4279,0.2097,f80d79e9b5943342,6
381,C:\Users\lalad\OneDrive\Desktop\Pinterest-всякое\pin_0381_1544843d7c59.jpg,pin_0381_1544843d7c59.jpg,1080,1438,0.751,portrait,154.487,119.736,96.951,0.5002,0.3974,0.1728,38.6038,0.0609,c07f37c1c93e2dc0,2
382,C:\Users\lalad\OneDrive\Desktop\Pinterest-всякое\pin_0382_a4f9e4038229.jpg,pin_0382_a4f9e4038229.jpg,640,640,1.0,square-ish,83.875,48.648,45.612,0.2306,0.561,0.3093,64.8292,0.1142,cd3661192487f979,4
383,C:\Users\lalad\OneDrive\Desktop\Pinterest-всякое\pin_0383_b84eb0e9ca13.jpg,pin_0383_b84eb0e9ca13.jpg,1422,1922,0.7399,portrait,141.226,95.342,79.28,0.4205,0.4736,0.2326,47.756,0.1365,ad5ee76906e1f006,9
384,C:\Users\lalad\OneDrive\Desktop\Pinterest-всякое\pin_0384_3e1267994a14.jpg,pin_0384_3e1267994a14.jpg,720,798,0.9023,square-ish,211.318,206.802,206.343,0.8163,0.0756,0.3205,16.7709,0.0772,cbb7b44893c2c996,3
385,C:\Users\lalad\OneDrive\Desktop\Pinterest-всякое\pin_0385_3985bd9d3a61.jpg,pin_0385_3985bd9d3a61.jpg,1080,1120,0.9643,square-ish,129.499,83.099,60.84,0.3703,0.6583,0.288,63.3289,0.0483,85344ac37cd30dbb,4
386,C:\Users\lalad\OneDrive\Desktop\Pinterest-всякое\pin_0386_1c3b9382b50a.jpg,pin_0386_1c3b9382b50a.jpg,1200,805,1.4907,landscape,83.511,74.346,64.012,0.2977,0.293,0.1522,12.9407,0.0459,ea385c9ed8928567,1
387,C:\Users\lalad\OneDrive\Desktop\Pinterest-всякое\pin_0387_23c12d1cd404.jpg,pin_0387_23c12d1cd404.jpg,959,1161,0.826,square-ish,112.793,56.201,53.901,0.2857,0.5694,0.2376,73.9363,0.1529,cfc247ad6217a433,4
388,C:\Users\lalad\OneDrive\Desktop\Pinterest-всякое\pin_0388_318b5ef0cfe9.jpg,pin_0388_318b5ef0cfe9.jpg,960,613,1.5661,landscape,55.857,43.758,31.204,0.1802,0.4945,0.2442,40.1485,0.0488,936cb30d60b1e9f8,0
389,C:\Users\lalad\OneDrive\Desktop\Pinterest-всякое\pin_0389_173f4cacf7f5.jpg,pin_0389_173f4cacf7f5.jpg,1200,905,1.326,landscape,105.273,93.652,90.254,0.3794,0.2867,0.2781,22.2007,0.182,8cbde54be218f0cc,6
390,C:\Users\lalad\OneDrive\Desktop\Pinterest-всякое\pin_0390_812e5e0e89f8.jpg,pin_0390_812e5e0e89f8.jpg,1280,853,1.5006,landscape,96.586,111.657,106.153,0.4177,0.2139,0.2493,15.8127,0.1484,84af3c819795670f,8
391,C:\Users\lalad\OneDrive\Desktop\Pinterest-всякое\pin_0391_29adc09a24ab.jpg,pin_0391_29adc09a24ab.jpg,828,833,0.994,square-ish,90.19,90.19,90.19,0.3537,0.0,0.2571,0.0,0.1604,e161941f349f2dc3,1
392,C:\Users\lalad\OneDrive\Desktop\Pinterest-всякое\pin_0392_413c06d36be4.jpg,pin_0392_413c06d36be4.jpg,720,713,1.0098,square-ish,75.193,75.441,75.787,0.2957,0.0825,0.2089,7.2782,0.0482,8fea6191c8ceb64c,1
393,C:\Users\lalad\OneDrive\Desktop\Pinterest-всякое\pin_0393_284f8dad6707.jpg,pin_0393_284f8dad6707.jpg,1121,1200,0.9342,square-ish,88.871,102.971,75.986,0.3752,0.39,0.219,29.3276,0.0936,839ce0e3bce5930d,1
394,C:\Users\lalad\OneDrive\Desktop\Pinterest-всякое\pin_0394_5700d8bbc847.jpg,pin_0394_5700d8bbc847.jpg,1170,818,1.4303,landscape,110.629,118.397,86.729,0.441,0.3445,0.2559,40.2262,0.2655,d0968ea6257bbca1,6
395,C:\Users\lalad\OneDrive\Desktop\Pinterest-всякое\pin_0395_069478e841c7.jpg,pin_0395_069478e841c7.jpg,876,1317,0.6651,portrait,230.611,227.133,227.172,0.8948,0.0233,0.2398,14.1195,0.0603,f326cd8c32ccc669,11
396,C:\Users\lalad\OneDrive\Desktop\Pinterest-всякое\pin_0396_892f25c806f0.jpg,pin_0396_892f25c806f0.jpg,720,659,1.0926,square-ish,128.497,116.756,111.184,0.4691,0.1709,0.199,22.9423,0.0351,aa84153abf7c2e43,1
397,C:\Users\lalad\OneDrive\Desktop\Pinterest-всякое\pin_0397_64cc5837320d.jpg,pin_0397_64cc5837320d.jpg,2048,2039,1.0044,square-ish,141.843,142.676,145.222,0.5596,0.0889,0.2363,18.0987,0.1204,d03d6f4f7242c692,7
398,C:\Users\lalad\OneDrive\Desktop\Pinterest-всякое\pin_0398_ebb6f8c53744.jpg,pin_0398_ebb6f8c53744.jpg,500,647,0.7728,portrait,226.256,202.374,202.749,0.8218,0.1392,0.164,31.0889,0.0774,bc3c9c9c98d92363,11
399,C:\Users\lalad\OneDrive\Desktop\Pinterest-всякое\pin_0399_706f62030f17.jpg,pin_0399_706f62030f17.jpg,1179,891,1.3232,landscape,158.618,136.123,108.043,0.5476,0.3797,0.2802,48.4821,0.1702,fe44a393936a25f0,6
400,C:\Users\lalad\OneDrive\Desktop\Pinterest-всякое\pin_0400_5aabac84edd0.jpg,pin_0400_5aabac84edd0.jpg,1142,1815,0.6292,portrait,232.849,236.199,243.111,0.9254,0.0567,0.1606,25.7006,0.0985,ee2b5229532b523b,11
401,C:\Users\lalad\OneDrive\Desktop\Pinterest-всякое\pin_0401_a11e8329de40.jpg,pin_0401_a11e8329de40.jpg,256,256,1.0,square-ish,81.893,78.792,75.932,0.3117,0.0975,0.1922,13.2924,0.0444,9a3a654dcd389c33,1
402,C:\Users\lalad\OneDrive\Desktop\Pinterest-всякое\pin_0402_dee2b9903692.jpg,pin_0402_dee2b9903692.jpg,256,256,1.0,square-ish,107.724,96.139,82.639,0.3846,0.2842,0.1623,14.5338,0.054,c09f0e7c3f623c61,1
403,C:\Users\lalad\OneDrive\Desktop\Pinterest-всякое\pin_0403_4fa5c412978c.jpg,pin_0403_4fa5c412978c.jpg,654,626,1.0447,square-ish,133.072,129.095,121.918,0.5078,0.2049,0.2455,24.3866,0.0915,beef61c18c60c43e,8
404,C:\Users\lalad\OneDrive\Desktop\Pinterest-всякое\pin_0404_8c0c1d6c3fae.jpg,pin_0404_8c0c1d6c3fae.jpg,1078,1186,0.9089,square-ish,125.655,142.416,148.513,0.5415,0.3004,0.264,35.5418,0.1382,aec5d89aa72c3a83,7
405,C:\Users\lalad\OneDrive\Desktop\Pinterest-всякое\pin_0405_01e9fe41e00c.jpg,pin_0405_01e9fe41e00c.jpg,960,1280,0.75,portrait,54.922,51.984,45.678,0.2045,0.3012,0.1577,25.3413,0.0697,bac943a7aa703137,0
406,C:\Users\lalad\OneDrive\Desktop\Pinterest-всякое\pin_0406_6ac21d6609a5.jpg,pin_0406_6ac21d6609a5.jpg,987,960,1.0281,square-ish,189.18,155.672,150.832,0.6475,0.2923,0.2306,62.8226,0.1493,f0ceb92191e54e39,10
407,C:\Users\lalad\OneDrive\Desktop\Pinterest-всякое\pin_0407_ceaf106291c4.jpg,pin_0407_ceaf106291c4.jpg,960,1359,0.7064,portrait,75.346,66.065,74.137,0.2736,0.4138,0.2341,33.526,0.0875,9a6c2373d0ceb199,9
408,C:\Users\lalad\OneDrive\Desktop\Pinterest-всякое\pin_0408_32666aec6dc6.jpg,pin_0408_32666aec6dc6.jpg,960,1200,0.8,portrait,206.946,189.998,169.536,0.7557,0.2107,0.2329,42.2818,0.0905,ca979a6ba5cf3022,3
409,C:\Users\lalad\OneDrive\Desktop\Pinterest-всякое\pin_0409_0ad2d033e62f.png,pin_0409_0ad2d033e62f.png,578,1156,0.5,portrait,183.504,176.34,163.953,0.6944,0.1991,0.375,43.3119,0.0908,e9e0861eb5a60fe1,5
410,C:\Users\lalad\OneDrive\Desktop\Pinterest-всякое\pin_0410_864298cef7de.jpg,pin_0410_864298cef7de.jpg,1142,1280,0.8922,square-ish,79.132,83.428,67.711,0.3152,0.424,0.2354,29.9073,0.1122,9430b5e14ec16fe5,1
411,C:\Users\lalad\OneDrive\Desktop\Pinterest-всякое\pin_0411_752e330eb5b6.jpg,pin_0411_752e330eb5b6.jpg,1024,1024,1.0,square-ish,108.334,71.819,57.608,0.3181,0.4275,0.2057,77.8979,0.057,afb0a28673cd5629,4
412,C:\Users\lalad\OneDrive\Desktop\Pinterest-всякое\pin_0412_d419528653da.jpg,pin_0412_d419528653da.jpg,437,762,0.5735,portrait,164.042,144.067,128.671,0.5815,0.2458,0.1798,40.1762,0.1309,ddc693ae64356388,7
413,C:\Users\lalad\OneDrive\Desktop\Pinterest-всякое\pin_0413_03aed0b22341.jpg,pin_0413_03aed0b22341.jpg,720,717,1.0042,square-ish,57.231,62.57,67.454,0.2413,0.3676,0.1955,14.9434,0.0515,95e2481a659f379c,0
414,C:\Users\lalad\OneDrive\Desktop\Pinterest-всякое\pin_0414_c1653ae5d514.jpg,pin_0414_c1653ae5d514.jpg,1200,1034,1.1605,square-ish,179.996,171.701,158.77,0.6774,0.1285,0.2362,19.9519,0.1382,92427d3d5172f394,3
415,C:\Users\lalad\OneDrive\Desktop\Pinterest-всякое\pin_0415_ef3694aabf09.jpg,pin_0415_ef3694aabf09.jpg,427,426,1.0023,square-ish,100.392,93.248,116.36,0.3844,0.2702,0.2624,25.9553,0.1655,9585c47a693d1c97,6
416,C:\Users\lalad\OneDrive\Desktop\Pinterest-всякое\pin_0416_f3dc85f0e3ba.jpg,pin_0416_f3dc85f0e3ba.jpg,640,422,1.5166,landscape,119.152,102.582,89.108,0.4157,0.425,0.3138,51.5141,0.1644,d590a4c39bca68b7,6
417,C:\Users\lalad\OneDrive\Desktop\Pinterest-всякое\pin_0417_e26cfa8ac3c8.jpg,pin_0417_e26cfa8ac3c8.jpg,574,514,1.1167,square-ish,117.525,111.206,103.91,0.4403,0.2939,0.313,30.629,0.1463,e465d91a9abce4c1,6
418,C:\Users\lalad\OneDrive\Desktop\Pinterest-всякое\pin_0418_64426b1e220e.jpg,pin_0418_64426b1e220e.jpg,1024,725,1.4124,landscape,229.299,229.363,214.744,0.8929,0.0894,0.1055,29.1416,0.0907,fe3ca713b494a360,11
419,C:\Users\lalad\OneDrive\Desktop\Pinterest-всякое\pin_0419_6b5281da8c9d.jpg,pin_0419_6b5281da8c9d.jpg,2048,1343,1.5249,landscape,238.591,214.58,215.104,0.8699,0.1144,0.169,60.0244,0.14,bc1cc3c3c1e1c3e3,11
420,C:\Users\lalad\OneDrive\Desktop\Pinterest-всякое\pin_0420_0521476a93df.jpg,pin_0420_0521476a93df.jpg,3464,3464,1.0,square-ish,153.283,127.968,104.414,0.521,0.3432,0.2072,50.8032,0.0933,90ecf39d1c724d62,10
421,C:\Users\lalad\OneDrive\Desktop\Pinterest-всякое\pin_0421_67f879d4e57e.jpg,pin_0421_67f879d4e57e.jpg,3464,3464,1.0,square-ish,177.67,147.439,119.832,0.6013,0.3387,0.1868,62.709,0.1525,f492827d36ca0d73,10
422,C:\Users\lalad\OneDrive\Desktop\Pinterest-всякое\pin_0422_ba4e3f7e8a39.png,pin_0422_ba4e3f7e8a39.png,930,930,1.0,square-ish,210.031,209.367,199.144,0.8172,0.0953,0.2914,25.3873,0.0695,eb8c9699ce723384,3
423,C:\Users\lalad\OneDrive\Desktop\Pinterest-всякое\pin_0423_d866490063fd.jpg,pin_0423_d866490063fd.jpg,1079,1402,0.7696,portrait,69.5,82.887,78.302,0.3072,0.322,0.2992,12.8478,0.0428,ba412672add887f8,1
424,C:\Users\lalad\OneDrive\Desktop\Pinterest-всякое\pin_0424_f9cfdea90e09.jpg,pin_0424_f9cfdea90e09.jpg,1622,2048,0.792,portrait,148.752,139.871,137.815,0.558,0.1224,0.2921,25.8374,0.0761,ec355bedc68c9092,5
425,C:\Users\lalad\OneDrive\Desktop\Pinterest-всякое\pin_0425_4f1b0cfc852d.png,pin_0425_4f1b0cfc852d.png,2480,2480,1.0,square-ish,217.01,217.009,217.008,0.851,0.0,0.2975,0.0384,0.108,b4cb9b8e643c9332,3
426,C:\Users\lalad\OneDrive\Desktop\Pinterest-всякое\pin_0426_cab40ad11015.jpg,pin_0426_cab40ad11015.jpg,2144,2144,1.0,square-ish,127.298,128.158,128.054,0.5015,0.0786,0.3124,8.5052,0.1793,c2de556d65652f02,5
427,C:\Users\lalad\OneDrive\Desktop\Pinterest-всякое\pin_0427_75af4f425e8f.jpg,pin_0427_75af4f425e8f.jpg,462,1125,0.4107,portrait,36.691,34.449,30.93,0.1361,0.0795,0.1524,10.3255,0.0285,c8983666dbc31d39,0
428,C:\Users\lalad\OneDrive\Desktop\Pinterest-всякое\pin_0428_a67108be0167.jpg,pin_0428_a67108be0167.jpg,736,736,1.0,square-ish,108.637,104.208,98.536,0.4112,0.0982,0.0954,13.9539,0.004,ccc926729fcc4837,1
429,C:\Users\lalad\OneDrive\Desktop\Pinterest-всякое\pin_0429_5ccd8042f3cf.jpg,pin_0429_5ccd8042f3cf.jpg,474,474,1.0,square-ish,180.938,176.101,176.462,0.6966,0.0698,0.3222,8.8163,0.0477,9b43e6ec3109b43e,3
430,C:\Users\lalad\OneDrive\Desktop\Pinterest-всякое\pin_0430_0d49fcd61b84.jpg,pin_0430_0d49fcd61b84.jpg,990,715,1.3846,landscape,239.025,238.339,235.959,0.9344,0.0241,0.1757,8.1522,0.0671,b84ec7b138cccc87,11
431,C:\Users\lalad\OneDrive\Desktop\Pinterest-всякое\pin_0431_3a5618f1c5fe.jpg,pin_0431_3a5618f1c5fe.jpg,597,597,1.0,square-ish,156.618,156.618,156.618,0.6142,0.0,0.3847,0.0,0.092,be47c6c08da596b2,5
432,C:\Users\lalad\OneDrive\Desktop\Pinterest-всякое\pin_0432_91e283c63a1b.jpg,pin_0432_91e283c63a1b.jpg,736,736,1.0,square-ish,223.126,223.126,223.126,0.875,0.0,0.2902,0.0,0.0953,a6c9da3cd9790c86,3
433,C:\Users\lalad\OneDrive\Desktop\Pinterest-всякое\pin_0433_a3684935635d.jpg,pin_0433_a3684935635d.jpg,563,611,0.9214,square-ish,223.696,223.696,223.696,0.8772,0.0,0.3132,0.0,0.0372,e5648e739a983996,3
434,C:\Users\lalad\OneDrive\Desktop\Pinterest-всякое\pin_0434_b22e362c06bf.jpg,pin_0434_b22e362c06bf.jpg,480,640,0.75,portrait,98.961,84.276,78.125,0.345,0.2468,0.2463,27.7396,0.0622,ddc711195cea0717,9
435,C:\Users\lalad\OneDrive\Desktop\Pinterest-всякое\pin_0435_d47098b0f0da.jpg,pin_0435_d47098b0f0da.jpg,536,611,0.8773,square-ish,58.033,58.033,58.033,0.2276,0.0,0.4019,0.0,0.056,8eab3165c3929ada,5
436,C:\Users\lalad\OneDrive\Desktop\Pinterest-всякое\pin_0436_b087c2c64308.jpg,pin_0436_b087c2c64308.jpg,736,736,1.0,square-ish,92.384,92.3,92.326,0.3621,0.0223,0.4543,1.2843,0.0471,c731286eda9689e6,5
437,C:\Users\lalad\OneDrive\Desktop\Pinterest-всякое\pin_0437_b06e12b592ca.webp,pin_0437_b06e12b592ca.webp,579,593,0.9764,square-ish,22.755,22.751,22.755,0.0892,0.0001,0.2002,0.0766,0.1263,99d966263c5999b1,0
438,C:\Users\lalad\OneDrive\Desktop\Pinterest-всякое\pin_0438_b2ad32af45cc.jpg,pin_0438_b2ad32af45cc.jpg,1080,1080,1.0,square-ish,228.337,221.988,217.836,0.8761,0.0767,0.1588,25.9267,0.0258,f8b0874f6836d459,11
439,C:\Users\lalad\OneDrive\Desktop\Pinterest-всякое\pin_0439_530a4aae6db6.jpg,pin_0439_530a4aae6db6.jpg,1070,986,1.0852,square-ish,226.307,222.48,215.543,0.8739,0.0729,0.2312,21.6777,0.0491,bfc0271cd9079c9c,11
440,C:\Users\lalad\OneDrive\Desktop\Pinterest-всякое\pin_0440_5d07281067b4.jpg,pin_0440_5d07281067b4.jpg,736,736,1.0,square-ish,242.602,240.022,238.119,0.9434,0.0235,0.1037,17.5423,0.0114,e62699996467c68e,11
441,C:\Users\lalad\OneDrive\Desktop\Pinterest-всякое\pin_0441_22db16ae8487.jpg,pin_0441_22db16ae8487.jpg,1179,1175,1.0034,square-ish,203.296,211.95,218.841,0.8242,0.1006,0.1426,24.1535,0.0345,f9e19ed2c790c318,11
442,C:\Users\lalad\OneDrive\Desktop\Pinterest-всякое\pin_0442_7299ee5542c7.jpg,pin_0442_7299ee5542c7.jpg,736,569,1.2935,landscape,149.59,121.393,113.036,0.5054,0.3404,0.2169,42.5851,0.0178,8f181050575757df,8
443,C:\Users\lalad\OneDrive\Desktop\Pinterest-всякое\pin_0443_287f500c023d.jpg,pin_0443_287f500c023d.jpg,1080,1920,0.5625,portrait,76.4,73.475,89.243,0.2985,0.3213,0.2139,22.6413,0.2029,c427444d4ecbf9cc,9
444,C:\Users\lalad\OneDrive\Desktop\Pinterest-всякое\pin_0444_4b7de6709969.png,pin_0444_4b7de6709969.png,245,236,1.0381,square-ish,98.414,98.414,98.414,0.3859,0.0,0.4275,0.0,0.1391,87b37ad2712e9434,5
445,C:\Users\lalad\OneDrive\Desktop\Pinterest-всякое\pin_0445_e118698a9be6.jpg,pin_0445_e118698a9be6.jpg,736,920,0.8,portrait,171.766,157.887,154.04,0.6334,0.11,0.3372,28.7213,0.0884,ebb4a443b0933ccb,5
446,C:\Users\lalad\OneDrive\Desktop\Pinterest-всякое\pin_0446_2b4a1ad62985.jpg,pin_0446_2b4a1ad62985.jpg,1224,1632,0.75,portrait,185.254,146.709,117.518,0.6075,0.3883,0.1542,40.3308,0.0325,fd330ee9db320c81,2
447,C:\Users\lalad\OneDrive\Desktop\Pinterest-всякое\pin_0447_a195cafde347.jpg,pin_0447_a195cafde347.jpg,2651,4080,0.6498,portrait,163.875,123.522,92.088,0.5177,0.465,0.1813,63.1939,0.1534,d73b3950e8d9c087,10
448,C:\Users\lalad\OneDrive\Desktop\Pinterest-всякое\pin_0448_f26e5d5507d8.jpg,pin_0448_f26e5d5507d8.jpg,1280,960,1.3333,landscape,166.965,156.727,141.373,0.6197,0.1642,0.1526,17.2491,0.1034,d5943fe292e033c3,2
449,C:\Users\lalad\OneDrive\Desktop\Pinterest-всякое\pin_0449_0bee426480b5.jpg,pin_0449_0bee426480b5.jpg,735,856,0.8586,square-ish,198.318,194.62,191.555,0.7662,0.24,0.2896,62.226,0.0861,a49b9794c9cea526,3
450,C:\Users\lalad\OneDrive\Desktop\Pinterest-всякое\pin_0450_f1cceb537ed5.jpg,pin_0450_f1cceb537ed5.jpg,1080,1920,0.5625,portrait,150.073,149.358,142.842,0.5836,0.2223,0.3273,23.4917,0.0897,95443acbc585f636,5
451,C:\Users\lalad\OneDrive\Desktop\Pinterest-всякое\pin_0451_22a2d8e390d5.jpg,pin_0451_22a2d8e390d5.jpg,634,837,0.7575,portrait,83.831,78.698,81.942,0.3161,0.4954,0.1771,44.6392,0.1292,c068631f254f9cf3,4
452,C:\Users\lalad\OneDrive\Desktop\Pinterest-всякое\pin_0452_6b981494485c.jpg,pin_0452_6b981494485c.jpg,1200,1636,0.7335,portrait,124.855,114.484,106.013,0.4573,0.1376,0.3435,22.7658,0.0615,d0c70b2d7d247c36,5
453,C:\Users\lalad\OneDrive\Desktop\Pinterest-всякое\pin_0453_86e1008cd58e.jpg,pin_0453_86e1008cd58e.jpg,760,1072,0.709,portrait,198.103,184.741,185.639,0.7405,0.2038,0.2269,57.3175,0.1162,e9c3863cdb4a3661,7
454,C:\Users\lalad\OneDrive\Desktop\Pinterest-всякое\pin_0454_6fb9e9f1c46f.jpg,pin_0454_6fb9e9f1c46f.jpg,818,1074,0.7616,portrait,163.014,167.125,184.516,0.6583,0.1683,0.1834,41.8142,0.1253,acdb13b0b0e88e5b,7
455,C:\Users\lalad\OneDrive\Desktop\Pinterest-всякое\pin_0455_cae6a726a0e4.jpg,pin_0455_cae6a726a0e4.jpg,797,1077,0.74,portrait,224.972,220.856,222.417,0.8716,0.0237,0.2057,19.3408,0.0887,e59d9ac6d8699226,11
456,C:\Users\lalad\OneDrive\Desktop\Pinterest-всякое\pin_0456_8063896e174e.jpg,pin_0456_8063896e174e.jpg,736,736,1.0,square-ish,199.253,199.116,181.689,0.7732,0.1428,0.2273,38.8988,0.0237,e3d21d72725d9146,11
457,C:\Users\lalad\OneDrive\Desktop\Pinterest-всякое\pin_0457_632a67d7079c.jpg,pin_0457_632a67d7079c.jpg,1080,1920,0.5625,portrait,92.506,89.555,86.333,0.3532,0.1402,0.2537,16.2352,0.1755,98d63f78636d6412,9
458,C:\Users\lalad\OneDrive\Desktop\Pinterest-всякое\pin_0458_190548e69d78.jpg,pin_0458_190548e69d78.jpg,594,420,1.4143,landscape,65.23,65.23,65.23,0.2558,0.0,0.25,0.0,0.0789,cc2cb1f323e6c607,1
459,C:\Users\lalad\OneDrive\Desktop\Pinterest-всякое\pin_0459_7a5983680c33.jpg,pin_0459_7a5983680c33.jpg,1280,854,1.4988,landscape,143.558,121.265,102.576,0.4933,0.3365,0.2433,30.6466,0.054,a5d9920cc10fdf27,8
460,C:\Users\lalad\OneDrive\Desktop\Pinterest-всякое\pin_0460_0ff371cfac23.jpg,pin_0460_0ff371cfac23.jpg,1080,1350,0.8,portrait,125.712,99.859,73.186,0.41,0.4906,0.249,34.2423,0.1626,de643c954188e7d3,6
461,C:\Users\lalad\OneDrive\Desktop\Pinterest-всякое\pin_0461_96b44d2dd1b2.jpg,pin_0461_96b44d2dd1b2.jpg,1440,1440,1.0,square-ish,70.502,47.481,70.082,0.2233,0.4707,0.0782,52.1687,0.0382,ad4cdad1eb64a262,0
462,C:\Users\lalad\OneDrive\Desktop\Pinterest-всякое\pin_0462_456c116859b5.jpg,pin_0462_456c116859b5.jpg,2048,1974,1.0375,square-ish,65.463,47.275,48.386,0.2072,0.4039,0.2702,45.076,0.1313,c0263fd91e6366cc,4
463,C:\Users\lalad\OneDrive\Desktop\Pinterest-всякое\pin_0463_6633b428c6d6.jpg,pin_0463_6633b428c6d6.jpg,675,1200,0.5625,portrait,36.423,31.549,25.564,0.1266,0.3458,0.1405,16.9636,0.0728,e23b9e63b80e1378,0
464,C:\Users\lalad\OneDrive\Desktop\Pinterest-всякое\pin_0464_34807700a4b6.jpg,pin_0464_34807700a4b6.jpg,750,937,0.8004,portrait,136.673,122.498,96.381,0.4853,0.3621,0.1918,41.7874,0.1341,e81fc3e19d5a2585,9
465,C:\Users\lalad\OneDrive\Desktop\Pinterest-всякое\pin_0465_7bff934693af.png,pin_0465_7bff934693af.png,735,490,1.5,landscape,35.779,28.157,19.833,0.1156,0.4812,0.1483,18.465,0.063,93576c68b3634764,0
466,C:\Users\lalad\OneDrive\Desktop\Pinterest-всякое\pin_0466_aef1a31237ff.jpg,pin_0466_aef1a31237ff.jpg,736,736,1.0,square-ish,100.734,99.557,108.768,0.396,0.1443,0.2233,15.5291,0.0656,84a86b4e6e963c5e,1
467,C:\Users\lalad\OneDrive\Desktop\Pinterest-всякое\pin_0467_771b054b710d.jpg,pin_0467_771b054b710d.jpg,422,750,0.5627,portrait,137.852,134.867,135.984,0.5329,0.0904,0.1363,12.5684,0.0581,81b2f5d1c6531e2b,2
468,C:\Users\lalad\OneDrive\Desktop\Pinterest-всякое\pin_0468_8d10bb5dce46.png,pin_0468_8d10bb5dce46.png,2048,1693,1.2097,square-ish,54.712,54.712,54.712,0.2146,0.0,0.332,0.0,0.1491,8adca969e3f29283,1
469,C:\Users\lalad\OneDrive\Desktop\Pinterest-всякое\pin_0469_371adaef2771.jpg,pin_0469_371adaef2771.jpg,736,981,0.7503,portrait,76.856,79.723,78.821,0.3089,0.2704,0.2434,24.5752,0.0928,dfc418fcb12372c2,9
470,C:\Users\lalad\OneDrive\Desktop\Pinterest-всякое\pin_0470_65c72dde4682.jpg,pin_0470_65c72dde4682.jpg,638,796,0.8015,portrait,214.371,201.896,195.049,0.8033,0.1372,0.2559,40.8265,0.0993,fab9d0e80d19b6c4,3
471,C:\Users\lalad\OneDrive\Desktop\Pinterest-всякое\pin_0471_bbf5d543a309.jpg,pin_0471_bbf5d543a309.jpg,1125,839,1.3409,landscape,163.648,153.201,138.625,0.6065,0.3321,0.2193,68.0332,0.1479,b8e18ddcc397644a,10
472,C:\Users\lalad\OneDrive\Desktop\Pinterest-всякое\pin_0472_ba0f1d00d83c.jpg,pin_0472_ba0f1d00d83c.jpg,744,1024,0.7266,portrait,141.423,126.892,98.107,0.5018,0.3553,0.3021,37.3901,0.0852,d9dc642b4b42dac6,9
473,C:\Users\lalad\OneDrive\Desktop\Pinterest-всякое\pin_0473_8fd892feb134.jpg,pin_0473_8fd892feb134.jpg,937,1383,0.6775,portrait,91.629,91.567,91.554,0.3592,0.0009,0.2918,0.8232,0.0737,843738866bb4dc4f,9
474,C:\Users\lalad\OneDrive\Desktop\Pinterest-всякое\pin_0474_e745928c75c1.png,pin_0474_e745928c75c1.png,872,630,1.3841,landscape,247.822,247.299,248.416,0.9709,0.01,0.0943,9.4528,0.095,ebb4964936964b94,11
475,C:\Users\lalad\OneDrive\Desktop\Pinterest-всякое\pin_0475_4b040971d6c4.jpg,pin_0475_4b040971d6c4.jpg,2448,3264,0.75,portrait,163.805,149.881,140.52,0.5999,0.1628,0.1574,19.1426,0.0809,b8dc944fb1c9149e,2
476,C:\Users\lalad\OneDrive\Desktop\Pinterest-всякое\pin_0476_3cc89b820654.jpg,pin_0476_3cc89b820654.jpg,1694,1224,1.384,landscape,151.759,153.736,145.477,0.5969,0.1069,0.2284,17.8768,0.1477,e7c69ab8c864709b,8
477,C:\Users\lalad\OneDrive\Desktop\Pinterest-всякое\pin_0477_c7e68ed73f7f.jpg,pin_0477_c7e68ed73f7f.jpg,1179,1196,0.9858,square-ish,124.763,121.573,119.438,0.4795,0.1539,0.2622,16.0532,0.0846,8e26f43ab2263f98,5
478,C:\Users\lalad\OneDrive\Desktop\Pinterest-всякое\pin_0478_53e378501abd.png,pin_0478_53e378501abd.png,1080,810,1.3333,landscape,72.718,64.69,58.04,0.2601,0.3512,0.2122,17.5539,0.1422,929b6f6590992be2,1
479,C:\Users\lalad\OneDrive\Desktop\Pinterest-всякое\pin_0479_1f3f29627761.jpg,pin_0479_1f3f29627761.jpg,600,388,1.5464,landscape,86.418,66.014,47.165,0.2744,0.5794,0.2463,33.3442,0.1125,c05687dbc43e1fe0,4
480,C:\Users\lalad\OneDrive\Desktop\Pinterest-всякое\pin_0480_ccdf3fd064e8.jpg,pin_0480_ccdf3fd064e8.jpg,735,656,1.1204,square-ish,184.298,176.806,168.538,0.6985,0.0976,0.1883,11.1215,0.1059,ea3ece136d6061cc,3
481,C:\Users\lalad\OneDrive\Desktop\Pinterest-всякое\pin_0481_5c932e2dfb9d.jpg,pin_0481_5c932e2dfb9d.jpg,828,1035,0.8,portrait,153.84,153.577,150.849,0.6014,0.0404,0.2713,4.7269,0.0807,ec3290e507e4cdcb,5
482,C:\Users\lalad\OneDrive\Desktop\Pinterest-всякое\pin_0482_36b30052a4bd.jpg,pin_0482_36b30052a4bd.jpg,1224,1632,0.75,portrait,158.448,148.945,137.101,0.5899,0.188,0.2222,21.1125,0.0761,e1a132e67565ce70,2
483,C:\Users\lalad\OneDrive\Desktop\Pinterest-всякое\pin_0483_26b516ea60f3.jpg,pin_0483_26b516ea60f3.jpg,554,546,1.0147,square-ish,117.316,109.675,101.461,0.4353,0.1757,0.2391,13.3848,0.0264,ff8c80a1c59157cb,1
484,C:\Users\lalad\OneDrive\Desktop\Pinterest-всякое\pin_0484_28f4de1c85ef.jpg,pin_0484_28f4de1c85ef.jpg,736,736,1.0,square-ish,161.461,146.959,129.039,0.5853,0.2235,0.1593,57.7719,0.0263,94da1be66a91632e,2
485,C:\Users\lalad\OneDrive\Desktop\Pinterest-всякое\pin_0485_281a731e67a0.jpg,pin_0485_281a731e67a0.jpg,735,732,1.0041,square-ish,181.932,166.54,146.495,0.6622,0.2397,0.1549,35.0826,0.0323,ce2734ce8d989b29,2
486,C:\Users\lalad\OneDrive\Desktop\Pinterest-всякое\pin_0486_d04d73fc97ba.jpg,pin_0486_d04d73fc97ba.jpg,750,272,2.7574,landscape,233.953,233.953,233.95,0.9175,0.0,0.2224,0.143,0.0844,a96a959de7130e29,11
487,C:\Users\lalad\OneDrive\Desktop\Pinterest-всякое\pin_0487_728170cdb576.jpg,pin_0487_728170cdb576.jpg,750,1000,0.75,portrait,207.803,193.102,183.508,0.7701,0.1641,0.2488,51.9693,0.1088,e2cb9818ada5e53a,3
488,C:\Users\lalad\OneDrive\Desktop\Pinterest-всякое\pin_0488_3e0155eae503.png,pin_0488_3e0155eae503.png,640,809,0.7911,portrait,59.287,51.918,45.333,0.2095,0.1765,0.1808,23.4514,0.093,d4fc6b4bcc932318,0
489,C:\Users\lalad\OneDrive\Desktop\Pinterest-всякое\pin_0489_6eab79a1a986.jpg,pin_0489_6eab79a1a986.jpg,1752,1168,1.5,landscape,115.606,122.895,102.028,0.464,0.2094,0.2231,22.2481,0.2047,d0ef92a5588d7364,6
490,C:\Users\lalad\OneDrive\Desktop\Pinterest-всякое\pin_0490_98aa447a0cf0.jpg,pin_0490_98aa447a0cf0.jpg,600,600,1.0,square-ish,165.805,153.914,103.265,0.5949,0.4145,0.1828,46.9908,0.0594,b243cc7cd9368b2c,2
491,C:\Users\lalad\OneDrive\Desktop\Pinterest-всякое\pin_0491_8b3161c46f0b.jpg,pin_0491_8b3161c46f0b.jpg,2048,1920,1.0667,square-ish,149.504,144.142,139.118,0.5693,0.0804,0.1938,8.2492,0.0796,8cb2f3b98ca6919c,2
492,C:\Users\lalad\OneDrive\Desktop\Pinterest-всякое\pin_0492_848f3796a6f8.jpg,pin_0492_848f3796a6f8.jpg,750,750,1.0,square-ish,230.626,228.214,222.505,0.8952,0.042,0.2046,27.5999,0.1326,bfe09696e02b7096,11
493,C:\Users\lalad\OneDrive\Desktop\Pinterest-всякое\pin_0493_3d06f0f3cd02.jpg,pin_0493_3d06f0f3cd02.jpg,1200,872,1.3761,landscape,127.418,129.679,134.741,0.5081,0.0945,0.3037,14.5718,0.1783,fefd82648987c491,8
494,C:\Users\lalad\OneDrive\Desktop\Pinterest-всякое\pin_0494_551ce932311d.jpg,pin_0494_551ce932311d.jpg,1101,1101,1.0,square-ish,30.405,28.494,28.182,0.1142,0.087,0.0756,18.9507,0.0365,d0a82b4b67563eb4,0
495,C:\Users\lalad\OneDrive\Desktop\Pinterest-всякое\pin_0495_87ea7c356d89.jpg,pin_0495_87ea7c356d89.jpg,2048,1366,1.4993,landscape,105.019,109.521,82.369,0.4121,0.3189,0.2459,28.8649,0.2415,921712f096b23bf6,6
496,C:\Users\lalad\OneDrive\Desktop\Pinterest-всякое\pin_0496_22a60ed5b81b.png,pin_0496_22a60ed5b81b.png,965,927,1.041,square-ish,125.526,108.931,104.181,0.4445,0.2885,0.3312,34.1042,0.1717,91876e6aca953cb1,6
497,C:\Users\lalad\OneDrive\Desktop\Pinterest-всякое\pin_0497_49e1a78d20f3.jpg,pin_0497_49e1a78d20f3.jpg,663,960,0.6906,portrait,128.62,117.857,107.943,0.4704,0.212,0.2255,17.1735,0.0928,b887eae0da09e5cc,9
498,C:\Users\lalad\OneDrive\Desktop\Pinterest-всякое\pin_0498_1ceccdf1453d.jpg,pin_0498_1ceccdf1453d.jpg,1382,1728,0.7998,portrait,117.181,79.21,61.298,0.3472,0.5681,0.2482,61.3501,0.0732,aa8a5f3925e24e69,4
499,C:\Users\lalad\OneDrive\Desktop\Pinterest-всякое\pin_0499_4618d792998e.jpg,pin_0499_4618d792998e.jpg,1010,800,1.2625,landscape,218.451,214.838,210.57,0.8448,0.1174,0.2142,40.0523,0.1147,ed128fad9364d292,11
500,C:\Users\lalad\OneDrive\Desktop\Pinterest-всякое\pin_0500_dd71e18484d3.jpg,pin_0500_dd71e18484d3.jpg,736,736,1.0,square-ish,141.076,97.868,100.882,0.4359,0.2786,0.2754,80.7651,0.0682,9c7961e6a35484bb,10
501,C:\Users\lalad\OneDrive\Desktop\Pinterest-всякое\pin_0501_7794419e1cc8.jpg,pin_0501_7794419e1cc8.jpg,736,736,1.0,square-ish,178.425,132.045,114.625,0.5645,0.4515,0.3219,87.8564,0.1124,917e704c26e949cf,10
502,C:\Users\lalad\OneDrive\Desktop\Pinterest-всякое\pin_0502_a69a59647c0f.jpg,pin_0502_a69a59647c0f.jpg,736,736,1.0,square-ish,152.925,124.871,107.75,0.515,0.3779,0.3568,61.2684,0.1146,c238287be097db72,10
503,C:\Users\lalad\OneDrive\Desktop\Pinterest-всякое\pin_0503_e65b24b31476.jpg,pin_0503_e65b24b31476.jpg,736,736,1.0,square-ish,148.996,130.056,127.931,0.5313,0.2877,0.3336,62.2346,0.08,c30a3fec8453cf31,10
504,C:\Users\lalad\OneDrive\Desktop\Pinterest-всякое\pin_0504_ec0ae813128b.jpg,pin_0504_ec0ae813128b.jpg,736,736,1.0,square-ish,171.975,120.161,95.991,0.5212,0.4828,0.2863,81.9077,0.1232,921162daa3ce1deb,10
505,C:\Users\lalad\OneDrive\Desktop\Pinterest-всякое\pin_0505_b8c4082a43f9.jpg,pin_0505_b8c4082a43f9.jpg,400,400,1.0,square-ish,199.089,164.046,159.576,0.6824,0.2702,0.2164,50.7145,0.114,ecda2861db90674d,2
506,C:\Users\lalad\OneDrive\Desktop\Pinterest-всякое\pin_0506_ed0cb6c44bc7.webp,pin_0506_ed0cb6c44bc7.webp,932,1218,0.7652,portrait,51.642,76.691,90.421,0.2775,0.5316,0.2089,63.6734,0.1058,c0f127d73b0b2b34,4
507,C:\Users\lalad\OneDrive\Desktop\Pinterest-всякое\pin_0507_31bb15f774aa.jpg,pin_0507_31bb15f774aa.jpg,1142,2048,0.5576,portrait,64.029,50.583,52.633,0.2149,0.3017,0.2265,29.7309,0.1414,e3781ec3cc9a651a,9
508,C:\Users\lalad\OneDrive\Desktop\Pinterest-всякое\pin_0508_8f894c672af0.png,pin_0508_8f894c672af0.png,816,1456,0.5604,portrait,119.852,118.137,118.945,0.4656,0.0396,0.2514,2.2329,0.1077,bf6ec191d4c59468,9
509,C:\Users\lalad\OneDrive\Desktop\Pinterest-всякое\pin_0509_952388b69635.jpg,pin_0509_952388b69635.jpg,736,1308,0.5627,portrait,59.604,72.6,66.741,0.2668,0.3452,0.1891,29.0275,0.065,aa3dc5b86ae150d6,0
510,C:\Users\lalad\OneDrive\Desktop\Pinterest-всякое\pin_0510_9647776bb1cb.png,pin_0510_9647776bb1cb.png,512,683,0.7496,portrait,242.637,240.875,241.186,0.9468,0.0263,0.1256,26.1759,0.1418,8756e35f274a05cc,11
511,C:\Users\lalad\OneDrive\Desktop\Pinterest-всякое\pin_0511_a0e339ff821e.jpg,pin_0511_a0e339ff821e.jpg,735,882,0.8333,square-ish,137.436,129.805,109.031,0.5087,0.2993,0.2411,27.7297,0.1096,ac890b2f4e63f28e,9
512,C:\Users\lalad\OneDrive\Desktop\Pinterest-всякое\pin_0512_7ef6e847a5bc.jpg,pin_0512_7ef6e847a5bc.jpg,825,1175,0.7021,portrait,107.335,105.308,103.514,0.4143,0.0568,0.2537,6.0738,0.0396,b0b0c949cbc7c747,9
513,C:\Users\lalad\OneDrive\Desktop\Pinterest-всякое\pin_0513_1e61f0caad3b.jpg,pin_0513_1e61f0caad3b.jpg,934,786,1.1883,square-ish,200.521,201.151,199.315,0.7873,0.0263,0.2198,6.3667,0.2661,da33b6a48ba6f062,3
514,C:\Users\lalad\OneDrive\Desktop\Pinterest-всякое\pin_0514_3ba0f40e4526.jpg,pin_0514_3ba0f40e4526.jpg,534,810,0.6593,portrait,194.915,194.915,194.915,0.7644,0.0,0.234,0.0,0.0871,fbe11be38686b40c,3
515,C:\Users\lalad\OneDrive\Desktop\Pinterest-всякое\pin_0515_1d7c0ce79c84.jpg,pin_0515_1d7c0ce79c84.jpg,654,654,1.0,square-ish,175.698,176.634,146.922,0.6783,0.2577,0.2254,39.4534,0.0861,90682b56b54ab3eb,2
516,C:\Users\lalad\OneDrive\Desktop\Pinterest-всякое\pin_0516_174a46b98d96.jpg,pin_0516_174a46b98d96.jpg,1440,1080,1.3333,landscape,122.791,89.626,64.259,0.379,0.5577,0.243,45.3914,0.093,994b5d30ce2d578a,4
517,C:\Users\lalad\OneDrive\Desktop\Pinterest-всякое\pin_0517_3df9c34d2e75.png,pin_0517_3df9c34d2e75.png,736,669,1.1001,square-ish,205.561,184.447,154.328,0.7348,0.2734,0.3435,87.4043,0.1202,bc47c3d08ce9b172,10
518,C:\Users\lalad\OneDrive\Desktop\Pinterest-всякое\pin_0518_37e97c7a7925.jpg,pin_0518_37e97c7a7925.jpg,768,511,1.5029,landscape,200.368,191.032,184.763,0.7572,0.1393,0.21,38.8643,0.1269,b2c9cc3463374cd9,3
519,C:\Users\lalad\OneDrive\Desktop\Pinterest-всякое\pin_0519_ea5f58aca284.jpg,pin_0519_ea5f58aca284.jpg,530,395,1.3418,landscape,158.318,134.261,124.905,0.5506,0.3049,0.2713,44.8663,0.1096,c0951736cbc1f578,8
520,C:\Users\lalad\OneDrive\Desktop\Pinterest-всякое\pin_0520_0273594543cc.jpg,pin_0520_0273594543cc.jpg,1464,1417,1.0332,square-ish,122.106,89.822,69.555,0.381,0.4732,0.2539,55.2602,0.2531,959e494b6d9238b5,6
521,C:\Users\lalad\OneDrive\Desktop\Pinterest-всякое\pin_0521_d27403bba0aa.jpg,pin_0521_d27403bba0aa.jpg,1166,1251,0.9321,square-ish,134.728,135.942,106.31,0.5185,0.3335,0.2518,33.5551,0.1575,84b39ae66bac59a1,6
522,C:\Users\lalad\OneDrive\Desktop\Pinterest-всякое\pin_0522_961dbfe6b099.jpg,pin_0522_961dbfe6b099.jpg,960,1200,0.8,portrait,157.247,130.609,106.918,0.5329,0.3761,0.2583,58.2274,0.079,eeb51368471b6c85,10
523,C:\Users\lalad\OneDrive\Desktop\Pinterest-всякое\pin_0523_814070eb45d2.jpg,pin_0523_814070eb45d2.jpg,1752,1168,1.5,landscape,97.226,102.231,106.856,0.3971,0.2407,0.2553,26.7663,0.1605,95684c9765da38f4,6
524,C:\Users\lalad\OneDrive\Desktop\Pinterest-всякое\pin_0524_d301f3ae1a44.jpg,pin_0524_d301f3ae1a44.jpg,1600,1280,1.25,landscape,149.299,135.97,127.411,0.545,0.2129,0.2223,36.179,0.1031,dd44c22db472e94d,8
525,C:\Users\lalad\OneDrive\Desktop\Pinterest-всякое\pin_0525_7e18d83033b1.jpg,pin_0525_7e18d83033b1.jpg,768,1200,0.64,portrait,224.986,213.929,199.812,0.8453,0.1477,0.1243,25.0441,0.0788,e8688fd753b0d454,11
526,C:\Users\lalad\OneDrive\Desktop\Pinterest-всякое\pin_0526_6d0a0fc53228.jpg,pin_0526_6d0a0fc53228.jpg,1487,2047,0.7264,portrait,166.541,149.49,133.233,0.599,0.2063,0.2103,27.8451,0.1329,bfa6e185ca4cb231,7
527,C:\Users\lalad\OneDrive\Desktop\Pinterest-всякое\pin_0527_ab31592dcdee.jpg,pin_0527_ab31592dcdee.jpg,1440,1796,0.8018,portrait,86.686,50.301,27.965,0.2299,0.6617,0.1596,56.4212,0.096,c0e71f3c3e992619,4
528,C:\Users\lalad\OneDrive\Desktop\Pinterest-всякое\pin_0528_aae5b50a2ef3.jpg,pin_0528_aae5b50a2ef3.jpg,2880,2880,1.0,square-ish,134.871,127.918,103.04,0.4987,0.289,0.2421,22.6269,0.0956,9e7834a951863dcb,8
529,C:\Users\lalad\OneDrive\Desktop\Pinterest-всякое\pin_0529_0abfef975f28.jpg,pin_0529_0abfef975f28.jpg,719,720,0.9986,square-ish,143.931,145.863,117.726,0.5572,0.2351,0.1965,20.9587,0.0881,897cb649da27c986,2
530,C:\Users\lalad\OneDrive\Desktop\Pinterest-всякое\pin_0530_41c225e5b252.jpg,pin_0530_41c225e5b252.jpg,846,1200,0.705,portrait,153.362,152.108,100.792,0.575,0.4219,0.2091,32.9564,0.2297,da12d26d882fadb4,7
531,C:\Users\lalad\OneDrive\Desktop\Pinterest-всякое\pin_0531_a6bf1a22555e.jpg,pin_0531_a6bf1a22555e.jpg,1752,1168,1.5,landscape,147.931,143.158,140.088,0.5656,0.1504,0.3979,23.019,0.0628,a936da9be61c09c5,5
532,C:\Users\lalad\OneDrive\Desktop\Pinterest-всякое\pin_0532_1825dc8b9edc.jpg,pin_0532_1825dc8b9edc.jpg,1080,720,1.5,landscape,132.668,146.068,87.998,0.5312,0.5539,0.2492,71.0093,0.1683,91f7527414350f8f,10
533,C:\Users\lalad\OneDrive\Desktop\Pinterest-всякое\pin_0533_f074aa2b768c.jpg,pin_0533_f074aa2b768c.jpg,1798,1154,1.5581,landscape,94.824,105.024,97.225,0.3964,0.1523,0.188,16.4235,0.2583,c36f4cd298a7d09a,6
534,C:\Users\lalad\OneDrive\Desktop\Pinterest-всякое\pin_0534_ae05cb4b2a8b.jpg,pin_0534_ae05cb4b2a8b.jpg,1024,1024,1.0,square-ish,159.894,122.633,92.823,0.5113,0.3899,0.2133,69.7422,0.1396,81549ca71e6b5e3c,10
535,C:\Users\lalad\OneDrive\Desktop\Pinterest-всякое\pin_0535_f0c284282b9d.jpg,pin_0535_f0c284282b9d.jpg,1280,1024,1.25,landscape,49.881,50.473,59.183,0.2011,0.1904,0.1398,12.1456,0.0297,d9c93636329cc993,0
536,C:\Users\lalad\OneDrive\Desktop\Pinterest-всякое\pin_0536_b2801596b5a3.jpg,pin_0536_b2801596b5a3.jpg,1051,626,1.6789,landscape,106.684,96.691,92.562,0.389,0.273,0.2548,27.0036,0.0715,da1a0d9186d6d8f9,8
537,C:\Users\lalad\OneDrive\Desktop\Pinterest-всякое\pin_0537_26eb13abd749.jpg,pin_0537_26eb13abd749.jpg,1080,1080,1.0,square-ish,180.353,177.231,178.125,0.6985,0.2205,0.3652,24.8008,0.0613,bdc02fd2c31dd207,3
538,C:\Users\lalad\OneDrive\Desktop\Pinterest-всякое\pin_0538_c170ca85d400.jpg,pin_0538_c170ca85d400.jpg,736,736,1.0,square-ish,111.78,104.919,88.879,0.4124,0.2682,0.1952,18.2793,0.1504,81bbf4cbc38df0c0,6
539,C:\Users\lalad\OneDrive\Desktop\Pinterest-всякое\pin_0539_3298dbfc83cc.jpg,pin_0539_3298dbfc83cc.jpg,1440,1440,1.0,square-ish,125.238,137.044,152.049,0.5302,0.2105,0.2511,18.6098,0.0215,d1dcd7bfa3284848,2
540,C:\Users\lalad\OneDrive\Desktop\Pinterest-всякое\pin_0540_e7b62e426d6e.jpg,pin_0540_e7b62e426d6e.jpg,928,1232,0.7532,portrait,56.223,91.858,84.23,0.315,0.6316,0.2448,66.0438,0.0552,b26d8593e56e9922,4
541,C:\Users\lalad\OneDrive\Desktop\Pinterest-всякое\pin_0541_494f842a94d7.jpg,pin_0541_494f842a94d7.jpg,928,1232,0.7532,portrait,97.097,108.282,127.128,0.4199,0.3212,0.2675,63.6243,0.2347,f9918605bcec8e8e,6
542,C:\Users\lalad\OneDrive\Desktop\Pinterest-всякое\pin_0542_6a7e075e5076.jpg,pin_0542_6a7e075e5076.jpg,1582,1311,1.2067,square-ish,82.832,109.21,136.418,0.4095,0.4408,0.2275,39.536,0.1733,dcfc429706913d95,6
543,C:\Users\lalad\OneDrive\Desktop\Pinterest-всякое\pin_0543_bc14db098099.jpg,pin_0543_bc14db098099.jpg,736,483,1.5238,landscape,79.117,83.142,81.671,0.3206,0.3095,0.3221,17.4279,0.1632,805baf1bc1a43f95,6
544,C:\Users\lalad\OneDrive\Desktop\Pinterest-всякое\pin_0544_760a9be5efd6.jpg,pin_0544_760a9be5efd6.jpg,1440,1440,1.0,square-ish,171.955,173.27,167.269,0.6753,0.0359,0.2685,4.856,0.138,ad9ad3cc4f360689,3
545,C:\Users\lalad\OneDrive\Desktop\Pinterest-всякое\pin_0545_5f654bbdfe01.webp,pin_0545_5f654bbdfe01.webp,1080,1040,1.0385,square-ish,187.06,188.37,195.865,0.7405,0.0538,0.1333,7.9163,0.1016,f9e0139a4d38639e,11
546,C:\Users\lalad\OneDrive\Desktop\Pinterest-всякое\pin_0546_121dce7fe3a3.jpg,pin_0546_121dce7fe3a3.jpg,735,962,0.764,portrait,135.243,129.228,126.727,0.5127,0.213,0.22,31.3098,0.1207,ffa0603787dc86c1,7
547,C:\Users\lalad\OneDrive\Desktop\Pinterest-всякое\pin_0547_a232684ef5fa.jpg,pin_0547_a232684ef5fa.jpg,736,736,1.0,square-ish,154.908,150.199,141.051,0.5904,0.105,0.2049,19.5318,0.1031,af93cc14b1e4076d,2
548,C:\Users\lalad\OneDrive\Desktop\Pinterest-всякое\pin_0548_7a84081a1ffb.jpg,pin_0548_7a84081a1ffb.jpg,1200,2133,0.5626,portrait,99.319,86.416,88.553,0.355,0.228,0.2169,16.2997,0.0414,8fd5688d8e31394e,9
549,C:\Users\lalad\OneDrive\Desktop\Pinterest-всякое\pin_0549_c5cf8d261d19.jpg,pin_0549_c5cf8d261d19.jpg,1217,1703,0.7146,portrait,137.487,139.104,133.462,0.5413,0.0685,0.2081,7.0751,0.0614,c9b23ec1c8c12f6d,2
550,C:\Users\lalad\OneDrive\Desktop\Pinterest-всякое\pin_0550_6519865bb3f1.jpg,pin_0550_6519865bb3f1.jpg,989,1864,0.5306,portrait,139.522,88.022,59.424,0.3928,0.5898,0.1605,48.5168,0.1416,cf975b9d84151515,4
551,C:\Users\lalad\OneDrive\Desktop\Pinterest-всякое\pin_0551_86ceab664f60.jpg,pin_0551_86ceab664f60.jpg,564,1209,0.4665,portrait,139.414,117.373,82.446,0.4705,0.4132,0.1139,29.069,0.0742,b49340f1ff0c6197,9
552,C:\Users\lalad\OneDrive\Desktop\Pinterest-всякое\pin_0552_05f35d22c461.jpg,pin_0552_05f35d22c461.jpg,736,736,1.0,square-ish,194.281,193.247,194.726,0.7597,0.0486,0.2667,16.0232,0.0697,ec64b3d3d4168e8a,3
553,C:\Users\lalad\OneDrive\Desktop\Pinterest-всякое\pin_0553_45ce80a69e80.jpg,pin_0553_45ce80a69e80.jpg,1448,2048,0.707,portrait,118.522,118.522,118.522,0.4648,0.0,0.3979,0.0,0.1188,c3827f8de5696630,5
554,C:\Users\lalad\OneDrive\Desktop\Pinterest-всякое\pin_0554_3c042f749c49.jpg,pin_0554_3c042f749c49.jpg,735,1040,0.7067,portrait,99.088,99.088,99.088,0.3886,0.0,0.4227,0.0,0.0993,9dd8388ad235396b,5
555,C:\Users\lalad\OneDrive\Desktop\Pinterest-всякое\pin_0555_1710e176d284.jpg,pin_0555_1710e176d284.jpg,1500,1060,1.4151,landscape,227.998,229.155,220.467,0.8934,0.066,0.2079,26.1318,0.0964,cbb4e04bb7e09649,11
556,C:\Users\lalad\OneDrive\Desktop\Pinterest-всякое\pin_0556_5362e8d6b48b.webp,pin_0556_5362e8d6b48b.webp,953,592,1.6098,landscape,249.365,245.991,246.672,0.9681,0.018,0.1126,19.4919,0.0567,a30a4bcbd265cf61,11
557,C:\Users\lalad\OneDrive\Desktop\Pinterest-всякое\pin_0557_90afe2c21555.jpg,pin_0557_90afe2c21555.jpg,1573,1318,1.1935,square-ish,64.054,64.98,65.671,0.254,0.2119,0.2976,5.2857,0.1125,9925c6e159f0c6f4,1
558,C:\Users\lalad\OneDrive\Desktop\Pinterest-всякое\pin_0558_ff2194d20843.jpg,pin_0558_ff2194d20843.jpg,735,751,0.9787,square-ish,216.874,215.245,208.348,0.843,0.0729,0.2498,22.6009,0.0821,bfc037d01ce2e13c,3
559,C:\Users\lalad\OneDrive\Desktop\Pinterest-всякое\pin_0559_806f7def2812.jpg,pin_0559_806f7def2812.jpg,736,736,1.0,square-ish,145.41,131.291,124.014,0.5282,0.1531,0.3469,19.613,0.1414,e8073dfc3cf0c1d0,5
560,C:\Users\lalad\OneDrive\Desktop\Pinterest-всякое\pin_0560_a23cbb1f1e42.png,pin_0560_a23cbb1f1e42.png,1024,1024,1.0,square-ish,148.623,136.806,135.347,0.5497,0.2135,0.2757,27.5837,0.0828,ae36c16b91c3ecc1,8
561,C:\Users\lalad\OneDrive\Desktop\Pinterest-всякое\pin_0561_ae00768ad010.png,pin_0561_ae00768ad010.png,736,460,1.6,landscape,90.11,66.852,55.773,0.2845,0.3359,0.1841,61.5219,0.0801,b55a3ab54a071a7a,4
562,C:\Users\lalad\OneDrive\Desktop\Pinterest-всякое\pin_0562_b1964692eb36.jpg,pin_0562_b1964692eb36.jpg,1555,1333,1.1665,square-ish,172.018,119.337,124.972,0.5322,0.3208,0.2312,98.5605,0.0843,b007d4b8c3de3547,10
563,C:\Users\lalad\OneDrive\Desktop\Pinterest-всякое\pin_0563_78852bac5b20.jpg,pin_0563_78852bac5b20.jpg,1426,1786,0.7984,portrait,153.915,153.025,153.401,0.6016,0.0109,0.336,1.401,0.0733,f0614fb4034e6cf3,5
564,C:\Users\lalad\OneDrive\Desktop\Pinterest-всякое\pin_0564_30609bb0dd20.jpg,pin_0564_30609bb0dd20.jpg,370,604,0.6126,portrait,211.525,205.837,202.224,0.8123,0.0786,0.2942,26.3201,0.1294,c92569f2a5551755,3
565,C:\Users\lalad\OneDrive\Desktop\Pinterest-всякое\pin_0565_5f97bac3355a.png,pin_0565_5f97bac3355a.png,808,1080,0.7481,portrait,225.106,223.655,221.527,0.8778,0.0229,0.2322,12.3876,0.1444,adf08ba6934cf10b,3
566,C:\Users\lalad\OneDrive\Desktop\Pinterest-всякое\pin_0566_0c30b0f6e3cb.jpg,pin_0566_0c30b0f6e3cb.jpg,828,915,0.9049,square-ish,229.166,229.534,229.637,0.8997,0.0037,0.2271,6.6456,0.1087,ee9ba51891a5d86c,11
567,C:\Users\lalad\OneDrive\Desktop\Pinterest-всякое\pin_0567_f5479ec63e28.jpg,pin_0567_f5479ec63e28.jpg,640,620,1.0323,square-ish,238.227,235.553,235.988,0.9279,0.0255,0.1764,3.2613,0.0618,e4db9b24441da66b,11
568,C:\Users\lalad\OneDrive\Desktop\Pinterest-всякое\pin_0568_29ef84275e62.jpg,pin_0568_29ef84275e62.jpg,1024,769,1.3316,landscape,147.308,165.199,175.088,0.6313,0.1781,0.2677,36.5403,0.152,b9fa468d09d431f2,8
569,C:\Users\lalad\OneDrive\Desktop\Pinterest-всякое\pin_0569_c1e8686ffa34.jpg,pin_0569_c1e8686ffa34.jpg,1179,850,1.3871,landscape,199.512,190.884,165.239,0.7472,0.2056,0.244,44.2124,0.1503,80ae7f413a17efc0,3
570,C:\Users\lalad\OneDrive\Desktop\Pinterest-всякое\pin_0570_d576a04eed82.jpg,pin_0570_d576a04eed82.jpg,720,960,0.75,portrait,205.879,206.712,197.441,0.8055,0.1828,0.1768,54.9282,0.1943,aaeb6732264c4d1e,7
571,C:\Users\lalad\OneDrive\Desktop\Pinterest-всякое\pin_0571_aa1191d73d14.jpg,pin_0571_aa1191d73d14.jpg,1055,1024,1.0303,square-ish,211.912,211.903,212.413,0.8312,0.0107,0.2678,5.3095,0.1517,a974306d6db03e69,3
572,C:\Users\lalad\OneDrive\Desktop\Pinterest-всякое\pin_0572_2e6e776203a0.jpg,pin_0572_2e6e776203a0.jpg,736,920,0.8,portrait,141.28,122.115,74.404,0.48,0.4774,0.1297,59.3448,0.0486,cfe9109467739c4c,4
573,C:\Users\lalad\OneDrive\Desktop\Pinterest-всякое\pin_0573_2127f7e3c36a.jpg,pin_0573_2127f7e3c36a.jpg,1440,1440,1.0,square-ish,134.642,132.363,133.738,0.5224,0.2324,0.3265,21.748,0.2173,d4de09e0769c6a56,6
574,C:\Users\lalad\OneDrive\Desktop\Pinterest-всякое\pin_0574_23c220850d35.jpg,pin_0574_23c220850d35.jpg,1074,777,1.3822,landscape,244.921,244.161,243.288,0.958,0.0193,0.1237,7.7483,0.054,eeb6914966968965,11
575,C:\Users\lalad\OneDrive\Desktop\Pinterest-всякое\pin_0575_c662d089459f.jpg,pin_0575_c662d089459f.jpg,1808,1147,1.5763,landscape,146.543,150.139,172.256,0.5948,0.1538,0.159,16.137,0.11,e2974da6932d944e,8
576,C:\Users\lalad\OneDrive\Desktop\Pinterest-всякое\pin_0576_94dd83375b0f.jpg,pin_0576_94dd83375b0f.jpg,675,1200,0.5625,portrait,217.511,140.953,107.745,0.6277,0.5491,0.1938,91.7398,0.068,8a2d97e12f827627,10
577,C:\Users\lalad\OneDrive\Desktop\Pinterest-всякое\pin_0577_3ef4d517d70f.jpg,pin_0577_3ef4d517d70f.jpg,395,960,0.4115,portrait,91.751,44.248,49.185,0.2313,0.7003,0.2466,59.9796,0.0913,9eeb0463c97a9cb0,4
578,C:\Users\lalad\OneDrive\Desktop\Pinterest-всякое\pin_0578_5508994ed84b.jpg,pin_0578_5508994ed84b.jpg,949,683,1.3895,landscape,230.779,230.666,230.173,0.9045,0.0128,0.2389,2.3963,0.0605,ee37934864b65a49,11
579,C:\Users\lalad\OneDrive\Desktop\Pinterest-всякое\pin_0579_4f404f695d69.jpg,pin_0579_4f404f695d69.jpg,1731,1198,1.4449,landscape,124.356,116.38,111.0,0.4635,0.1983,0.3167,20.2291,0.1726,ee7d60801945774f,6
580,C:\Users\lalad\OneDrive\Desktop\Pinterest-всякое\pin_0580_fa626d345172.png,pin_0580_fa626d345172.png,604,453,1.3333,landscape,82.655,69.626,57.648,0.2829,0.3726,0.1743,19.6298,0.1257,d006e356a5a4cbd7,1
581,C:\Users\lalad\OneDrive\Desktop\Pinterest-всякое\pin_0581_63c99761178e.jpg,pin_0581_63c99761178e.jpg,777,1234,0.6297,portrait,105.791,109.899,101.622,0.4225,0.2753,0.2293,33.9062,0.183,c4e7b8a30746eb16,9
582,C:\Users\lalad\OneDrive\Desktop\Pinterest-всякое\pin_0582_9e7970aa4f98.jpg,pin_0582_9e7970aa4f98.jpg,429,536,0.8004,portrait,120.478,104.928,91.8,0.4239,0.3197,0.1966,50.2238,0.2808,c7b276a09dec089e,6
583,C:\Users\lalad\OneDrive\Desktop\Pinterest-всякое\pin_0583_e60405752f19.jpg,pin_0583_e60405752f19.jpg,736,1019,0.7223,portrait,114.477,87.407,73.656,0.3684,0.3622,0.1803,48.3817,0.0815,c01b6f1f3974256c,9
584,C:\Users\lalad\OneDrive\Desktop\Pinterest-всякое\pin_0584_e08d41cc6709.jpg,pin_0584_e08d41cc6709.jpg,769,1199,0.6414,portrait,187.385,187.743,190.614,0.7371,0.0443,0.3185,6.0864,0.1903,fb6b8026c69cd899,3
585,C:\Users\lalad\OneDrive\Desktop\Pinterest-всякое\pin_0585_ed0d7c8db5b8.jpg,pin_0585_ed0d7c8db5b8.jpg,1080,1515,0.7129,portrait,224.548,224.936,224.68,0.8815,0.0075,0.1356,2.1452,0.147,bbc88427d8934c9f,11
586,C:\Users\lalad\OneDrive\Desktop\Pinterest-всякое\pin_0586_e127c36ec9b6.jpg,pin_0586_e127c36ec9b6.jpg,1632,1224,1.3333,landscape,144.601,131.351,118.34,0.5248,0.2481,0.2606,33.3803,0.0657,f162a7964a398e99,8
587,C:\Users\lalad\OneDrive\Desktop\Pinterest-всякое\pin_0587_1e1f995dfe38.jpg,pin_0587_1e1f995dfe38.jpg,735,528,1.392,landscape,242.298,238.365,231.372,0.9363,0.0601,0.1449,25.9075,0.079,e99a96659972cc91,11
588,C:\Users\lalad\OneDrive\Desktop\Pinterest-всякое\pin_0588_2692681e20a2.jpg,pin_0588_2692681e20a2.jpg,1280,853,1.5006,landscape,130.534,132.84,123.972,0.5142,0.1364,0.3014,11.6881,0.0612,9fbdc361a1805cda,8
589,C:\Users\lalad\OneDrive\Desktop\Pinterest-всякое\pin_0589_d6ebe40c837a.jpg,pin_0589_d6ebe40c837a.jpg,1200,1200,1.0,square-ish,117.423,88.106,36.581,0.3569,0.5957,0.2952,114.2828,0.096,f98f14724ada3a32,4
590,C:\Users\lalad\OneDrive\Desktop\Pinterest-всякое\pin_0590_b9df11850079.jpg,pin_0590_b9df11850079.jpg,1080,1080,1.0,square-ish,173.527,147.031,129.72,0.6001,0.2623,0.3529,59.0605,0.0824,9c98e0770f9e9545,5
591,C:\Users\lalad\OneDrive\Desktop\Pinterest-всякое\pin_0591_0a1dc6e8a92e.jpg,pin_0591_0a1dc6e8a92e.jpg,633,655,0.9664,square-ish,167.239,152.472,89.698,0.5872,0.3452,0.2859,123.0021,0.1193,98fed2181fe1a117,10
592,C:\Users\lalad\OneDrive\Desktop\Pinterest-всякое\pin_0592_858d7af41b4d.webp,pin_0592_858d7af41b4d.webp,1080,1648,0.6553,portrait,226.705,207.72,185.258,0.8264,0.2349,0.2489,106.7878,0.0793,ea6b94949495716b,10
593,C:\Users\lalad\OneDrive\Desktop\Pinterest-всякое\pin_0593_81a0278b17c4.png,pin_0593_81a0278b17c4.png,1080,1486,0.7268,portrait,220.092,229.623,202.073,0.877,0.1724,0.2185,74.3339,0.1008,ec3b96d0c184676b,11
594,C:\Users\lalad\OneDrive\Desktop\Pinterest-всякое\pin_0594_71e6521b1b6b.jpg,pin_0594_71e6521b1b6b.jpg,800,820,0.9756,square-ish,76.389,110.051,187.101,0.4265,0.6124,0.2179,74.4403,0.2631,8747999aaba49d98,6
595,C:\Users\lalad\OneDrive\Desktop\Pinterest-всякое\pin_0595_9a3037389493.webp,pin_0595_9a3037389493.webp,1022,1280,0.7984,portrait,159.4,150.793,139.775,0.5965,0.1411,0.2284,27.9402,0.1761,b0cc9e3327461e67,7
596,C:\Users\lalad\OneDrive\Desktop\Pinterest-всякое\pin_0596_a1005f82f482.jpg,pin_0596_a1005f82f482.jpg,540,700,0.7714,portrait,147.539,145.124,147.1,0.573,0.0719,0.286,7.9828,0.0378,81c07c8ee6f1cce3,5
597,C:\Users\lalad\OneDrive\Desktop\Pinterest-всякое\pin_0597_b68e2ccb39cc.jpg,pin_0597_b68e2ccb39cc.jpg,1083,1080,1.0028,square-ish,105.657,94.236,85.022,0.3789,0.255,0.1762,18.5781,0.0478,b32adea489f12e23,1
598,C:\Users\lalad\OneDrive\Desktop\Pinterest-всякое\pin_0598_b9fd16a17aa8.jpg,pin_0598_b9fd16a17aa8.jpg,605,603,1.0033,square-ish,86.931,73.544,63.185,0.2995,0.3509,0.2852,26.8218,0.0863,aa0ffe20c738c077,1
599,C:\Users\lalad\OneDrive\Desktop\Pinterest-всякое\pin_0599_1d821d5f9b92.jpg,pin_0599_1d821d5f9b92.jpg,1723,1204,1.4311,landscape,72.039,49.007,34.211,0.2126,0.5797,0.2029,69.5279,0.1131,c0931c656f1fe718,4
600,C:\Users\lalad\OneDrive\Desktop\Pinterest-всякое\pin_0600_52c442c71f2b.jpg,pin_0600_52c442c71f2b.jpg,703,633,1.1106,square-ish,243.07,243.133,243.027,0.9534,0.0019,0.1617,1.221,0.0769,9f606f0ec09e969c,11
601,C:\Users\lalad\OneDrive\Desktop\Pinterest-всякое\pin_0601_3ee466b18a61.jpg,pin_0601_3ee466b18a61.jpg,749,714,1.049,square-ish,156.231,138.007,122.781,0.5558,0.2722,0.2597,34.2235,0.1023,b53d46b748e71816,8
602,C:\Users\lalad\OneDrive\Desktop\Pinterest-всякое\pin_0602_fab6afaaa7c8.jpg,pin_0602_fab6afaaa7c8.jpg,720,720,1.0,square-ish,129.172,114.24,102.21,0.4601,0.2376,0.2088,14.684,0.0808,c99b32cc65a2563e,1
603,C:\Users\lalad\OneDrive\Desktop\Pinterest-всякое\pin_0603_9da4bf674497.jpg,pin_0603_9da4bf674497.jpg,489,705,0.6936,portrait,126.726,100.769,56.814,0.406,0.5315,0.1993,69.9812,0.174,c8aeb7581f26e087,4
604,C:\Users\lalad\OneDrive\Desktop\Pinterest-всякое\pin_0604_80f50c267cc3.jpg,pin_0604_80f50c267cc3.jpg,545,545,1.0,square-ish,145.629,133.311,117.092,0.5299,0.2207,0.2036,15.6888,0.0447,d5d2ca8f841c8d79,2
605,C:\Users\lalad\OneDrive\Desktop\Pinterest-всякое\pin_0605_fb7f33cd85e7.jpg,pin_0605_fb7f33cd85e7.jpg,514,540,0.9519,square-ish,153.978,123.022,93.202,0.5054,0.405,0.1437,35.8979,0.0202,df053593d964905b,2
606,C:\Users\lalad\OneDrive\Desktop\Pinterest-всякое\pin_0606_1f3c8732ed7f.jpg,pin_0606_1f3c8732ed7f.jpg,1080,1080,1.0,square-ish,180.855,156.784,141.157,0.6362,0.2162,0.3,47.3125,0.0711,faf4e1e06885a587,2
607,C:\Users\lalad\OneDrive\Desktop\Pinterest-всякое\pin_0607_6a32ffa5c687.jpg,pin_0607_6a32ffa5c687.jpg,675,900,0.75,portrait,142.207,142.207,142.207,0.5577,0.0,0.3746,0.0,0.1629,ebd0d31f2cc26c83,5
608,C:\Users\lalad\OneDrive\Desktop\Pinterest-всякое\pin_0608_428e2a0524af.jpg,pin_0608_428e2a0524af.jpg,600,1067,0.5623,portrait,242.179,221.517,219.325,0.8919,0.1115,0.1865,41.9607,0.0693,e4cb9c31cb34d386,11
609,C:\Users\lalad\OneDrive\Desktop\Pinterest-всякое\pin_0609_796de7ade181.jpg,pin_0609_796de7ade181.jpg,1080,1080,1.0,square-ish,176.65,132.866,86.608,0.5517,0.5774,0.3238,81.3762,0.0368,e215175a5b8e875a,10
610,C:\Users\lalad\OneDrive\Desktop\Pinterest-всякое\pin_0610_81cfe74d1527.jpg,pin_0610_81cfe74d1527.jpg,1536,2048,0.75,portrait,119.989,108.064,100.996,0.4345,0.3251,0.3683,11.1603,0.1287,8d95d3d8ca678730,5
611,C:\Users\lalad\OneDrive\Desktop\Pinterest-всякое\pin_0611_907be5932c94.jpg,pin_0611_907be5932c94.jpg,1284,1268,1.0126,square-ish,131.026,107.339,98.838,0.4449,0.3002,0.1823,24.581,0.0212,ef30a0cfb84ad9b0,1
612,C:\Users\lalad\OneDrive\Desktop\Pinterest-всякое\pin_0612_a2101c118ed3.jpg,pin_0612_a2101c118ed3.jpg,1241,1551,0.8001,portrait,18.733,42.375,64.381,0.1483,0.7179,0.1113,40.6995,0.0352,80a3735eb4b95275,0
613,C:\Users\lalad\OneDrive\Desktop\Pinterest-всякое\pin_0613_0b24573253cb.jpg,pin_0613_0b24573253cb.jpg,1137,640,1.7766,landscape,83.998,106.066,141.154,0.4059,0.4674,0.2724,48.3984,0.0744,a4b47c3ab3e34346,8
614,C:\Users\lalad\OneDrive\Desktop\Pinterest-всякое\pin_0614_6aaedc1086fb.jpg,pin_0614_6aaedc1086fb.jpg,1200,675,1.7778,landscape,134.358,144.18,160.874,0.5614,0.2204,0.2596,41.3556,0.1213,a53c73f1dc495207,8
615,C:\Users\lalad\OneDrive\Desktop\Pinterest-всякое\pin_0615_3c8301c21875.png,pin_0615_3c8301c21875.png,512,768,0.6667,portrait,140.572,114.294,93.667,0.4698,0.356,0.2868,37.3091,0.0865,e8e1c3be2496499b,9
616,C:\Users\lalad\OneDrive\Desktop\Pinterest-всякое\pin_0616_491006b51972.jpg,pin_0616_491006b51972.jpg,1280,960,1.3333,landscape,126.389,145.29,130.607,0.541,0.2778,0.3182,40.4078,0.176,ccaeb36b4427f890,6
617,C:\Users\lalad\OneDrive\Desktop\Pinterest-всякое\pin_0617_3d2e76741a0a.jpg,pin_0617_3d2e76741a0a.jpg,1102,1062,1.0377,square-ish,194.036,194.061,194.98,0.7614,0.0191,0.3292,4.6412,0.1339,cbb0b41fa389d4e2,3
618,C:\Users\lalad\OneDrive\Desktop\Pinterest-всякое\pin_0618_a84c316f38fb.jpg,pin_0618_a84c316f38fb.jpg,1064,1064,1.0,square-ish,115.445,116.251,115.376,0.4545,0.0307,0.3337,2.2665,0.0887,c5eeb1b12af12aa2,5
619,C:\Users\lalad\OneDrive\Desktop\Pinterest-всякое\pin_0619_8dc9b448c8f4.jpg,pin_0619_8dc9b448c8f4.jpg,675,1200,0.5625,portrait,131.831,133.069,133.563,0.5206,0.1563,0.2259,21.8945,0.1597,b1bdc84c4fb468c9,7
620,C:\Users\lalad\OneDrive\Desktop\Pinterest-всякое\pin_0620_dff4bc2cbb5e.jpg,pin_0620_dff4bc2cbb5e.jpg,1080,1322,0.8169,portrait,195.862,168.546,206.723,0.7102,0.2052,0.1429,39.704,0.0615,94071f4a3e6d1a3b,2
621,C:\Users\lalad\OneDrive\Desktop\Pinterest-всякое\pin_0621_d72308d22cea.jpg,pin_0621_d72308d22cea.jpg,816,1456,0.5604,portrait,82.583,89.576,81.143,0.3393,0.3579,0.2437,40.8035,0.1333,c04b8fdb0fbcc81c,9
622,C:\Users\lalad\OneDrive\Desktop\Pinterest-всякое\pin_0622_3beb30e057e2.jpg,pin_0622_3beb30e057e2.jpg,1200,900,1.3333,landscape,133.975,145.897,120.627,0.5469,0.3775,0.1927,47.6694,0.152,e3a39c1c716f821b,8
623,C:\Users\lalad\OneDrive\Desktop\Pinterest-всякое\pin_0623_19283044f88b.jpg,pin_0623_19283044f88b.jpg,1632,1224,1.3333,landscape,141.238,129.633,111.079,0.5137,0.3886,0.2503,53.8458,0.2522,81973a68782bb3cd,6
624,C:\Users\lalad\OneDrive\Desktop\Pinterest-всякое\pin_0624_13dcd615fe69.jpg,pin_0624_13dcd615fe69.jpg,1569,2048,0.7661,portrait,220.727,215.656,215.35,0.8515,0.0343,0.2027,28.3133,0.2065,ab4c9d934ac1a769,3
625,C:\Users\lalad\OneDrive\Desktop\Pinterest-всякое\pin_0625_0d927ff1d1b6.jpg,pin_0625_0d927ff1d1b6.jpg,1080,810,1.3333,landscape,125.343,123.864,125.483,0.4882,0.1148,0.314,11.3399,0.2241,add5d2b42d489f14,6
626,C:\Users\lalad\OneDrive\Desktop\Pinterest-всякое\pin_0626_1d2c4da47645.jpg,pin_0626_1d2c4da47645.jpg,1752,1168,1.5,landscape,191.612,202.044,131.223,0.7485,0.3872,0.228,63.2515,0.098,e1b39c4d4d927331,10
627,C:\Users\lalad\OneDrive\Desktop\Pinterest-всякое\pin_0627_d9fa90f09b27.jpg,pin_0627_d9fa90f09b27.jpg,1080,961,1.1238,square-ish,76.056,61.177,58.118,0.2561,0.2996,0.2802,37.1079,0.0893,9065659bc92c3e6b,1
628,C:\Users\lalad\OneDrive\Desktop\Pinterest-всякое\pin_0628_087b3d33c171.jpg,pin_0628_087b3d33c171.jpg,1823,1138,1.6019,landscape,64.962,70.443,78.647,0.2735,0.294,0.2951,14.5131,0.1041,d7efc09e950c5261,1
629,C:\Users\lalad\OneDrive\Desktop\Pinterest-всякое\pin_0629_e3a9657ada1a.jpg,pin_0629_e3a9657ada1a.jpg,1080,1081,0.9991,square-ish,191.633,151.85,77.795,0.609,0.6495,0.1733,89.6633,0.0479,8dc2129f69b663c5,10
630,C:\Users\lalad\OneDrive\Desktop\Pinterest-всякое\pin_0630_6048ec2abe7a.jpg,pin_0630_6048ec2abe7a.jpg,716,1200,0.5967,portrait,199.779,199.779,199.779,0.7834,0.0,0.3213,0.0,0.1469,b8b0c3393ca6d38d,3
631,C:\Users\lalad\OneDrive\Desktop\Pinterest-всякое\pin_0631_d26d99be1c4d.jpg,pin_0631_d26d99be1c4d.jpg,807,1080,0.7472,portrait,114.149,118.567,132.19,0.4659,0.3086,0.1833,36.8503,0.0869,ecb1126c29d95e33,9
632,C:\Users\lalad\OneDrive\Desktop\Pinterest-всякое\pin_0632_06b4531325bb.jpg,pin_0632_06b4531325bb.jpg,1196,1734,0.6897,portrait,134.636,125.899,110.783,0.4972,0.2827,0.2459,34.3346,0.134,944669fb26f28f42,7
633,C:\Users\lalad\OneDrive\Desktop\Pinterest-всякое\pin_0633_740854014797.jpg,pin_0633_740854014797.jpg,1264,1640,0.7707,portrait,35.272,28.64,55.54,0.1321,0.2557,0.149,75.1894,0.061,96696d9296ad4b94,0
634,C:\Users\lalad\OneDrive\Desktop\Pinterest-всякое\pin_0634_32956a475cf9.jpg,pin_0634_32956a475cf9.jpg,693,582,1.1907,square-ish,233.865,181.941,182.208,0.7745,0.2341,0.2559,97.5904,0.2213,bf9219ad9a91b492,10
635,C:\Users\lalad\OneDrive\Desktop\Pinterest-всякое\pin_0635_84c6bb671f52.png,pin_0635_84c6bb671f52.png,877,1200,0.7308,portrait,82.618,75.706,52.22,0.2945,0.4844,0.2251,22.9804,0.0562,8dad9b5a3a0e85b1,0
636,C:\Users\lalad\OneDrive\Desktop\Pinterest-всякое\pin_0636_596aa113ffaa.jpg,pin_0636_596aa113ffaa.jpg,900,991,0.9082,square-ish,144.35,128.144,125.383,0.5203,0.2069,0.2152,41.6331,0.0875,acaca5f75bc02e11,2
637,C:\Users\lalad\OneDrive\Desktop\Pinterest-всякое\pin_0637_c5af6a48f669.jpg,pin_0637_c5af6a48f669.jpg,1200,1200,1.0,square-ish,110.042,114.574,118.107,0.4455,0.2129,0.3246,15.0152,0.068,9ba48ffabc334403,5
638,C:\Users\lalad\OneDrive\Desktop\Pinterest-всякое\pin_0638_d96ca2254809.jpg,pin_0638_d96ca2254809.jpg,928,703,1.3201,landscape,115.739,141.972,186.246,0.5457,0.4845,0.2396,93.8858,0.1631,c8e94a32b46d475b,10
639,C:\Users\lalad\OneDrive\Desktop\Pinterest-всякое\pin_0639_895aa6899af6.jpg,pin_0639_895aa6899af6.jpg,1440,2560,0.5625,portrait,117.296,102.39,90.362,0.4136,0.2477,0.2763,27.2295,0.1332,ae5fbcc9d8815292,9
640,C:\Users\lalad\OneDrive\Desktop\Pinterest-всякое\pin_0640_8db52e5be6e1.jpg,pin_0640_8db52e5be6e1.jpg,1672,1240,1.3484,landscape,173.438,148.77,136.993,0.6071,0.2309,0.2293,35.257,0.16,96bfe740331415b6,8
641,C:\Users\lalad\OneDrive\Desktop\Pinterest-всякое\pin_0641_6b4c2c0e04f0.jpg,pin_0641_6b4c2c0e04f0.jpg,1632,1224,1.3333,landscape,135.433,141.475,144.09,0.5489,0.2002,0.2155,31.6534,0.2174,ad94cd225439d7cc,6
642,C:\Users\lalad\OneDrive\Desktop\Pinterest-всякое\pin_0642_6da5510e3783.jpg,pin_0642_6da5510e3783.jpg,736,736,1.0,square-ish,149.208,119.61,121.982,0.5048,0.2916,0.308,48.5575,0.1422,c0e0bfcf5ea40897,6
643,C:\Users\lalad\OneDrive\Desktop\Pinterest-всякое\pin_0643_ff642b53b2ca.jpg,pin_0643_ff642b53b2ca.jpg,450,466,0.9657,square-ish,172.621,145.442,133.471,0.5969,0.2766,0.2305,40.1088,0.0526,bb60a59edca88995,2
644,C:\Users\lalad\OneDrive\Desktop\Pinterest-всякое\pin_0644_9419752321d2.jpg,pin_0644_9419752321d2.jpg,916,699,1.3104,landscape,142.457,129.339,136.51,0.5258,0.4541,0.2591,67.8022,0.22,e1590a238eaaadb7,6
645,C:\Users\lalad\OneDrive\Desktop\Pinterest-всякое\pin_0645_c0a40130d371.jpg,pin_0645_c0a40130d371.jpg,720,719,1.0014,square-ish,203.189,146.94,107.311,0.6245,0.4886,0.2319,63.2663,0.1053,d085633aa57b807f,10
646,C:\Users\lalad\OneDrive\Desktop\Pinterest-всякое\pin_0646_1936c8cd97e9.jpg,pin_0646_1936c8cd97e9.jpg,600,600,1.0,square-ish,234.726,219.1,187.226,0.8633,0.2123,0.1996,81.9032,0.0995,bff0d2034f13689c,11
647,C:\Users\lalad\OneDrive\Desktop\Pinterest-всякое\pin_0647_ba2eb0a4a56b.jpg,pin_0647_ba2eb0a4a56b.jpg,588,446,1.3184,landscape,239.973,239.999,239.842,0.9411,0.0017,0.154,1.2008,0.1151,e69199a9ce78f0c4,11
648,C:\Users\lalad\OneDrive\Desktop\Pinterest-всякое\pin_0648_136632c8b1ee.jpg,pin_0648_136632c8b1ee.jpg,835,793,1.053,square-ish,123.84,126.57,124.584,0.4923,0.1731,0.3555,9.4798,0.1599,80ba7e91634b0f2f,5
649,C:\Users\lalad\OneDrive\Desktop\Pinterest-всякое\pin_0649_9c3ec42390b4.jpg,pin_0649_9c3ec42390b4.jpg,1200,907,1.323,landscape,104.27,25.078,35.614,0.1961,0.6687,0.0688,85.1855,0.0358,b28d1df20cb1cd74,4
650,C:\Users\lalad\OneDrive\Desktop\Pinterest-всякое\pin_0650_28b595192893.jpg,pin_0650_28b595192893.jpg,1200,820,1.4634,landscape,230.877,227.823,227.105,0.8967,0.0566,0.1729,35.0621,0.1988,9b17647065f1077a,11
651,C:\Users\lalad\OneDrive\Desktop\Pinterest-всякое\pin_0651_01763cf8a059.png,pin_0651_01763cf8a059.png,494,591,0.8359,square-ish,122.597,100.833,84.108,0.4135,0.4116,0.232,53.4347,0.0631,9bb1663bb6443926,4
652,C:\Users\lalad\OneDrive\Desktop\Pinterest-всякое\pin_0652_f93d7c160f2b.jpg,pin_0652_f93d7c160f2b.jpg,1741,1191,1.4618,landscape,166.173,167.623,163.695,0.6538,0.044,0.2441,5.3541,0.1497,818af8ef770048ef,3
653,C:\Users\lalad\OneDrive\Desktop\Pinterest-всякое\pin_0653_9882bedd1c22.jpg,pin_0653_9882bedd1c22.jpg,1632,1224,1.3333,landscape,139.41,138.934,138.999,0.5452,0.0195,0.2294,3.7106,0.0747,d9cd25f47cd66082,8
654,C:\Users\lalad\OneDrive\Desktop\Pinterest-всякое\pin_0654_a50a4a850e61.png,pin_0654_a50a4a850e61.png,733,1458,0.5027,portrait,131.642,103.929,112.536,0.4438,0.4583,0.3683,33.7069,0.1146,995a6bc6393047ae,9
655,C:\Users\lalad\OneDrive\Desktop\Pinterest-всякое\pin_0655_431706105ed2.jpg,pin_0655_431706105ed2.jpg,415,628,0.6608,portrait,45.035,55.026,48.223,0.2011,0.3389,0.2015,39.5997,0.1052,d95be6d9d8c4c2c0,0
656,C:\Users\lalad\OneDrive\Desktop\Pinterest-всякое\pin_0656_8a0d5dd23ba7.jpg,pin_0656_8a0d5dd23ba7.jpg,830,1199,0.6922,portrait,207.269,207.282,207.243,0.8128,0.0002,0.197,0.3334,0.1688,b83cce87c385874e,3
657,C:\Users\lalad\OneDrive\Desktop\Pinterest-всякое\pin_0657_418b73396404.jpg,pin_0657_418b73396404.jpg,828,753,1.0996,square-ish,202.039,201.687,198.009,0.7897,0.0263,0.3263,18.7301,0.1379,f8a07fc30307cb1e,3
658,C:\Users\lalad\OneDrive\Desktop\Pinterest-всякое\pin_0658_875864552e48.jpg,pin_0658_875864552e48.jpg,1658,1611,1.0292,square-ish,152.642,150.181,161.031,0.5965,0.1138,0.2404,21.3062,0.1184,de09e136f03c87c3,7
659,C:\Users\lalad\OneDrive\Desktop\Pinterest-всякое\pin_0659_d4212dfdc34f.jpg,pin_0659_d4212dfdc34f.jpg,469,469,1.0,square-ish,52.178,40.918,39.644,0.173,0.1238,0.2959,32.4477,0.0479,b5695a9aa1663d58,1
660,C:\Users\lalad\OneDrive\Desktop\Pinterest-всякое\pin_0660_adbd4bbe536b.jpg,pin_0660_adbd4bbe536b.jpg,604,450,1.3422,landscape,172.931,172.724,172.701,0.6776,0.0044,0.3737,3.3179,0.1534,cb85e658b0079b6e,3
661,C:\Users\lalad\OneDrive\Desktop\Pinterest-всякое\pin_0661_304a69d39e31.jpg,pin_0661_304a69d39e31.jpg,807,735,1.098,square-ish,229.916,227.249,225.875,0.8937,0.0365,0.2351,12.9421,0.0515,a7f8d80327e0f20f,11
662,C:\Users\lalad\OneDrive\Desktop\Pinterest-всякое\pin_0662_edf20e46bb77.jpg,pin_0662_edf20e46bb77.jpg,1632,1224,1.3333,landscape,153.244,64.216,36.618,0.3439,0.7491,0.2109,102.5176,0.1158,c9fcf464988978b4,4
663,C:\Users\lalad\OneDrive\Desktop\Pinterest-всякое\pin_0663_ef9f2f30fc63.jpg,pin_0663_ef9f2f30fc63.jpg,1641,1264,1.2983,landscape,135.877,92.778,73.869,0.406,0.5159,0.3187,85.3627,0.1569,94e17177332c1fe0,10
664,C:\Users\lalad\OneDrive\Desktop\Pinterest-всякое\pin_0664_c374edb24c98.jpg,pin_0664_c374edb24c98.jpg,1633,1270,1.2858,landscape,127.075,129.805,119.886,0.5014,0.194,0.2397,21.1822,0.0882,f3528cad92b2636c,8
665,C:\Users\lalad\OneDrive\Desktop\Pinterest-всякое\pin_0665_b474a5e17010.jpg,pin_0665_b474a5e17010.jpg,720,794,0.9068,square-ish,76.251,53.593,46.35,0.2335,0.2906,0.1904,38.6425,0.1665,b06741bca8e35c67,6
666,C:\Users\lalad\OneDrive\Desktop\Pinterest-всякое\pin_0666_02344d5e0d9a.jpg,pin_0666_02344d5e0d9a.jpg,1726,1201,1.4371,landscape,102.827,15.715,21.382,0.1663,0.6975,0.0937,131.2874,0.034,ecea949d913c9296,4
667,C:\Users\lalad\OneDrive\Desktop\Pinterest-всякое\pin_0667_2a771a5b1d15.jpg,pin_0667_2a771a5b1d15.jpg,1440,1440,1.0,square-ish,192.379,184.968,186.498,0.7347,0.1074,0.3008,16.7933,0.0393,be1969e199a694f0,3
668,C:\Users\lalad\OneDrive\Desktop\Pinterest-всякое\pin_0668_a0d97468dbe7.jpg,pin_0668_a0d97468dbe7.jpg,550,401,1.3716,landscape,200.119,192.747,200.417,0.7679,0.1018,0.3697,31.9119,0.056,bf7cc0c6c0319b39,3
669,C:\Users\lalad\OneDrive\Desktop\Pinterest-всякое\pin_0669_0b844e3e4e75.jpg,pin_0669_0b844e3e4e75.jpg,736,736,1.0,square-ish,83.238,74.499,61.534,0.2966,0.3523,0.2682,28.1276,0.0757,c07e9327d28c5bb4,1
670,C:\Users\lalad\OneDrive\Desktop\Pinterest-всякое\pin_0670_0d0b90afd055.jpg,pin_0670_0d0b90afd055.jpg,1632,1224,1.3333,landscape,141.449,146.799,134.807,0.5641,0.1507,0.1885,21.8359,0.0892,cf5010e3ff5a68c4,8
671,C:\Users\lalad\OneDrive\Desktop\Pinterest-всякое\pin_0671_90bcb0663fb1.jpg,pin_0671_90bcb0663fb1.jpg,1000,1541,0.6489,portrait,178.688,137.094,66.703,0.5549,0.6152,0.1561,73.2531,0.0779,856e15f173c64eb0,10
672,C:\Users\lalad\OneDrive\Desktop\Pinterest-всякое\pin_0672_6a062bf10db4.jpg,pin_0672_6a062bf10db4.jpg,1440,1440,1.0,square-ish,194.03,180.427,165.324,0.7168,0.1738,0.1493,43.3623,0.0845,a4b1de2c9ba72433,2
673,C:\Users\lalad\OneDrive\Desktop\Pinterest-всякое\pin_0673_5d964e47d5dc.jpg,pin_0673_5d964e47d5dc.jpg,474,750,0.632,portrait,91.959,78.91,66.709,0.3193,0.3825,0.3026,31.3167,0.0832,bfbfd218cbc09a40,9
674,C:\Users\lalad\OneDrive\Desktop\Pinterest-всякое\pin_0674_0f90746411a7.jpg,pin_0674_0f90746411a7.jpg,827,1328,0.6227,portrait,241.322,241.322,241.322,0.9464,0.0,0.1384,0.0,0.1168,cbafd419ccca9131,11
675,C:\Users\lalad\OneDrive\Desktop\Pinterest-всякое\pin_0675_95e711ac46bb.jpg,pin_0675_95e711ac46bb.jpg,794,871,0.9116,square-ish,89.397,78.371,78.905,0.3205,0.222,0.1989,45.2638,0.0723,bfcbb005ca9ca1c3,1
676,C:\Users\lalad\OneDrive\Desktop\Pinterest-всякое\pin_0676_33d655a347fa.jpg,pin_0676_33d655a347fa.jpg,1449,1431,1.0126,square-ish,232.909,232.591,233.618,0.9129,0.0075,0.1566,3.2533,0.0767,9ed8b523d8c223bc,11
677,C:\Users\lalad\OneDrive\Desktop\Pinterest-всякое\pin_0677_1956a57f9151.jpg,pin_0677_1956a57f9151.jpg,986,1077,0.9155,square-ish,98.471,25.404,37.02,0.1905,0.7738,0.1321,82.779,0.0718,95b96a4633293d71,4
678,C:\Users\lalad\OneDrive\Desktop\Pinterest-всякое\pin_0678_fc6ec5f4deba.jpg,pin_0678_fc6ec5f4deba.jpg,1080,826,1.3075,landscape,234.314,234.439,234.49,0.9192,0.0017,0.2005,1.9354,0.1205,9af9c304e7c4c42f,11
679,C:\Users\lalad\OneDrive\Desktop\Pinterest-всякое\pin_0679_1a3157cbb715.gif,pin_0679_1a3157cbb715.gif,500,281,1.7794,landscape,133.464,142.36,162.616,0.5569,0.2759,0.2832,50.976,0.0953,a4297392ec8dcb99,8
680,C:\Users\lalad\OneDrive\Desktop\Pinterest-всякое\pin_0680_dcb20f824d76.jpg,pin_0680_dcb20f824d76.jpg,354,353,1.0028,square-ish,110.775,102.171,80.522,0.4012,0.3248,0.179,43.1292,0.0329,ac93b54b4ae59aa4,1
681,C:\Users\lalad\OneDrive\Desktop\Pinterest-всякое\pin_0681_19166891348e.jpg,pin_0681_19166891348e.jpg,1440,1440,1.0,square-ish,225.029,224.915,224.921,0.8822,0.0016,0.1888,3.5448,0.1052,9bce70b534c29a93,11
682,C:\Users\lalad\OneDrive\Desktop\Pinterest-всякое\pin_0682_8d98a1a447ea.jpg,pin_0682_8d98a1a447ea.jpg,637,487,1.308,landscape,148.97,127.846,114.847,0.5201,0.2644,0.2177,20.3477,0.0589,f18b396ac685b49c,8
683,C:\Users\lalad\OneDrive\Desktop\Pinterest-всякое\pin_0683_63cc37df35a4.jpg,pin_0683_63cc37df35a4.jpg,740,1080,0.6852,portrait,209.393,165.668,180.07,0.7074,0.2965,0.2833,80.8876,0.1117,ea722589ce8d8ab6,10
684,C:\Users\lalad\OneDrive\Desktop\Pinterest-всякое\pin_0684_14f9c98c22c5.jpg,pin_0684_14f9c98c22c5.jpg,740,1080,0.6852,portrait,164.042,154.218,138.607,0.6093,0.3661,0.3052,54.1032,0.1729,d0a5ff52e260885f,7
685,C:\Users\lalad\OneDrive\Desktop\Pinterest-всякое\pin_0685_f9acb19c1ade.jpg,pin_0685_f9acb19c1ade.jpg,960,540,1.7778,landscape,70.599,43.251,38.298,0.1996,0.4284,0.1702,39.276,0.0681,cc727399c6cc1b31,0
686,C:\Users\lalad\OneDrive\Desktop\Pinterest-всякое\pin_0686_1c844e1bf443.png,pin_0686_1c844e1bf443.png,640,908,0.7048,portrait,158.11,158.11,158.11,0.62,0.0,0.3168,0.0,0.185,b742cd8c9ba3a0ce,7
687,C:\Users\lalad\OneDrive\Desktop\Pinterest-всякое\pin_0687_4cda97b27469.webp,pin_0687_4cda97b27469.webp,1080,1352,0.7988,portrait,106.396,109.277,110.558,0.4257,0.2034,0.2641,21.3263,0.1132,90f2e5924d99c6e6,9
688,C:\Users\lalad\OneDrive\Desktop\Pinterest-всякое\pin_0688_0501751ef44a.jpg,pin_0688_0501751ef44a.jpg,1200,605,1.9835,landscape,151.362,150.855,152.106,0.5927,0.0666,0.4561,9.9854,0.0941,aec89ba5e19864e5,5
689,C:\Users\lalad\OneDrive\Desktop\Pinterest-всякое\pin_0689_642d5677c925.jpg,pin_0689_642d5677c925.jpg,768,512,1.5,landscape,161.353,136.524,136.337,0.5645,0.2224,0.3345,39.5592,0.0762,ac86412c95bcdbd9,8
690,C:\Users\lalad\OneDrive\Desktop\Pinterest-всякое\pin_0690_26103897baa2.jpg,pin_0690_26103897baa2.jpg,569,486,1.1708,square-ish,85.726,66.87,55.025,0.2791,0.4239,0.2562,45.3966,0.1068,9ee286998d74da70,4
691,C:\Users\lalad\OneDrive\Desktop\Pinterest-всякое\pin_0691_5251bc80af5f.jpg,pin_0691_5251bc80af5f.jpg,1180,1080,1.0926,square-ish,209.846,209.649,212.934,0.8239,0.0545,0.2651,11.4659,0.0983,8e7fe1e20c103d1f,3
692,C:\Users\lalad\OneDrive\Desktop\Pinterest-всякое\pin_0692_f85e42393de3.jpg,pin_0692_f85e42393de3.jpg,1200,1508,0.7958,portrait,205.655,94.855,86.836,0.4983,0.6442,0.2348,107.3256,0.2096,eaf097b4c893da42,10
693,C:\Users\lalad\OneDrive\Desktop\Pinterest-всякое\pin_0693_dd227742a2a9.jpg,pin_0693_dd227742a2a9.jpg,720,8096,0.0889,portrait,124.2,210.958,211.407,0.7259,0.4514,0.1725,112.7848,0.2094,964653b9b3ac431e,7
694,C:\Users\lalad\OneDrive\Desktop\Pinterest-всякое\pin_0694_e57b15c7e091.jpg,pin_0694_e57b15c7e091.jpg,736,1167,0.6307,portrait,145.255,135.388,153.645,0.5506,0.1933,0.278,20.6977,0.096,b0b35a49e75a89a6,7
695,C:\Users\lalad\OneDrive\Desktop\Pinterest-всякое\pin_0695_37a2faf92455.jpg,pin_0695_37a2faf92455.jpg,736,980,0.751,portrait,125.983,134.857,153.681,0.5269,0.2527,0.2819,29.4019,0.1232,b38ccfe372380bc4,7
696,C:\Users\lalad\OneDrive\Desktop\Pinterest-всякое\pin_0696_c3eb11ecb6a3.jpg,pin_0696_c3eb11ecb6a3.jpg,1000,1200,0.8333,square-ish,116.563,113.136,110.713,0.4466,0.1942,0.3501,15.6999,0.064,9863a9c472fe1791,5
697,C:\Users\lalad\OneDrive\Desktop\Pinterest-всякое\pin_0697_e442b45cde72.jpg,pin_0697_e442b45cde72.jpg,1280,944,1.3559,landscape,226.09,226.03,226.136,0.8865,0.0164,0.2451,2.937,0.0952,b9ce3830c631c779,11
698,C:\Users\lalad\OneDrive\Desktop\Pinterest-всякое\pin_0698_f13a307492d7.jpg,pin_0698_f13a307492d7.jpg,975,1400,0.6964,portrait,183.121,183.121,183.121,0.7181,0.0,0.3191,0.0,0.1433,c869b7b6107db982,3
699,C:\Users\lalad\OneDrive\Desktop\Pinterest-всякое\pin_0699_537d5e7febbb.jpg,pin_0699_537d5e7febbb.jpg,736,736,1.0,square-ish,164.362,148.89,124.994,0.5913,0.282,0.2266,38.5224,0.1234,e4d292ed5b238d07,7
700,C:\Users\lalad\OneDrive\Desktop\Pinterest-всякое\pin_0700_259ef5bb2db9.jpg,pin_0700_259ef5bb2db9.jpg,736,981,0.7503,portrait,66.441,64.015,63.083,0.2535,0.1391,0.2078,12.4617,0.1422,bf40339789a6a955,9
701,C:\Users\lalad\OneDrive\Desktop\Pinterest-всякое\pin_0701_62029acd1530.jpg,pin_0701_62029acd1530.jpg,750,666,1.1261,square-ish,206.919,207.549,208.268,0.8135,0.0769,0.249,31.9234,0.1409,b76da9a8f0f0c2c1,3
702,C:\Users\lalad\OneDrive\Desktop\Pinterest-всякое\pin_0702_9d5c2134cb27.png,pin_0702_9d5c2134cb27.png,307,439,0.6993,portrait,98.199,90.189,82.363,0.3596,0.2813,0.3023,25.7506,0.1751,ab8844471e2d7d3e,9
703,C:\Users\lalad\OneDrive\Desktop\Pinterest-всякое\pin_0703_13254e1eda32.jpg,pin_0703_13254e1eda32.jpg,828,747,1.1084,square-ish,158.612,120.763,69.298,0.495,0.5714,0.2624,74.8701,0.0752,92b6cc2bb3cc6836,10
704,C:\Users\lalad\OneDrive\Desktop\Pinterest-всякое\pin_0704_acae42506b44.jpg,pin_0704_acae42506b44.jpg,736,552,1.3333,landscape,125.723,127.791,117.852,0.4943,0.2544,0.2384,38.5529,0.2153,d5f1834e8c4ea50f,6
705,C:\Users\lalad\OneDrive\Desktop\Pinterest-всякое\pin_0705_729c8cbf2fe0.jpg,pin_0705_729c8cbf2fe0.jpg,1076,997,1.0792,square-ish,105.462,102.054,96.526,0.4018,0.1936,0.1641,19.8744,0.1189,ec6d90d9cd889ac3,1
706,C:\Users\lalad\OneDrive\Desktop\Pinterest-всякое\pin_0706_7806dd3bb7af.jpg,pin_0706_7806dd3bb7af.jpg,800,800,1.0,square-ish,188.751,190.018,186.292,0.7421,0.0937,0.282,30.0199,0.156,e96dae9ac34f9420,3
707,C:\Users\lalad\OneDrive\Desktop\Pinterest-всякое\pin_0707_7e41008cc8d0.jpg,pin_0707_7e41008cc8d0.jpg,1184,2048,0.5781,portrait,113.556,96.802,77.949,0.3908,0.5165,0.2335,64.1535,0.2401,9af46cb4885f8366,6
708,C:\Users\lalad\OneDrive\Desktop\Pinterest-всякое\pin_0708_0f5b3692003e.jpg,pin_0708_0f5b3692003e.jpg,494,1200,0.4117,portrait,111.586,95.919,85.696,0.39,0.2588,0.1943,26.8887,0.1067,bf1d431384d139e6,9
709,C:\Users\lalad\OneDrive\Desktop\Pinterest-всякое\pin_0709_397ed40d7cbe.jpg,pin_0709_397ed40d7cbe.jpg,486,648,0.75,portrait,96.421,96.792,98.695,0.3799,0.1264,0.2769,10.4419,0.0844,ae9df752b5728050,9
710,C:\Users\lalad\OneDrive\Desktop\Pinterest-всякое\pin_0710_f5713830d21a.jpg,pin_0710_f5713830d21a.jpg,885,1200,0.7375,portrait,88.419,77.566,84.445,0.3199,0.1899,0.1766,22.7057,0.0957,c05e2b3c0f0f2d3d,9
711,C:\Users\lalad\OneDrive\Desktop\Pinterest-всякое\pin_0711_1993966305a8.jpg,pin_0711_1993966305a8.jpg,2966,3837,0.773,portrait,33.395,30.411,36.934,0.1256,0.293,0.2124,45.3307,0.0715,921969c373e4666b,0
712,C:\Users\lalad\OneDrive\Desktop\Pinterest-всякое\pin_0712_5ea4124cff73.jpg,pin_0712_5ea4124cff73.jpg,1706,1215,1.4041,landscape,127.826,88.174,83.449,0.3902,0.4731,0.1642,60.7502,0.2094,c65eb1fc41ce9243,6
713,C:\Users\lalad\OneDrive\Desktop\Pinterest-всякое\pin_0713_78cf130446c7.jpg,pin_0713_78cf130446c7.jpg,698,698,1.0,square-ish,134.629,84.204,86.611,0.3904,0.5107,0.186,75.492,0.1951,db80663c9972678b,6
714,C:\Users\lalad\OneDrive\Desktop\Pinterest-всякое\pin_0714_ca056719c343.jpg,pin_0714_ca056719c343.jpg,750,750,1.0,square-ish,180.995,130.767,122.603,0.5681,0.3843,0.2362,74.0796,0.1829,bed176b6493230d1,10
715,C:\Users\lalad\OneDrive\Desktop\Pinterest-всякое\pin_0715_c9792d42ba62.png,pin_0715_c9792d42ba62.png,600,603,0.995,square-ish,161.402,147.964,145.48,0.5949,0.1985,0.2459,42.1605,0.1421,ae1ad40d97e19a63,7
716,C:\Users\lalad\OneDrive\Desktop\Pinterest-всякое\pin_0716_43d15645cab1.jpg,pin_0716_43d15645cab1.jpg,900,900,1.0,square-ish,184.334,89.385,70.962,0.4536,0.6699,0.1891,108.2019,0.0686,95673c3d6232851f,4
717,C:\Users\lalad\OneDrive\Desktop\Pinterest-всякое\pin_0717_56f792c67bb5.jpg,pin_0717_56f792c67bb5.jpg,1551,1337,1.1601,square-ish,124.448,113.641,110.481,0.4569,0.2387,0.2124,33.8934,0.1401,8b0ec57447f0391f,8
718,C:\Users\lalad\OneDrive\Desktop\Pinterest-всякое\pin_0718_761965cd73c4.jpg,pin_0718_761965cd73c4.jpg,743,500,1.486,landscape,102.735,73.871,58.974,0.3169,0.5318,0.2745,50.4287,0.1875,9e1acb8b54864f99,6
719,C:\Users\lalad\OneDrive\Desktop\Pinterest-всякое\pin_0719_b01c8eba6ed8.jpg,pin_0719_b01c8eba6ed8.jpg,736,732,1.0055,square-ish,89.949,84.748,80.558,0.3365,0.3442,0.3066,22.3572,0.1667,884870c32bf72bb7,6
720,C:\Users\lalad\OneDrive\Desktop\Pinterest-всякое\pin_0720_8c0a53510478.webp,pin_0720_8c0a53510478.webp,2560,1712,1.4953,landscape,238.951,231.479,225.299,0.9134,0.0837,0.194,37.5519,0.0457,b861c39ece6c7883,11
721,C:\Users\lalad\OneDrive\Desktop\Pinterest-всякое\pin_0721_618044cdcd95.jpg,pin_0721_618044cdcd95.jpg,1430,2048,0.6982,portrait,165.266,151.708,145.493,0.6083,0.1833,0.2222,30.594,0.114,cf99a0f798b42d44,7
722,C:\Users\lalad\OneDrive\Desktop\Pinterest-всякое\pin_0722_4175d7189719.jpg,pin_0722_4175d7189719.jpg,1440,1440,1.0,square-ish,103.614,120.893,123.847,0.4552,0.2915,0.1972,36.3384,0.1133,9fa07c8a4cc759e4,8
723,C:\Users\lalad\OneDrive\Desktop\Pinterest-всякое\pin_0723_0798cfd981da.jpg,pin_0723_0798cfd981da.jpg,1644,1261,1.3037,landscape,228.527,225.661,221.499,0.8865,0.0512,0.2268,28.944,0.1166,afa0da9f4a702d4c,11
724,C:\Users\lalad\OneDrive\Desktop\Pinterest-всякое\pin_0724_5d90a32e1c65.jpg,pin_0724_5d90a32e1c65.jpg,1200,1200,1.0,square-ish,213.698,211.613,211.407,0.8322,0.0149,0.2842,19.4074,0.1799,cab46158a749b765,3
725,C:\Users\lalad\OneDrive\Desktop\Pinterest-всякое\pin_0725_29b49d5f83de.jpg,pin_0725_29b49d5f83de.jpg,1632,1224,1.3333,landscape,69.749,86.559,84.474,0.3188,0.2681,0.1735,13.4666,0.0584,cee9119efcc9121c,1
726,C:\Users\lalad\OneDrive\Desktop\Pinterest-всякое\pin_0726_f054ec8b29e9.jpg,pin_0726_f054ec8b29e9.jpg,3265,2179,1.4984,landscape,159.945,154.508,156.382,0.6132,0.1835,0.2305,38.3906,0.1411,9bc3ecf88f70504a,8
727,C:\Users\lalad\OneDrive\Desktop\Pinterest-всякое\pin_0727_9ca201c674c4.jpg,pin_0727_9ca201c674c4.jpg,735,803,0.9153,square-ish,210.038,210.038,210.038,0.8237,0.0,0.3486,0.0,0.0752,bfc9b436c0194b2d,3
728,C:\Users\lalad\OneDrive\Desktop\Pinterest-всякое\pin_0728_f83c757a9d9c.jpg,pin_0728_f83c757a9d9c.jpg,1632,1224,1.3333,landscape,145.303,139.657,125.527,0.5479,0.1832,0.2567,21.8589,0.1212,c43f3ba0dcc04f6c,8
729,C:\Users\lalad\OneDrive\Desktop\Pinterest-всякое\pin_0729_48132d47d153.jpg,pin_0729_48132d47d153.jpg,748,1000,0.748,portrait,118.234,96.562,84.737,0.3988,0.2654,0.1719,38.6326,0.1263,c4bd60639c7c5a1b,9
730,C:\Users\lalad\OneDrive\Desktop\Pinterest-всякое\pin_0730_14f982207667.jpg,pin_0730_14f982207667.jpg,1022,767,1.3325,landscape,205.942,153.22,105.744,0.6415,0.4931,0.2023,71.399,0.0732,e895944b29b6cbcc,10
731,C:\Users\lalad\OneDrive\Desktop\Pinterest-всякое\pin_0731_e20c72e517eb.jpg,pin_0731_e20c72e517eb.jpg,1125,1382,0.814,portrait,116.476,113.83,115.849,0.4504,0.0846,0.2308,9.4403,0.0649,c183b5d0966f6cd1,9
732,C:\Users\lalad\OneDrive\Desktop\Pinterest-всякое\pin_0732_ce2148993af3.jpg,pin_0732_ce2148993af3.jpg,1078,719,1.4993,landscape,140.981,143.072,130.828,0.5531,0.1841,0.2547,21.9003,0.1315,968c59e461bc774a,8
733,C:\Users\lalad\OneDrive\Desktop\Pinterest-всякое\pin_0733_3ef89f8e970c.png,pin_0733_3ef89f8e970c.png,1177,1177,1.0,square-ish,70.092,83.273,92.984,0.3153,0.3722,0.3455,29.3055,0.0595,c6672d6b333cb218,1
734,C:\Users\lalad\OneDrive\Desktop\Pinterest-всякое\pin_0734_d0112e019449.jpg,pin_0734_d0112e019449.jpg,1024,768,1.3333,landscape,102.052,103.474,86.675,0.3966,0.2907,0.2565,17.3816,0.0816,977668c54c7a3385,1
735,C:\Users\lalad\OneDrive\Desktop\Pinterest-всякое\pin_0735_23efcaf72cb2.jpg,pin_0735_23efcaf72cb2.jpg,750,747,1.004,square-ish,112.468,108.737,114.501,0.4332,0.1667,0.2932,16.7176,0.1204,ce1073aec07e9b61,5
736,C:\Users\lalad\OneDrive\Desktop\Pinterest-всякое\pin_0736_f947bfbb294c.jpg,pin_0736_f947bfbb294c.jpg,1200,931,1.2889,landscape,139.268,146.764,148.622,0.5676,0.249,0.1934,38.9798,0.109,9e9f68f3652830a5,8
737,C:\Users\lalad\OneDrive\Desktop\Pinterest-всякое\pin_0737_46cdb4b78323.jpg,pin_0737_46cdb4b78323.jpg,1053,1407,0.7484,portrait,94.433,92.253,88.194,0.3625,0.172,0.2013,18.595,0.1236,fcfcfb5ca2248310,9
738,C:\Users\lalad\OneDrive\Desktop\Pinterest-всякое\pin_0738_68ee230f3095.jpg,pin_0738_68ee230f3095.jpg,731,1334,0.548,portrait,161.31,128.846,112.519,0.536,0.3176,0.172,31.123,0.1388,92cd5ca9c6eb416a,7
739,C:\Users\lalad\OneDrive\Desktop\Pinterest-всякое\pin_0739_4f3f5670b687.jpg,pin_0739_4f3f5670b687.jpg,968,1200,0.8067,portrait,80.392,40.531,42.565,0.2066,0.6965,0.1547,52.3025,0.0756,999827261e7367c9,4
740,C:\Users\lalad\OneDrive\Desktop\Pinterest-всякое\pin_0740_513429155985.jpg,pin_0740_513429155985.jpg,700,840,0.8333,square-ish,218.168,190.831,178.322,0.7744,0.2209,0.2587,48.2927,0.0882,eeca1da19d09b293,3
741,C:\Users\lalad\OneDrive\Desktop\Pinterest-всякое\pin_0741_8d00d9de0234.jpg,pin_0741_8d00d9de0234.jpg,540,942,0.5732,portrait,78.148,71.734,46.084,0.2774,0.4231,0.1354,27.0789,0.1717,cfe73119c4923965,0
742,C:\Users\lalad\OneDrive\Desktop\Pinterest-всякое\pin_0742_e5f83c11a7a3.jpg,pin_0742_e5f83c11a7a3.jpg,500,683,0.7321,portrait,222.255,209.359,191.372,0.8281,0.1801,0.2512,59.6556,0.1034,ec93c698b14d9663,3
743,C:\Users\lalad\OneDrive\Desktop\Pinterest-всякое\pin_0743_0e27e98a8e35.jpg,pin_0743_0e27e98a8e35.jpg,800,645,1.2403,landscape,104.23,88.292,70.053,0.3568,0.3655,0.2426,40.2436,0.0998,c93bb26682fd42b2,1
744,C:\Users\lalad\OneDrive\Desktop\Pinterest-всякое\pin_0744_69c83d765cf9.jpg,pin_0744_69c83d765cf9.jpg,756,1008,0.75,portrait,128.216,128.319,125.589,0.5018,0.1237,0.1887,14.992,0.0892,9aaa2d35c5937c64,2
745,C:\Users\lalad\OneDrive\Desktop\Pinterest-всякое\pin_0745_d92d6c63dff0.jpg,pin_0745_d92d6c63dff0.jpg,1752,1168,1.5,landscape,238.78,238.45,238.05,0.9354,0.0105,0.1934,2.7339,0.0429,b8cec7303cce6338,11
746,C:\Users\lalad\OneDrive\Desktop\Pinterest-всякое\pin_0746_601ad5ea6bc6.webp,pin_0746_601ad5ea6bc6.webp,2560,1712,1.4953,landscape,237.269,235.741,234.685,0.925,0.0269,0.2026,7.908,0.0368,ec2592da6969343d,11
747,C:\Users\lalad\OneDrive\Desktop\Pinterest-всякое\pin_0747_caa880ebb741.jpg,pin_0747_caa880ebb741.jpg,750,1000,0.75,portrait,146.873,127.782,111.678,0.5163,0.2956,0.2225,30.0897,0.1042,c2dd46824fdac267,9
748,C:\Users\lalad\OneDrive\Desktop\Pinterest-всякое\pin_0748_226c0fd9b3a7.jpg,pin_0748_226c0fd9b3a7.jpg,1440,1440,1.0,square-ish,94.268,91.487,87.104,0.3601,0.2496,0.2734,13.7311,0.096,e359e3a2aa7109e3,1
749,C:\Users\lalad\OneDrive\Desktop\Pinterest-всякое\pin_0749_51501d3e087b.jpg,pin_0749_51501d3e087b.jpg,736,1314,0.5601,portrait,224.914,212.258,193.818,0.839,0.1636,0.1921,33.3668,0.0823,a9b3960d7672896c,11
750,C:\Users\lalad\OneDrive\Desktop\Pinterest-всякое\pin_0750_7c981bd99460.jpg,pin_0750_7c981bd99460.jpg,845,1200,0.7042,portrait,148.204,140.691,138.669,0.5596,0.1096,0.2097,14.1595,0.139,f2930cccb338cce6,7
751,C:\Users\lalad\OneDrive\Desktop\Pinterest-всякое\pin_0751_0a912abb6fcc.jpg,pin_0751_0a912abb6fcc.jpg,828,1028,0.8054,portrait,141.615,141.861,140.873,0.5556,0.0935,0.1994,10.4601,0.0987,b4949bc9ecd24b07,2
752,C:\Users\lalad\OneDrive\Desktop\Pinterest-всякое\pin_0752_3f0d1bec8f94.webp,pin_0752_3f0d1bec8f94.webp,2560,1712,1.4953,landscape,237.504,235.735,234.648,0.9253,0.0277,0.2084,10.6332,0.048,b863c7984e67383c,11
753,C:\Users\lalad\OneDrive\Desktop\Pinterest-всякое\pin_0753_4faeda88bb60.jpg,pin_0753_4faeda88bb60.jpg,1024,1024,1.0,square-ish,125.669,108.866,103.428,0.4443,0.2622,0.3031,23.0905,0.0499,962e29d133e50ed9,5
754,C:\Users\lalad\OneDrive\Desktop\Pinterest-всякое\pin_0754_0190f6b448a7.jpg,pin_0754_0190f6b448a7.jpg,1440,1920,0.75,portrait,123.178,118.109,110.632,0.4657,0.148,0.2603,14.8959,0.1284,fd66e2a880951ece,9
755,C:\Users\lalad\OneDrive\Desktop\Pinterest-всякое\pin_0755_d4b754963a05.jpg,pin_0755_d4b754963a05.jpg,735,490,1.5,landscape,153.17,120.719,79.85,0.4932,0.548,0.285,55.9885,0.1126,f1a797ac8c303387,10
756,C:\Users\lalad\OneDrive\Desktop\Pinterest-всякое\pin_0756_e205bbc99542.jpg,pin_0756_e205bbc99542.jpg,500,375,1.3333,landscape,90.241,85.04,67.636,0.3318,0.4,0.2608,30.7591,0.1395,ddadeab8e88bb040,6
757,C:\Users\lalad\OneDrive\Desktop\Pinterest-всякое\pin_0757_3d3c919c5009.jpg,pin_0757_3d3c919c5009.jpg,243,208,1.1683,square-ish,209.894,190.665,163.519,0.7582,0.2616,0.2197,42.7971,0.1225,e4fc93c5c3999a50,3
758,C:\Users\lalad\OneDrive\Desktop\Pinterest-всякое\pin_0758_b19429ff28d3.jpg,pin_0758_b19429ff28d3.jpg,1095,683,1.6032,landscape,231.415,231.427,230.829,0.9073,0.0224,0.2442,3.696,0.0309,e9b5944ab631698d,11
759,C:\Users\lalad\OneDrive\Desktop\Pinterest-всякое\pin_0759_5a40eb675d0b.jpg,pin_0759_5a40eb675d0b.jpg,1001,722,1.3864,landscape,236.58,238.99,241.465,0.9355,0.0323,0.1667,13.2284,0.0545,b24fc4b0396f63c8,11
760,C:\Users\lalad\OneDrive\Desktop\Pinterest-всякое\pin_0760_b85d262efe2c.jpg,pin_0760_b85d262efe2c.jpg,1060,671,1.5797,landscape,240.167,239.254,236.924,0.9383,0.0255,0.1716,9.2955,0.0406,ee9995666b099433,11
761,C:\Users\lalad\OneDrive\Desktop\Pinterest-всякое\pin_0761_fd35f980ae16.jpg,pin_0761_fd35f980ae16.jpg,993,712,1.3947,landscape,239.141,233.57,230.55,0.9212,0.0619,0.1998,23.0226,0.0482,b09acf6732989c66,11
762,C:\Users\lalad\OneDrive\Desktop\Pinterest-всякое\pin_0762_8920ff8899ba.jpg,pin_0762_8920ff8899ba.jpg,1092,788,1.3858,landscape,231.535,226.306,221.238,0.8914,0.0805,0.2382,23.9791,0.0502,bb71c48e1e637191,11
763,C:\Users\lalad\OneDrive\Desktop\Pinterest-всякое\pin_0763_dc507bc9f4c9.jpg,pin_0763_dc507bc9f4c9.jpg,981,670,1.4642,landscape,248.788,246.988,244.09,0.9694,0.0233,0.0878,12.3496,0.0461,b831c3872c6ce373,11
764,C:\Users\lalad\OneDrive\Desktop\Pinterest-всякое\pin_0764_849e06bd1db1.jpg,pin_0764_849e06bd1db1.jpg,1280,856,1.4953,landscape,243.895,242.193,239.258,0.9505,0.0307,0.1323,14.6357,0.0506,ed3492c9c3326d36,11
765,C:\Users\lalad\OneDrive\Desktop\Pinterest-всякое\pin_0765_ce1161f3dfdb.jpg,pin_0765_ce1161f3dfdb.jpg,1280,856,1.4953,landscape,245.578,244.362,241.89,0.9586,0.0257,0.1387,11.066,0.0463,bc2fc3c03c3bc3c2,11
766,C:\Users\lalad\OneDrive\Desktop\Pinterest-всякое\pin_0766_30547f8ef15a.jpg,pin_0766_30547f8ef15a.jpg,1000,690,1.4493,landscape,237.939,237.939,237.939,0.9331,0.0,0.2074,0.0,0.0619,b3cc993c67998c23,11
767,C:\Users\lalad\OneDrive\Desktop\Pinterest-всякое\pin_0767_0b8f018d1ad1.jpg,pin_0767_0b8f018d1ad1.jpg,510,511,0.998,square-ish,88.47,72.028,66.491,0.2992,0.3109,0.2075,26.6028,0.0743,87e278fd5884df80,1
768,C:\Users\lalad\OneDrive\Desktop\Pinterest-всякое\pin_0768_503d64a969dc.jpg,pin_0768_503d64a969dc.jpg,640,1137,0.5629,portrait,88.677,80.817,64.05,0.3187,0.334,0.2657,31.894,0.0286,df9b20e41b73c0c9,9
769,C:\Users\lalad\OneDrive\Desktop\Pinterest-всякое\pin_0769_1213bf4bf430.jpg,pin_0769_1213bf4bf430.jpg,1080,1603,0.6737,portrait,179.551,161.801,140.13,0.6456,0.2775,0.1759,65.5042,0.084,ace88b06db3dc931,2
770,C:\Users\lalad\OneDrive\Desktop\Pinterest-всякое\pin_0770_286d1f9b2f31.jpg,pin_0770_286d1f9b2f31.jpg,640,640,1.0,square-ish,140.735,132.584,157.413,0.5406,0.2678,0.2292,39.8336,0.1493,afbf048d708fe00b,7
771,C:\Users\lalad\OneDrive\Desktop\Pinterest-всякое\pin_0771_276cc9de07a4.png,pin_0771_276cc9de07a4.png,360,304,1.1842,square-ish,174.309,170.806,174.062,0.6755,0.1721,0.2054,31.3423,0.0895,a996da253273cd92,2
772,C:\Users\lalad\OneDrive\Desktop\Pinterest-всякое\pin_0772_f74cbf090557.jpg,pin_0772_f74cbf090557.jpg,640,905,0.7072,portrait,192.253,186.59,200.324,0.7445,0.1374,0.3172,30.9822,0.105,bdc8e39e86948c27,3
773,C:\Users\lalad\OneDrive\Desktop\Pinterest-всякое\pin_0773_e4e92e989912.jpg,pin_0773_e4e92e989912.jpg,227,395,0.5747,portrait,150.99,155.781,177.65,0.6151,0.2452,0.306,44.1279,0.1728,afc82194d6fdc2d0,7
774,C:\Users\lalad\OneDrive\Desktop\Pinterest-всякое\pin_0774_c810e5adcfd2.jpg,pin_0774_c810e5adcfd2.jpg,1733,1197,1.4478,landscape,146.577,138.154,127.903,0.5471,0.1799,0.2672,21.8821,0.2901,c14f2f3a342463bd,6
775,C:\Users\lalad\OneDrive\Desktop\Pinterest-всякое\pin_0775_4ae1447bf50c.jpg,pin_0775_4ae1447bf50c.jpg,1798,1154,1.5581,landscape,124.911,128.283,128.748,0.4993,0.1864,0.2325,26.7526,0.2535,e04e951cce70ed4d,6
776,C:\Users\lalad\OneDrive\Desktop\Pinterest-всякое\pin_0776_2e8b421a88bb.jpg,pin_0776_2e8b421a88bb.jpg,1440,1440,1.0,square-ish,165.497,161.619,165.494,0.6401,0.3397,0.302,69.518,0.1409,be8bc1b4d60cf41a,10
777,C:\Users\lalad\OneDrive\Desktop\Pinterest-всякое\pin_0777_8d2ca0b144f1.jpg,pin_0777_8d2ca0b144f1.jpg,605,605,1.0,square-ish,163.775,163.775,163.775,0.6423,0.0,0.3279,0.0,0.2109,bac1c330fd8e744c,3
778,C:\Users\lalad\OneDrive\Desktop\Pinterest-всякое\pin_0778_e8ec4d1f4c69.jpg,pin_0778_e8ec4d1f4c69.jpg,320,240,1.3333,landscape,140.756,148.805,159.232,0.5787,0.235,0.2819,27.8873,0.1169,9a0361e5ed0e1e5e,8
779,C:\Users\lalad\OneDrive\Desktop\Pinterest-всякое\pin_0779_2f717192bc26.jpg,pin_0779_2f717192bc26.jpg,640,569,1.1248,square-ish,210.272,176.632,176.702,0.7322,0.1482,0.2621,67.1257,0.1462,eb958d6b90686798,3
780,C:\Users\lalad\OneDrive\Desktop\Pinterest-всякое\pin_0780_8786362136be.jpg,pin_0780_8786362136be.jpg,750,727,1.0316,square-ish,238.812,237.345,235.436,0.9316,0.0283,0.1777,10.178,0.0421,b3cccc31cccc9933,11
781,C:\Users\lalad\OneDrive\Desktop\Pinterest-всякое\pin_0781_3b6d531ad6e1.jpg,pin_0781_3b6d531ad6e1.jpg,640,426,1.5023,landscape,185.039,166.477,161.866,0.6727,0.1556,0.2055,20.1713,0.0943,e9c13bc656a1c378,8
782,C:\Users\lalad\OneDrive\Desktop\Pinterest-всякое\pin_0782_d7e3f88e9759.jpg,pin_0782_d7e3f88e9759.jpg,2843,3024,0.9401,square-ish,81.872,69.516,58.0,0.282,0.2645,0.2585,38.3791,0.0615,aaa2b1352f4ad2d5,1
783,C:\Users\lalad\OneDrive\Desktop\Pinterest-всякое\pin_0783_712fdca655ab.jpg,pin_0783_712fdca655ab.jpg,1632,1224,1.3333,landscape,177.026,174.817,160.182,0.6816,0.306,0.2302,75.056,0.1242,83293bf058d7a0e7,10
784,C:\Users\lalad\OneDrive\Desktop\Pinterest-всякое\pin_0784_ac69e487989e.jpg,pin_0784_ac69e487989e.jpg,322,319,1.0094,square-ish,165.14,149.26,147.969,0.6035,0.183,0.2219,46.1403,0.0973,9d3dab539c4a11ac,2
785,C:\Users\lalad\OneDrive\Desktop\Pinterest-всякое\pin_0785_59593af269fb.jpg,pin_0785_59593af269fb.jpg,477,477,1.0,square-ish,14.126,20.556,9.949,0.0683,0.2503,0.1797,34.2232,0.0651,d2689c68b7c16cce,0
786,C:\Users\lalad\OneDrive\Desktop\Pinterest-всякое\pin_0786_401d950d4a3d.jpg,pin_0786_401d950d4a3d.jpg,735,540,1.3611,landscape,128.69,124.818,116.907,0.4905,0.1429,0.1994,14.6849,0.065,c876f9c469563a61,8
787,C:\Users\lalad\OneDrive\Desktop\Pinterest-всякое\pin_0787_8d093380e9c8.jpg,pin_0787_8d093380e9c8.jpg,689,689,1.0,square-ish,150.671,143.04,125.938,0.5623,0.2221,0.1419,43.6536,0.1068,9fad02c26c8cc63f,2
788,C:\Users\lalad\OneDrive\Desktop\Pinterest-всякое\pin_0788_28cba2ac075f.jpg,pin_0788_28cba2ac075f.jpg,534,381,1.4016,landscape,54.48,84.499,120.106,0.3121,0.6426,0.2751,54.9184,0.1866,96b7b404533a4f93,6
789,C:\Users\lalad\OneDrive\Desktop\Pinterest-всякое\pin_0789_17083bd2c02c.jpg,pin_0789_17083bd2c02c.jpg,600,662,0.9063,square-ish,55.919,25.297,12.606,0.1295,0.5345,0.1667,67.1699,0.0436,aa54574e2d692e4d,4
790,C:\Users\lalad\OneDrive\Desktop\Pinterest-всякое\pin_0790_918e7b29f9d8.jpg,pin_0790_918e7b29f9d8.jpg,565,592,0.9544,square-ish,128.65,129.592,102.762,0.4951,0.3485,0.2282,39.0185,0.0626,93b46ed0655b862d,2
791,C:\Users\lalad\OneDrive\Desktop\Pinterest-всякое\pin_0791_5eef775087d6.jpg,pin_0791_5eef775087d6.jpg,1080,1257,0.8592,square-ish,111.169,111.086,111.156,0.4358,0.0027,0.2359,1.5052,0.0991,8eaae505b463e5b4,9
792,C:\Users\lalad\OneDrive\Desktop\Pinterest-всякое\pin_0792_e2459297edb5.jpg,pin_0792_e2459297edb5.jpg,678,1023,0.6628,portrait,103.928,79.339,75.332,0.3381,0.3215,0.1194,34.9905,0.0573,9a921c8a937b6d69,0
793,C:\Users\lalad\OneDrive\Desktop\Pinterest-всякое\pin_0793_a37f7b7a8917.jpg,pin_0793_a37f7b7a8917.jpg,764,645,1.1845,square-ish,56.314,53.339,66.317,0.2185,0.4081,0.1795,20.821,0.0763,cc273bc41cc7387c,0
794,C:\Users\lalad\OneDrive\Desktop\Pinterest-всякое\pin_0794_0f32a51f81b8.jpg,pin_0794_0f32a51f81b8.jpg,2026,1486,1.3634,landscape,137.277,107.354,104.275,0.4547,0.319,0.253,42.7197,0.1088,b5ec9776691023c3,8
795,C:\Users\lalad\OneDrive\Desktop\Pinterest-всякое\pin_0795_2e39734583eb.jpg,pin_0795_2e39734583eb.jpg,1169,915,1.2776,landscape,206.865,188.533,128.911,0.7342,0.3839,0.1416,40.4227,0.0923,ee4a913cc13d1dc6,2
796,C:\Users\lalad\OneDrive\Desktop\Pinterest-всякое\pin_0796_dbdd1bc79bde.jpg,pin_0796_dbdd1bc79bde.jpg,1200,586,2.0478,landscape,102.773,100.207,92.03,0.3923,0.2404,0.326,10.6388,0.0752,857c5a93256f4a5a,8
797,C:\Users\lalad\OneDrive\Desktop\Pinterest-всякое\pin_0797_86923e43e12a.jpg,pin_0797_86923e43e12a.jpg,750,580,1.2931,landscape,126.353,139.015,125.954,0.5245,0.292,0.2448,32.125,0.0497,e64f9c949d319a91,8
798,C:\Users\lalad\OneDrive\Desktop\Pinterest-всякое\pin_0798_5f874b87e2e2.jpg,pin_0798_5f874b87e2e2.jpg,720,584,1.2329,landscape,122.188,94.394,86.481,0.3992,0.4237,0.2124,46.2379,0.1398,a55ba499d399664c,6
799,C:\Users\lalad\OneDrive\Desktop\Pinterest-всякое\pin_0799_f6c8d3a3b450.jpg,pin_0799_f6c8d3a3b450.jpg,1002,1080,0.9278,square-ish,131.079,135.074,137.406,0.5261,0.3251,0.2052,51.0607,0.0948,a686d936ccb60ef0,2
800,C:\Users\lalad\OneDrive\Desktop\Pinterest-всякое\pin_0800_2138578af931.jpg,pin_0800_2138578af931.jpg,320,240,1.3333,landscape,95.869,57.742,36.928,0.2618,0.5813,0.2795,76.3434,0.047,ab4be539b432c466,4
801,C:\Users\lalad\OneDrive\Desktop\Pinterest-всякое\pin_0801_5b8a844bf442.jpg,pin_0801_5b8a844bf442.jpg,500,375,1.3333,landscape,127.684,105.665,99.553,0.4375,0.2585,0.2255,34.9546,0.1172,98e6b11f629ad12d,8
802,C:\Users\lalad\OneDrive\Desktop\Pinterest-всякое\pin_0802_9f251baa38e5.jpg,pin_0802_9f251baa38e5.jpg,500,413,1.2107,square-ish,78.392,81.808,76.952,0.3147,0.2717,0.2611,22.2228,0.0995,cfd80186efc684bc,1
803,C:\Users\lalad\OneDrive\Desktop\Pinterest-всякое\pin_0803_3bb67123b041.jpg,pin_0803_3bb67123b041.jpg,736,552,1.3333,landscape,82.738,90.301,80.436,0.3408,0.2366,0.2195,29.7915,0.1174,e0e5af7a4e0f9203,1
804,C:\Users\lalad\OneDrive\Desktop\Pinterest-всякое\pin_0804_5fbee14598c5.jpg,pin_0804_5fbee14598c5.jpg,500,666,0.7508,portrait,217.714,187.743,110.178,0.7367,0.4671,0.171,88.1336,0.0691,ad33e64c96d8c649,10
805,C:\Users\lalad\OneDrive\Desktop\Pinterest-всякое\pin_0805_dcb6c1ebf88a.jpg,pin_0805_dcb6c1ebf88a.jpg,1433,1430,1.0021,square-ish,86.587,62.814,50.058,0.2685,0.4597,0.1475,29.6315,0.0245,eaf585b19d86818b,0
806,C:\Users\lalad\OneDrive\Desktop\Pinterest-всякое\pin_0806_868ef6e91dfb.jpg,pin_0806_868ef6e91dfb.jpg,675,1200,0.5625,portrait,177.923,167.898,151.915,0.663,0.2012,0.2588,21.7749,0.0538,9ce6399edb907860,2
807,C:\Users\lalad\OneDrive\Desktop\Pinterest-всякое\pin_0807_3aa54d9fcb85.jpg,pin_0807_3aa54d9fcb85.jpg,1224,1632,0.75,portrait,141.508,122.91,121.157,0.503,0.2759,0.2648,41.6663,0.1559,dcc94cae7fa06305,7
808,C:\Users\lalad\OneDrive\Desktop\Pinterest-всякое\pin_0808_ac73b91efa48.jpg,pin_0808_ac73b91efa48.jpg,310,600,0.5167,portrait,91.991,88.895,86.078,0.3509,0.0758,0.2124,8.2094,0.1055,c9c9ddd53e2ea202,9
809,C:\Users\lalad\OneDrive\Desktop\Pinterest-всякое\pin_0809_b2a97f21526a.jpg,pin_0809_b2a97f21526a.jpg,1200,1141,1.0517,square-ish,110.976,76.618,73.123,0.3392,0.4402,0.1983,68.0305,0.09,a2db1d267d4c06f2,4
810,C:\Users\lalad\OneDrive\Desktop\Pinterest-всякое\pin_0810_7acdc995e65d.jpg,pin_0810_7acdc995e65d.jpg,900,1200,0.75,portrait,111.846,67.229,60.749,0.3131,0.4454,0.2347,87.9075,0.0507,e744c05b67a53e1a,4
811,C:\Users\lalad\OneDrive\Desktop\Pinterest-всякое\pin_0811_66c203b58f28.jpg,pin_0811_66c203b58f28.jpg,500,667,0.7496,portrait,127.699,128.475,134.162,0.5054,0.1928,0.2235,23.5279,0.0773,cc1230acabe4bb1f,2
812,C:\Users\lalad\OneDrive\Desktop\Pinterest-всякое\pin_0812_d24477aa39c2.jpg,pin_0812_d24477aa39c2.jpg,900,1200,0.75,portrait,118.223,92.289,75.816,0.385,0.4079,0.1733,49.6622,0.0752,cbb064c59a1eca73,4
813,C:\Users\lalad\OneDrive\Desktop\Pinterest-всякое\pin_0813_90438c78d6b7.jpg,pin_0813_90438c78d6b7.jpg,813,960,0.8469,square-ish,65.633,65.798,50.702,0.2511,0.4378,0.1443,30.5158,0.0295,c6e78f6c920d7099,0
814,C:\Users\lalad\OneDrive\Desktop\Pinterest-всякое\pin_0814_0145bda0b6f2.jpg,pin_0814_0145bda0b6f2.jpg,675,1200,0.5625,portrait,137.508,111.719,89.156,0.4583,0.3612,0.2037,42.4454,0.1546,f047ed7c482c0f74,9
815,C:\Users\lalad\OneDrive\Desktop\Pinterest-всякое\pin_0815_a4cce1edc832.jpg,pin_0815_a4cce1edc832.jpg,736,920,0.8,portrait,79.67,81.657,55.447,0.3062,0.3914,0.1207,21.5053,0.1068,99243fb2459a346f,0
816,C:\Users\lalad\OneDrive\Desktop\Pinterest-всякое\pin_0816_fc04543a7a87.jpg,pin_0816_fc04543a7a87.jpg,474,474,1.0,square-ish,92.681,89.715,84.247,0.3528,0.1856,0.2084,16.3503,0.1153,ff298ad861952539,1
817,C:\Users\lalad\OneDrive\Desktop\Pinterest-всякое\pin_0817_73085ff97fdc.jpg,pin_0817_73085ff97fdc.jpg,736,736,1.0,square-ish,85.791,65.365,53.045,0.2748,0.5046,0.2383,34.5112,0.0769,9db44a43b6adc94a,4
818,C:\Users\lalad\OneDrive\Desktop\Pinterest-всякое\pin_0818_d4068d2e3614.jpg,pin_0818_d4068d2e3614.jpg,720,1280,0.5625,portrait,148.935,167.924,197.374,0.6494,0.3449,0.127,46.2251,0.0923,a474d358af3b0b86,2
819,C:\Users\lalad\OneDrive\Desktop\Pinterest-всякое\pin_0819_ec0082e6e2e6.jpg,pin_0819_ec0082e6e2e6.jpg,736,1308,0.5627,portrait,146.456,147.115,138.74,0.5724,0.2436,0.2707,31.5392,0.2148,fa9560ce7d8236c2,7
820,C:\Users\lalad\OneDrive\Desktop\Pinterest-всякое\pin_0820_52e290a32ce1.jpg,pin_0820_52e290a32ce1.jpg,675,1200,0.5625,portrait,143.179,123.675,109.011,0.5013,0.2954,0.2359,28.3009,0.1726,91b6d01bcf0d2f19,7
821,C:\Users\lalad\OneDrive\Desktop\Pinterest-всякое\pin_0821_ffdc8c64d19c.png,pin_0821_ffdc8c64d19c.png,500,500,1.0,square-ish,53.22,47.309,45.371,0.1916,0.2293,0.1888,10.5898,0.1336,d6f0180de1f066cf,0
822,C:\Users\lalad\OneDrive\Desktop\Pinterest-всякое\pin_0822_7e20f9d1a952.jpg,pin_0822_7e20f9d1a952.jpg,420,420,1.0,square-ish,65.074,65.115,63.719,0.2547,0.4278,0.2694,46.4428,0.0634,cf61340cd9e7938c,4
823,C:\Users\lalad\OneDrive\Desktop\Pinterest-всякое\pin_0823_12504e401c28.jpg,pin_0823_12504e401c28.jpg,1440,1440,1.0,square-ish,243.127,241.46,239.776,0.9481,0.0185,0.1606,14.8502,0.021,a7928d66b239d866,11
824,C:\Users\lalad\OneDrive\Desktop\Pinterest-всякое\pin_0824_f5c833afb5c5.jpg,pin_0824_f5c833afb5c5.jpg,690,690,1.0,square-ish,168.26,157.743,148.555,0.6268,0.1312,0.1329,17.5219,0.0056,b355c57054c372ce,2
825,C:\Users\lalad\OneDrive\Desktop\Pinterest-всякое\pin_0825_1a4324454d91.jpg,pin_0825_1a4324454d91.jpg,500,378,1.3228,landscape,179.118,183.666,181.638,0.7136,0.2837,0.2367,40.4126,0.1151,ab0cb5f1d242e3c5,8
826,C:\Users\lalad\OneDrive\Desktop\Pinterest-всякое\pin_0826_e8dab7a8d23b.jpg,pin_0826_e8dab7a8d23b.jpg,1080,2060,0.5243,portrait,119.436,117.2,108.122,0.4582,0.2434,0.2525,24.3827,0.1519,b5c4d20f9319cb53,9
827,C:\Users\lalad\OneDrive\Desktop\Pinterest-всякое\pin_0827_2a9c5c577de1.jpg,pin_0827_2a9c5c577de1.jpg,469,703,0.6671,portrait,77.85,68.364,45.087,0.2688,0.4709,0.1148,48.5926,0.0787,aea2afe245d4e18c,0
828,C:\Users\lalad\OneDrive\Desktop\Pinterest-всякое\pin_0828_d2b2056c3c8b.jpg,pin_0828_d2b2056c3c8b.jpg,1083,1200,0.9025,square-ish,136.321,120.436,106.98,0.4849,0.2753,0.2853,46.9762,0.1176,d1961ea487c3e1ad,9
829,C:\Users\lalad\OneDrive\Desktop\Pinterest-всякое\pin_0829_04b25b91e9df.jpg,pin_0829_04b25b91e9df.jpg,1200,900,1.3333,landscape,134.008,115.647,108.816,0.472,0.3054,0.2761,39.3541,0.0957,e8a3d4a9d16e95c4,8
830,C:\Users\lalad\OneDrive\Desktop\Pinterest-всякое\pin_0830_49792117968a.jpg,pin_0830_49792117968a.jpg,748,401,1.8653,landscape,111.765,101.491,85.88,0.403,0.2665,0.2026,39.1491,0.0921,f0052fb871858cfe,8
831,C:\Users\lalad\OneDrive\Desktop\Pinterest-всякое\pin_0831_60229e671117.jpg,pin_0831_60229e671117.jpg,736,844,0.872,square-ish,144.23,144.23,144.23,0.5656,0.0,0.4808,0.0,0.0568,b9e49313cc6bc44b,5
832,C:\Users\lalad\OneDrive\Desktop\Pinterest-всякое\pin_0832_6dd8f7bc37a2.jpg,pin_0832_6dd8f7bc37a2.jpg,1440,1440,1.0,square-ish,98.253,89.459,65.836,0.3506,0.4736,0.3448,46.6794,0.0493,def272cd42d224b1,4
833,C:\Users\lalad\OneDrive\Desktop\Pinterest-всякое\pin_0833_0245b172469f.jpg,pin_0833_0245b172469f.jpg,1439,1805,0.7972,portrait,145.895,133.556,123.505,0.5337,0.2259,0.2641,38.1289,0.1465,e2d25f28988f3a2e,7
834,C:\Users\lalad\OneDrive\Desktop\Pinterest-всякое\pin_0834_26235f4555b0.png,pin_0834_26235f4555b0.png,1280,800,1.6,landscape,138.588,116.85,114.816,0.4828,0.2575,0.2949,48.5734,0.1034,85e5d258d26bd619,8
835,C:\Users\lalad\OneDrive\Desktop\Pinterest-всякое\pin_0835_d4f095a97bd9.jpg,pin_0835_d4f095a97bd9.jpg,480,350,1.3714,landscape,171.408,164.458,70.449,0.611,0.611,0.1116,65.8626,0.0521,f326dc1cd833c6b0,10
836,C:\Users\lalad\OneDrive\Desktop\Pinterest-всякое\pin_0836_27f7fa951c41.jpg,pin_0836_27f7fa951c41.jpg,720,480,1.5,landscape,189.498,160.28,146.153,0.6564,0.2641,0.1714,35.4515,0.0854,e133974c9c3399c6,2
837,C:\Users\lalad\OneDrive\Desktop\Pinterest-всякое\pin_0837_f72f0764f8c7.jpg,pin_0837_f72f0764f8c7.jpg,1024,768,1.3333,landscape,106.527,96.012,85.479,0.3841,0.2686,0.2229,27.3605,0.111,dbc3bdf406164c26,8
838,C:\Users\lalad\OneDrive\Desktop\Pinterest-всякое\pin_0838_691c4274a047.jpg,pin_0838_691c4274a047.jpg,1080,1080,1.0,square-ish,158.399,151.575,138.678,0.5967,0.1512,0.225,24.9407,0.1019,b4b3c34dae37884c,2
839,C:\Users\lalad\OneDrive\Desktop\Pinterest-всякое\pin_0839_13603903db60.jpg,pin_0839_13603903db60.jpg,750,1000,0.75,portrait,97.439,88.102,81.402,0.3535,0.2073,0.2436,32.0209,0.1089,bede968e0381899d,9
840,C:\Users\lalad\OneDrive\Desktop\Pinterest-всякое\pin_0840_847fe98af13d.jpg,pin_0840_847fe98af13d.jpg,1080,1920,0.5625,portrait,72.108,87.496,106.393,0.3335,0.3933,0.2343,36.378,0.1482,b4d95b32684d69b4,9
841,C:\Users\lalad\OneDrive\Desktop\Pinterest-всякое\pin_0841_3978d15ff73a.jpg,pin_0841_3978d15ff73a.jpg,394,340,1.1588,square-ish,82.519,68.361,58.572,0.2802,0.2453,0.1951,40.5825,0.057,9b39656654aa8bd8,1
842,C:\Users\lalad\OneDrive\Desktop\Pinterest-всякое\pin_0842_221646b0cd3e.jpg,pin_0842_221646b0cd3e.jpg,655,1024,0.6396,portrait,149.651,135.963,124.498,0.5441,0.2923,0.3388,36.9116,0.081,f08cac658ece643b,5
843,C:\Users\lalad\OneDrive\Desktop\Pinterest-всякое\pin_0843_ec9a195188b6.jpg,pin_0843_ec9a195188b6.jpg,425,283,1.5018,landscape,126.885,109.852,96.004,0.4446,0.3473,0.3127,35.5683,0.087,d23f3821ed11e7c4,8
844,C:\Users\lalad\OneDrive\Desktop\Pinterest-всякое\pin_0844_a46bf0ada139.jpg,pin_0844_a46bf0ada139.jpg,735,1060,0.6934,portrait,91.864,83.758,76.05,0.3345,0.2954,0.2554,32.921,0.0744,cb1c2c30c396b7e3,9
845,C:\Users\lalad\OneDrive\Desktop\Pinterest-всякое\pin_0845_265825d6f381.jpg,pin_0845_265825d6f381.jpg,750,1000,0.75,portrait,107.4,108.507,107.985,0.4239,0.2395,0.2975,22.1295,0.0366,94347ae3ad0f6869,9
846,C:\Users\lalad\OneDrive\Desktop\Pinterest-всякое\pin_0846_c72c89040d1f.jpg,pin_0846_c72c89040d1f.jpg,1080,1098,0.9836,square-ish,194.371,185.404,160.152,0.7263,0.2226,0.2088,34.4008,0.0938,af739825c7e69230,2
847,C:\Users\lalad\OneDrive\Desktop\Pinterest-всякое\pin_0847_1904059f996d.jpg,pin_0847_1904059f996d.jpg,1024,768,1.3333,landscape,106.523,96.0,85.495,0.3841,0.2688,0.2229,27.3572,0.1107,dbc3bdf406164c26,8
848,C:\Users\lalad\OneDrive\Desktop\Pinterest-всякое\pin_0848_c595e3fa6b94.jpg,pin_0848_c595e3fa6b94.jpg,360,480,0.75,portrait,103.608,94.045,79.483,0.3735,0.2828,0.2798,37.7477,0.0792,ce20f87c0cb28ff1,9
849,C:\Users\lalad\OneDrive\Desktop\Pinterest-всякое\pin_0849_1fd283956559.jpg,pin_0849_1fd283956559.jpg,749,562,1.3327,landscape,57.694,54.148,49.346,0.2142,0.3313,0.189,18.195,0.0627,96a2b86d4d65b692,0
850,C:\Users\lalad\OneDrive\Desktop\Pinterest-всякое\pin_0850_ec924b7e58f0.jpg,pin_0850_ec924b7e58f0.jpg,701,701,1.0,square-ish,143.221,145.362,120.034,0.5563,0.2451,0.2687,27.9224,0.1043,e9e28c6790ce659c,8
851,C:\Users\lalad\OneDrive\Desktop\Pinterest-всякое\pin_0851_8bcfbd4e2061.jpg,pin_0851_8bcfbd4e2061.jpg,688,1200,0.5733,portrait,132.139,109.846,94.36,0.45,0.3668,0.2461,41.7126,0.1108,fae227864ad6664c,9
852,C:\Users\lalad\OneDrive\Desktop\Pinterest-всякое\pin_0852_eef6011acd43.png,pin_0852_eef6011acd43.png,540,703,0.7681,portrait,84.156,81.429,60.729,0.3133,0.4354,0.1882,52.164,0.1745,b7dc9545b5e85844,6
853,C:\Users\lalad\OneDrive\Desktop\Pinterest-всякое\pin_0853_6510757e6ca6.jpg,pin_0853_6510757e6ca6.jpg,300,300,1.0,square-ish,170.294,102.402,63.955,0.464,0.6562,0.2339,92.1917,0.1198,81c595b95e5e1e58,10
854,C:\Users\lalad\OneDrive\Desktop\Pinterest-всякое\pin_0854_3f9b1f52194d.jpg,pin_0854_3f9b1f52194d.jpg,480,734,0.654,portrait,110.598,110.837,113.745,0.4357,0.3073,0.3094,24.9415,0.1039,8c33d60ef30eb1ca,9
855,C:\Users\lalad\OneDrive\Desktop\Pinterest-всякое\pin_0855_af60998fe03e.jpg,pin_0855_af60998fe03e.jpg,689,689,1.0,square-ish,103.602,82.434,163.469,0.3843,0.6666,0.3567,78.5136,0.1252,9afd6570c493b4c1,10
856,C:\Users\lalad\OneDrive\Desktop\Pinterest-всякое\pin_0856_cbadb95b5f80.jpg,pin_0856_cbadb95b5f80.jpg,1280,1600,0.8,portrait,115.248,111.369,102.684,0.4375,0.2066,0.2871,19.8632,0.1275,ebe4b0d38c8dba48,9
857,C:\Users\lalad\OneDrive\Desktop\Pinterest-всякое\pin_0857_0265b795c0ab.jpg,pin_0857_0265b795c0ab.jpg,500,750,0.6667,portrait,91.733,79.192,58.765,0.3161,0.4557,0.1832,50.6719,0.1312,f84fc5a05187789d,4
858,C:\Users\lalad\OneDrive\Desktop\Pinterest-всякое\pin_0858_46f18ebf0291.jpg,pin_0858_46f18ebf0291.jpg,557,551,1.0109,square-ish,83.76,67.681,49.828,0.2763,0.497,0.2198,35.7543,0.0853,92672d697a2558c7,4
859,C:\Users\lalad\OneDrive\Desktop\Pinterest-всякое\pin_0859_5d9d4c9c40e6.jpg,pin_0859_5d9d4c9c40e6.jpg,736,1308,0.5627,portrait,201.543,171.218,150.233,0.6976,0.3002,0.1815,67.6316,0.1853,dcb3618734ec83e8,7
860,C:\Users\lalad\OneDrive\Desktop\Pinterest-всякое\pin_0860_71f03484d9b6.jpg,pin_0860_71f03484d9b6.jpg,736,981,0.7503,portrait,103.956,91.851,82.697,0.3703,0.316,0.1852,39.4015,0.112,a7e0314d5926de3c,9
861,C:\Users\lalad\OneDrive\Desktop\Pinterest-всякое\pin_0861_0f86355372ca.jpg,pin_0861_0f86355372ca.jpg,900,1200,0.75,portrait,85.918,107.153,98.257,0.3913,0.421,0.1898,56.774,0.234,e984b4394fde6216,6
862,C:\Users\lalad\OneDrive\Desktop\Pinterest-всякое\pin_0862_60d7e1662a63.jpg,pin_0862_60d7e1662a63.jpg,750,735,1.0204,square-ish,135.045,116.93,104.129,0.4741,0.2662,0.1052,45.5196,0.0595,c6266db3e3d83078,2
863,C:\Users\lalad\OneDrive\Desktop\Pinterest-всякое\pin_0863_bc9f2ad578e5.jpg,pin_0863_bc9f2ad578e5.jpg,620,775,0.8,portrait,128.598,129.858,118.993,0.5029,0.184,0.2872,17.6604,0.1493,eedce5128304eb0f,7
864,C:\Users\lalad\OneDrive\Desktop\Pinterest-всякое\pin_0864_deba8efc7f21.jpg,pin_0864_deba8efc7f21.jpg,720,720,1.0,square-ish,121.704,105.687,106.916,0.4338,0.4209,0.1736,40.2872,0.035,b3e16c928cd81b7a,1
865,C:\Users\lalad\OneDrive\Desktop\Pinterest-всякое\pin_0865_0892bc04a6d1.jpg,pin_0865_0892bc04a6d1.jpg,694,1024,0.6777,portrait,89.74,89.224,91.267,0.3514,0.1665,0.2335,26.0244,0.1006,ec8c8b3c1f34b073,9
866,C:\Users\lalad\OneDrive\Desktop\Pinterest-всякое\pin_0866_cee96b27a921.jpg,pin_0866_cee96b27a921.jpg,640,640,1.0,square-ish,132.86,135.98,146.098,0.5341,0.2329,0.179,32.28,0.1569,960d4d32cd663cd9,7
867,C:\Users\lalad\OneDrive\Desktop\Pinterest-всякое\pin_0867_8cf1f334e97e.jpg,pin_0867_8cf1f334e97e.jpg,998,1200,0.8317,square-ish,102.598,105.002,91.39,0.4028,0.2248,0.2362,30.6143,0.1011,e989c9585696b635,9
868,C:\Users\lalad\OneDrive\Desktop\Pinterest-всякое\pin_0868_a75e21726cb9.jpg,pin_0868_a75e21726cb9.jpg,1200,1200,1.0,square-ish,118.533,90.292,71.139,0.3787,0.3997,0.2534,41.2228,0.0734,d00f71d19e736193,1
869,C:\Users\lalad\OneDrive\Desktop\Pinterest-всякое\pin_0869_9516c5adf06a.jpg,pin_0869_9516c5adf06a.jpg,568,568,1.0,square-ish,180.283,209.783,136.921,0.7556,0.4447,0.2204,106.653,0.1367,f0eec38dbe502992,10
870,C:\Users\lalad\OneDrive\Desktop\Pinterest-всякое\pin_0870_e232c8da60f0.jpg,pin_0870_e232c8da60f0.jpg,600,772,0.7772,portrait,91.146,53.112,56.999,0.2546,0.4755,0.1479,55.8697,0.0271,d90fe46689da0b66,4
871,C:\Users\lalad\OneDrive\Desktop\Pinterest-всякое\pin_0871_e345c66df017.jpg,pin_0871_e345c66df017.jpg,736,865,0.8509,square-ish,104.533,101.043,91.757,0.3963,0.1282,0.1645,9.8886,0.0509,e88bb7e594308727,1
872,C:\Users\lalad\OneDrive\Desktop\Pinterest-всякое\pin_0872_147bdd6378aa.jpg,pin_0872_147bdd6378aa.jpg,720,893,0.8063,portrait,47.135,41.566,32.62,0.1655,0.2296,0.1005,20.1364,0.0435,f9e2b782919c64c3,0
873,C:\Users\lalad\OneDrive\Desktop\Pinterest-всякое\pin_0873_bc4c2c409e4b.jpg,pin_0873_bc4c2c409e4b.jpg,640,923,0.6934,portrait,215.669,172.997,183.319,0.7331,0.2678,0.3061,65.1086,0.1398,ea42943fc29d3593,7
874,C:\Users\lalad\OneDrive\Desktop\Pinterest-всякое\pin_0874_aec7b0daf111.jpg,pin_0874_aec7b0daf111.jpg,511,600,0.8517,square-ish,106.521,52.286,69.178,0.2762,0.6432,0.2402,61.1335,0.1516,9c92666dcd494b9a,4
875,C:\Users\lalad\OneDrive\Desktop\Pinterest-всякое\pin_0875_d52f6f187ff1.jpg,pin_0875_d52f6f187ff1.jpg,519,640,0.8109,portrait,201.808,151.531,163.131,0.6584,0.2676,0.1661,53.2108,0.2667,c0d47e21925f1d9b,7
876,C:\Users\lalad\OneDrive\Desktop\Pinterest-всякое\pin_0876_f688095ee943.jpg,pin_0876_f688095ee943.jpg,1080,1070,1.0093,square-ish,166.475,142.171,128.376,0.5799,0.2764,0.2592,36.2793,0.0501,ad3070e09ed3e19d,2
877,C:\Users\lalad\OneDrive\Desktop\Pinterest-всякое\pin_0877_6c01f9741e11.jpg,pin_0877_6c01f9741e11.jpg,599,900,0.6656,portrait,131.199,120.38,99.069,0.4752,0.2493,0.124,16.3736,0.0467,e999b938a6c6b198,2
878,C:\Users\lalad\OneDrive\Desktop\Pinterest-всякое\pin_0878_b8bb520c3c85.jpg,pin_0878_b8bb520c3c85.jpg,675,1200,0.5625,portrait,129.423,114.783,106.699,0.4637,0.1969,0.2666,25.0056,0.0578,afc0949fb832436e,9
879,C:\Users\lalad\OneDrive\Desktop\Pinterest-всякое\pin_0879_49cb65c607ba.jpg,pin_0879_49cb65c607ba.jpg,735,904,0.8131,portrait,144.655,104.335,87.798,0.4491,0.4593,0.2276,44.2648,0.0857,927ea7a8531aa559,4
880,C:\Users\lalad\OneDrive\Desktop\Pinterest-всякое\pin_0880_ad173a365edc.jpg,pin_0880_ad173a365edc.jpg,722,722,1.0,square-ish,126.281,104.902,90.064,0.4299,0.373,0.2367,25.0875,0.0361,e2715dab4695a25c,1
881,C:\Users\lalad\OneDrive\Desktop\Pinterest-всякое\pin_0881_7e7b89190bd7.jpg,pin_0881_7e7b89190bd7.jpg,640,640,1.0,square-ish,94.697,67.979,43.981,0.2872,0.6543,0.2094,38.8927,0.0653,8c4d73b325b3c34c,4
882,C:\Users\lalad\OneDrive\Desktop\Pinterest-всякое\pin_0882_36e988117539.jpg,pin_0882_36e988117539.jpg,604,469,1.2878,landscape,150.623,182.154,217.415,0.6931,0.3097,0.1689,64.5815,0.0965,bb6a49d0e477a60a,2
883,C:\Users\lalad\OneDrive\Desktop\Pinterest-всякое\pin_0883_f233425a0a43.jpg,pin_0883_f233425a0a43.jpg,1096,720,1.5222,landscape,193.038,156.5,183.547,0.6687,0.2919,0.1806,54.7799,0.0783,b6c9ed30c3679289,2
884,C:\Users\lalad\OneDrive\Desktop\Pinterest-всякое\pin_0884_5e336e87eaf8.jpg,pin_0884_5e336e87eaf8.jpg,267,320,0.8344,square-ish,202.922,201.248,191.729,0.787,0.0921,0.2586,17.2824,0.0947,ba1fcec1f09a38c1,3
885,C:\Users\lalad\OneDrive\Desktop\Pinterest-всякое\pin_0885_206e80326eaa.jpg,pin_0885_206e80326eaa.jpg,1280,1280,1.0,square-ish,227.152,221.58,221.642,0.8755,0.0293,0.1679,35.9103,0.0358,a69c992266c99b73,11
886,C:\Users\lalad\OneDrive\Desktop\Pinterest-всякое\pin_0886_1ccd20cfd7a4.jpg,pin_0886_1ccd20cfd7a4.jpg,564,564,1.0,square-ish,163.739,149.053,126.813,0.5919,0.2369,0.1631,17.9751,0.1057,de83a7ea58c26931,2
887,C:\Users\lalad\OneDrive\Desktop\Pinterest-всякое\pin_0887_e67cdf74f1c8.jpg,pin_0887_e67cdf74f1c8.jpg,680,606,1.1221,square-ish,183.017,171.731,168.746,0.6854,0.2314,0.2166,44.1012,0.1798,bfa1d4e0268ca4dd,7
888,C:\Users\lalad\OneDrive\Desktop\Pinterest-всякое\pin_0888_7d4884e3f33a.jpg,pin_0888_7d4884e3f33a.jpg,600,420,1.4286,landscape,249.32,246.359,245.783,0.9693,0.0143,0.1135,15.1322,0.0426,a125d68ad66c7c65,11
889,C:\Users\lalad\OneDrive\Desktop\Pinterest-всякое\pin_0889_161f1d158cdf.jpg,pin_0889_161f1d158cdf.jpg,736,736,1.0,square-ish,228.229,228.229,228.229,0.895,0.0,0.2373,0.0,0.0958,8046d331cf3e36c7,11
890,C:\Users\lalad\OneDrive\Desktop\Pinterest-всякое\pin_0890_324e6515dfd4.jpg,pin_0890_324e6515dfd4.jpg,1369,1920,0.713,portrait,198.151,125.4,42.616,0.5401,0.7842,0.0989,94.9165,0.0999,cac46773d938a1c6,4
891,C:\Users\lalad\OneDrive\Desktop\Pinterest-всякое\pin_0891_39de503777e1.jpg,pin_0891_39de503777e1.jpg,878,1200,0.7317,portrait,241.855,240.339,246.751,0.9472,0.0334,0.0754,13.7437,0.0253,ee8915e25ee20dd8,11
892,C:\Users\lalad\OneDrive\Desktop\Pinterest-всякое\pin_0892_e1f1354e936d.jpg,pin_0892_e1f1354e936d.jpg,749,1109,0.6754,portrait,152.563,165.122,120.65,0.6129,0.293,0.183,33.2371,0.147,de54a12bd62cc8c7,7
893,C:\Users\lalad\OneDrive\Desktop\Pinterest-всякое\pin_0893_689c069acbdc.jpg,pin_0893_689c069acbdc.jpg,1080,1386,0.7792,portrait,138.976,180.845,159.773,0.6507,0.356,0.221,56.4822,0.0742,ca1ffc2cac6834a3,2
894,C:\Users\lalad\OneDrive\Desktop\Pinterest-всякое\pin_0894_3c65b3e00af9.jpg,pin_0894_3c65b3e00af9.jpg,749,805,0.9304,square-ish,200.965,197.33,197.865,0.7784,0.0545,0.3198,11.8135,0.045,edd09667923b7214,3
895,C:\Users\lalad\OneDrive\Desktop\Pinterest-всякое\pin_0895_ad464e186b98.jpg,pin_0895_ad464e186b98.jpg,745,1200,0.6208,portrait,204.935,195.711,200.389,0.7804,0.1053,0.256,21.5481,0.1537,8031e0ef9396f68e,3
896,C:\Users\lalad\OneDrive\Desktop\Pinterest-всякое\pin_0896_aa6ffe0ec330.jpg,pin_0896_aa6ffe0ec330.jpg,697,1205,0.5784,portrait,234.955,234.971,234.969,0.9214,0.0001,0.1883,0.2273,0.1068,b169386db63c346c,11
897,C:\Users\lalad\OneDrive\Desktop\Pinterest-всякое\pin_0897_050dc71bc392.jpg,pin_0897_050dc71bc392.jpg,736,733,1.0041,square-ish,112.352,98.87,85.779,0.3976,0.2928,0.2313,27.8474,0.0558,da39c44ce18f61f2,1
898,C:\Users\lalad\OneDrive\Desktop\Pinterest-всякое\pin_0898_132d3455a063.jpg,pin_0898_132d3455a063.jpg,720,1280,0.5625,portrait,140.558,137.763,145.024,0.5468,0.1435,0.2068,21.6049,0.0792,ace0879e33cd4993,2
899,C:\Users\lalad\OneDrive\Desktop\Pinterest-всякое\pin_0899_5e489bc06e84.jpg,pin_0899_5e489bc06e84.jpg,1125,1238,0.9087,square-ish,178.987,166.542,159.397,0.6645,0.1474,0.2531,21.4926,0.0421,ff629c9c9107d80b,2
900,C:\Users\lalad\OneDrive\Desktop\Pinterest-всякое\pin_0900_2e89ee26771f.jpg,pin_0900_2e89ee26771f.jpg,736,980,0.751,portrait,93.574,101.595,105.859,0.391,0.3657,0.2262,31.5579,0.0589,d1fc4a1adcb12ec1,9
901,C:\Users\lalad\OneDrive\Desktop\Pinterest-всякое\pin_0901_c5443c889f3a.jpg,pin_0901_c5443c889f3a.jpg,736,736,1.0,square-ish,84.947,53.573,38.614,0.2402,0.594,0.2797,68.7449,0.0506,da346936869db24d,4
902,C:\Users\lalad\OneDrive\Desktop\Pinterest-всякое\pin_0902_2259f77f3afc.jpg,pin_0902_2259f77f3afc.jpg,735,731,1.0055,square-ish,174.216,150.953,166.133,0.6264,0.2324,0.2492,39.0952,0.0824,ea3796ad56913432,2
903,C:\Users\lalad\OneDrive\Desktop\Pinterest-всякое\pin_0903_be1930a754b3.jpg,pin_0903_be1930a754b3.jpg,750,747,1.004,square-ish,99.765,73.499,91.551,0.3271,0.2719,0.0815,24.5032,0.0489,b9ce63b866c1183b,0
904,C:\Users\lalad\OneDrive\Desktop\Pinterest-всякое\pin_0904_e50fd6ec09d7.jpg,pin_0904_e50fd6ec09d7.jpg,320,352,0.9091,square-ish,53.359,29.376,51.227,0.1531,0.6809,0.1168,29.9937,0.0178,96847933db25a63c,0
905,C:\Users\lalad\OneDrive\Desktop\Pinterest-всякое\pin_0905_4c983068521e.jpg,pin_0905_4c983068521e.jpg,576,1024,0.5625,portrait,131.414,118.882,113.282,0.4784,0.2462,0.2495,26.7634,0.1356,f8a396d4c0c98f27,9
906,C:\Users\lalad\OneDrive\Desktop\Pinterest-всякое\pin_0906_f5b56d70d87b.jpg,pin_0906_f5b56d70d87b.jpg,828,513,1.614,landscape,49.07,37.839,9.282,0.1488,0.8396,0.0812,25.5925,0.0222,d9462299d8263bd7,0
907,C:\Users\lalad\OneDrive\Desktop\Pinterest-всякое\pin_0907_a647149033c0.jpg,pin_0907_a647149033c0.jpg,1080,715,1.5105,landscape,129.677,129.874,114.812,0.5023,0.3073,0.2172,25.4003,0.0744,93a1d65a078ee363,8
908,C:\Users\lalad\OneDrive\Desktop\Pinterest-всякое\pin_0908_db5fb071fe7d.jpg,pin_0908_db5fb071fe7d.jpg,750,1000,0.75,portrait,127.263,108.887,83.777,0.4373,0.399,0.2191,33.1023,0.144,b6d2c0d99e59d0d2,9
909,C:\Users\lalad\OneDrive\Desktop\Pinterest-всякое\pin_0909_b5c9037034c2.jpg,pin_0909_b5c9037034c2.jpg,500,606,0.8251,square-ish,109.217,101.824,96.772,0.4057,0.1829,0.1592,19.6601,0.0805,ffc8e037863461c9,1
910,C:\Users\lalad\OneDrive\Desktop\Pinterest-всякое\pin_0910_0fecb3499312.jpg,pin_0910_0fecb3499312.jpg,640,775,0.8258,square-ish,199.158,83.036,68.186,0.4555,0.6329,0.1716,117.6941,0.0511,cc60f3c73318c3c7,4
911,C:\Users\lalad\OneDrive\Desktop\Pinterest-всякое\pin_0911_95fd132e3609.jpg,pin_0911_95fd132e3609.jpg,567,446,1.2713,landscape,153.539,121.126,113.792,0.5097,0.3165,0.2582,87.7955,0.1085,f6b2cbed28b89805,10
912,C:\Users\lalad\OneDrive\Desktop\Pinterest-всякое\pin_0912_9b44b9d9a3a2.jpg,pin_0912_9b44b9d9a3a2.jpg,735,553,1.3291,landscape,135.574,127.825,123.35,0.5082,0.1305,0.2246,8.6252,0.0493,84405b0f0fcdf5f2,8
913,C:\Users\lalad\OneDrive\Desktop\Pinterest-всякое\pin_0913_144118c72134.jpg,pin_0913_144118c72134.jpg,960,1200,0.8,portrait,106.995,78.158,165.675,0.3794,0.5643,0.3101,90.1312,0.1426,83983564e7330f4f,10
914,C:\Users\lalad\OneDrive\Desktop\Pinterest-всякое\pin_0914_175331098c02.jpg,pin_0914_175331098c02.jpg,437,437,1.0,square-ish,118.473,104.44,128.698,0.4369,0.291,0.2226,29.2967,0.1137,9e6177955b902c36,8
915,C:\Users\lalad\OneDrive\Desktop\Pinterest-всякое\pin_0915_826b5a4fd371.jpg,pin_0915_826b5a4fd371.jpg,546,518,1.0541,square-ish,120.903,130.677,102.757,0.4885,0.2953,0.2666,34.6054,0.1782,8070f89d3daa3fc4,6
916,C:\Users\lalad\OneDrive\Desktop\Pinterest-всякое\pin_0916_3adac8ab1632.jpg,pin_0916_3adac8ab1632.jpg,750,1093,0.6862,portrait,110.981,52.404,54.234,0.275,0.5137,0.1902,82.8907,0.1337,85156625db7f1a1c,4
917,C:\Users\lalad\OneDrive\Desktop\Pinterest-всякое\pin_0917_cea40812c6fa.jpg,pin_0917_cea40812c6fa.jpg,736,930,0.7914,portrait,132.581,80.131,59.359,0.3665,0.5953,0.2427,73.5064,0.116,ffaa8106e60656d9,4
918,C:\Users\lalad\OneDrive\Desktop\Pinterest-всякое\pin_0918_2bbb6f6bd102.jpg,pin_0918_2bbb6f6bd102.jpg,750,730,1.0274,square-ish,24.016,13.867,9.444,0.0642,0.4806,0.1142,46.3561,0.0883,9c1df633994ccc32,0
919,C:\Users\lalad\OneDrive\Desktop\Pinterest-всякое\pin_0919_950097ba02cd.jpg,pin_0919_950097ba02cd.jpg,654,654,1.0,square-ish,138.594,87.888,81.491,0.4013,0.4274,0.1866,67.9834,0.0945,868d3d36d2d02f69,4
920,C:\Users\lalad\OneDrive\Desktop\Pinterest-всякое\pin_0920_4c1ed0f2946b.jpg,pin_0920_4c1ed0f2946b.jpg,323,324,0.9969,square-ish,114.586,37.814,38.838,0.2388,0.8153,0.2694,77.0573,0.0341,eeeae2e485858696,4
921,C:\Users\lalad\OneDrive\Desktop\Pinterest-всякое\pin_0921_d532526530ce.jpg,pin_0921_d532526530ce.jpg,693,561,1.2353,landscape,203.759,189.3,190.931,0.76,0.0895,0.2489,32.2808,0.1747,f3fb4880b62712ae,3
922,C:\Users\lalad\OneDrive\Desktop\Pinterest-всякое\pin_0922_3bdf3cb44d4f.jpg,pin_0922_3bdf3cb44d4f.jpg,700,713,0.9818,square-ish,79.093,8.005,7.383,0.1145,0.7242,0.1015,93.6299,0.1046,bdd06a21f93413ec,4
923,C:\Users\lalad\OneDrive\Desktop\Pinterest-всякое\pin_0923_e86163acd5ff.jpg,pin_0923_e86163acd5ff.jpg,736,547,1.3455,landscape,100.499,102.095,99.82,0.3973,0.0363,0.2542,1.8361,0.0714,ae9b0d7d32a6740c,1
924,C:\Users\lalad\OneDrive\Desktop\Pinterest-всякое\pin_0924_c0c894f69c88.jpg,pin_0924_c0c894f69c88.jpg,563,422,1.3341,landscape,147.283,145.195,144.448,0.5716,0.1394,0.3182,21.4517,0.0986,eda146bee2c60a1e,8
925,C:\Users\lalad\OneDrive\Desktop\Pinterest-всякое\pin_0925_d4eadc901cac.jpg,pin_0925_d4eadc901cac.jpg,736,980,0.751,portrait,132.105,112.948,92.114,0.4561,0.3255,0.2386,35.6354,0.0987,9d5af0a43d5823b5,9
926,C:\Users\lalad\OneDrive\Desktop\Pinterest-всякое\pin_0926_f4596d5f8e72.jpg,pin_0926_f4596d5f8e72.jpg,1080,1440,0.75,portrait,146.137,144.796,138.138,0.5665,0.1601,0.2418,24.1979,0.0823,810339e77626cbdc,2
927,C:\Users\lalad\OneDrive\Desktop\Pinterest-всякое\pin_0927_7a0ba59de2fb.jpg,pin_0927_7a0ba59de2fb.jpg,900,1200,0.75,portrait,168.043,151.575,134.318,0.6061,0.2669,0.2268,44.6651,0.0635,b5cb0cc2f739c0c6,2
928,C:\Users\lalad\OneDrive\Desktop\Pinterest-всякое\pin_0928_54dfb904df31.jpg,pin_0928_54dfb904df31.jpg,741,1024,0.7236,portrait,79.014,72.988,95.112,0.3032,0.4119,0.2049,25.9111,0.1067,c9867a48f490b5ed,9
929,C:\Users\lalad\OneDrive\Desktop\Pinterest-всякое\pin_0929_8f480661fbaa.jpg,pin_0929_8f480661fbaa.jpg,908,1200,0.7567,portrait,85.455,72.6,58.919,0.2935,0.3472,0.1854,20.9802,0.037,d06c3b8263b97e61,0
930,C:\Users\lalad\OneDrive\Desktop\Pinterest-всякое\pin_0930_a724a45cbf38.jpg,pin_0930_a724a45cbf38.jpg,735,714,1.0294,square-ish,68.105,65.792,57.197,0.2569,0.7083,0.2099,70.538,0.0429,92633c3e6787cbc0,4
931,C:\Users\lalad\OneDrive\Desktop\Pinterest-всякое\pin_0931_a1217b398f4d.png,pin_0931_a1217b398f4d.png,375,375,1.0,square-ish,26.968,28.035,38.265,0.1131,0.3692,0.0924,9.3357,0.0392,999b676c98c932cc,0
932,C:\Users\lalad\OneDrive\Desktop\Pinterest-всякое\pin_0932_afe47812c7e9.png,pin_0932_afe47812c7e9.png,375,375,1.0,square-ish,22.077,31.168,49.775,0.1199,0.6621,0.1271,49.0515,0.0336,a88b3a62277426fe,0
933,C:\Users\lalad\OneDrive\Desktop\Pinterest-всякое\pin_0933_56e9ad27e395.jpg,pin_0933_56e9ad27e395.jpg,640,640,1.0,square-ish,105.577,119.463,127.155,0.4554,0.3819,0.3673,29.8778,0.0661,b4c1879bc9c08fd9,5
934,C:\Users\lalad\OneDrive\Desktop\Pinterest-всякое\pin_0934_396bea41f5f3.jpg,pin_0934_396bea41f5f3.jpg,500,332,1.506,landscape,122.961,95.727,77.641,0.3993,0.4474,0.2152,38.3417,0.1111,fb8c442323892efb,8
935,C:\Users\lalad\OneDrive\Desktop\Pinterest-всякое\pin_0935_1083f324c41f.jpg,pin_0935_1083f324c41f.jpg,735,734,1.0014,square-ish,112.25,105.329,100.326,0.419,0.1136,0.248,13.2923,0.0751,d5287ee221659796,1
936,C:\Users\lalad\OneDrive\Desktop\Pinterest-всякое\pin_0936_09c48d7fe6c0.jpg,pin_0936_09c48d7fe6c0.jpg,500,523,0.956,square-ish,80.108,80.325,88.425,0.3185,0.3387,0.3063,15.8608,0.0774,fb9a103622ae29cf,1
937,C:\Users\lalad\OneDrive\Desktop\Pinterest-всякое\pin_0937_e4352c2e5b2d.jpg,pin_0937_e4352c2e5b2d.jpg,361,480,0.7521,portrait,109.573,85.835,72.504,0.3585,0.3203,0.1807,40.1833,0.1198,c4bf6063857c5a1b,9
938,C:\Users\lalad\OneDrive\Desktop\Pinterest-всякое\pin_0938_1bba198d0bd1.jpg,pin_0938_1bba198d0bd1.jpg,750,937,0.8004,portrait,76.516,58.518,37.913,0.2414,0.5057,0.112,26.3308,0.0203,9193996d6e427656,0
939,C:\Users\lalad\OneDrive\Desktop\Pinterest-всякое\pin_0939_84c266d83779.png,pin_0939_84c266d83779.png,1000,667,1.4993,landscape,42.486,43.184,32.936,0.164,0.3165,0.0906,11.6689,0.0867,f80b3ff2800dfc31,0
940,C:\Users\lalad\OneDrive\Desktop\Pinterest-всякое\pin_0940_26fd172330ac.jpg,pin_0940_26fd172330ac.jpg,736,736,1.0,square-ish,23.739,23.099,27.627,0.0933,0.4148,0.0689,12.3058,0.0102,f2c66e62a7985236,0
941,C:\Users\lalad\OneDrive\Desktop\Pinterest-всякое\pin_0941_ac4b390265c5.jpg,pin_0941_ac4b390265c5.jpg,1080,1080,1.0,square-ish,80.804,86.07,112.198,0.343,0.3854,0.2793,38.5503,0.0268,b1a58e5e9891b16b,1
942,C:\Users\lalad\OneDrive\Desktop\Pinterest-всякое\pin_0942_09dbf4083060.jpg,pin_0942_09dbf4083060.jpg,1200,900,1.3333,landscape,105.781,114.83,93.062,0.43,0.2856,0.2634,28.8234,0.1588,d3b3e5907a68da06,6
943,C:\Users\lalad\OneDrive\Desktop\Pinterest-всякое\pin_0943_d8311cf41f7a.jpg,pin_0943_d8311cf41f7a.jpg,617,766,0.8055,portrait,179.239,179.311,189.341,0.7075,0.0896,0.3515,13.8497,0.0503,d5950ec136cd03de,3
944,C:\Users\lalad\OneDrive\Desktop\Pinterest-всякое\pin_0944_3b9c88caf995.jpg,pin_0944_3b9c88caf995.jpg,736,1289,0.571,portrait,84.934,84.934,84.934,0.3331,0.0,0.1709,0.0,0.0993,ce32e8d1a59af238,9
945,C:\Users\lalad\OneDrive\Desktop\Pinterest-всякое\pin_0945_0dd5ce32f7c1.jpg,pin_0945_0dd5ce32f7c1.jpg,736,1086,0.6777,portrait,123.399,104.076,85.822,0.4226,0.4011,0.1915,42.1154,0.1592,e5cd9c18f48ec8f0,9
946,C:\Users\lalad\OneDrive\Desktop\Pinterest-всякое\pin_0946_d49c94ba074d.jpg,pin_0946_d49c94ba074d.jpg,1004,894,1.123,square-ish,137.999,139.996,100.257,0.5289,0.4298,0.2143,62.92,0.0539,b3ed36c1c01bc770,10
947,C:\Users\lalad\OneDrive\Desktop\Pinterest-всякое\pin_0947_e5ef9063f49a.jpg,pin_0947_e5ef9063f49a.jpg,900,1200,0.75,portrait,52.625,46.422,32.059,0.1829,0.4366,0.1578,32.04,0.043,cba936f30dc68d21,0
948,C:\Users\lalad\OneDrive\Desktop\Pinterest-всякое\pin_0948_301fb66e3842.jpg,pin_0948_301fb66e3842.jpg,406,406,1.0,square-ish,43.555,52.193,26.229,0.1829,0.584,0.1306,24.3719,0.1075,ee4c5333908dca5e,0
949,C:\Users\lalad\OneDrive\Desktop\Pinterest-всякое\pin_0949_5ad6eaab262d.jpg,pin_0949_5ad6eaab262d.jpg,736,1104,0.6667,portrait,134.029,118.615,100.509,0.4751,0.3344,0.2901,32.9875,0.1469,8585e392b87e7c51,9
950,C:\Users\lalad\OneDrive\Desktop\Pinterest-всякое\pin_0950_f71f413f2418.jpg,pin_0950_f71f413f2418.jpg,1200,1200,1.0,square-ish,54.968,44.709,26.168,0.179,0.5025,0.1604,36.9402,0.1026,88c87eda53238dbc,0
951,C:\Users\lalad\OneDrive\Desktop\Pinterest-всякое\pin_0951_db37c7234a9c.jpg,pin_0951_db37c7234a9c.jpg,640,640,1.0,square-ish,157.013,150.362,135.772,0.5909,0.1684,0.2725,18.4628,0.1731,a295ed6244f34de8,7
952,C:\Users\lalad\OneDrive\Desktop\Pinterest-всякое\pin_0952_c1a00e3d7d9d.jpg,pin_0952_c1a00e3d7d9d.jpg,750,750,1.0,square-ish,68.223,68.826,67.126,0.2683,0.1965,0.2744,17.4641,0.0554,b867d49b7209d8a9,1
953,C:\Users\lalad\OneDrive\Desktop\Pinterest-всякое\pin_0953_2492eaa14345.png,pin_0953_2492eaa14345.png,1000,1777,0.5627,portrait,66.816,37.767,30.752,0.179,0.3841,0.2067,65.9295,0.0716,9899722677660e5b,0
954,C:\Users\lalad\OneDrive\Desktop\Pinterest-всякое\pin_0954_54b1b82530bf.jpg,pin_0954_54b1b82530bf.jpg,1076,1080,0.9963,square-ish,154.269,141.249,132.14,0.5651,0.2044,0.241,23.4211,0.0806,a46d43d37c0d3d32,2
955,C:\Users\lalad\OneDrive\Desktop\Pinterest-всякое\pin_0955_34b57bbead13.jpg,pin_0955_34b57bbead13.jpg,736,1279,0.5754,portrait,111.393,102.542,88.602,0.4064,0.2028,0.259,24.7077,0.111,808d3d38e1e5b717,9
956,C:\Users\lalad\OneDrive\Desktop\Pinterest-всякое\pin_0956_991d8ddcb14b.jpg,pin_0956_991d8ddcb14b.jpg,725,1024,0.708,portrait,168.021,164.789,158.439,0.6472,0.0728,0.1591,10.4854,0.1274,ea682fc103af2ee4,7
957,C:\Users\lalad\OneDrive\Desktop\Pinterest-всякое\pin_0957_0fbe588ac2cf.png,pin_0957_0fbe588ac2cf.png,1200,1200,1.0,square-ish,78.842,86.485,72.705,0.324,0.4135,0.2093,33.2568,0.1595,dd5e6452bb722381,6
958,C:\Users\lalad\OneDrive\Desktop\Pinterest-всякое\pin_0958_e5f8726f9163.jpg,pin_0958_e5f8726f9163.jpg,750,976,0.7684,portrait,43.665,35.516,28.652,0.1457,0.4072,0.097,12.6528,0.0202,aab5572aac4539a5,0
959,C:\Users\lalad\OneDrive\Desktop\Pinterest-всякое\pin_0959_50250fb110bd.jpg,pin_0959_50250fb110bd.jpg,901,1200,0.7508,portrait,61.738,60.622,47.503,0.2332,0.427,0.1975,24.1651,0.0695,8baf1c5073941fe1,0
960,C:\Users\lalad\OneDrive\Desktop\Pinterest-всякое\pin_0960_027c801c055f.jpg,pin_0960_027c801c055f.jpg,900,1200,0.75,portrait,46.753,45.032,40.469,0.1769,0.1696,0.2013,16.7814,0.0768,a4a585ff48d87f04,0
961,C:\Users\lalad\OneDrive\Desktop\Pinterest-всякое\pin_0961_fa3021c596d6.jpg,pin_0961_fa3021c596d6.jpg,675,1200,0.5625,portrait,113.904,116.802,102.517,0.4481,0.3159,0.3767,33.0895,0.0261,8080af3f7c7e0f8c,5
962,C:\Users\lalad\OneDrive\Desktop\Pinterest-всякое\pin_0962_a02e7c5e743f.jpg,pin_0962_a02e7c5e743f.jpg,736,542,1.3579,landscape,37.457,38.674,34.405,0.1483,0.3403,0.1768,26.954,0.0726,dada6c3130e3c68d,0
963,C:\Users\lalad\OneDrive\Desktop\Pinterest-всякое\pin_0963_6dbe5440546d.png,pin_0963_6dbe5440546d.png,1078,1079,0.9991,square-ish,106.585,87.064,49.188,0.3474,0.5491,0.184,46.9266,0.1914,c8e81d877bd86507,6
964,C:\Users\lalad\OneDrive\Desktop\Pinterest-всякое\pin_0964_d7b702911745.jpg,pin_0964_d7b702911745.jpg,1104,1472,0.75,portrait,56.334,63.099,60.699,0.2384,0.366,0.1764,34.9732,0.0676,949e8ac8647473db,0
965,C:\Users\lalad\OneDrive\Desktop\Pinterest-всякое\pin_0965_4abcd142287d.jpg,pin_0965_4abcd142287d.jpg,892,1200,0.7433,portrait,128.335,100.399,63.057,0.4098,0.5118,0.1014,40.1189,0.0848,8d586e2ea791d9c1,4
966,C:\Users\lalad\OneDrive\Desktop\Pinterest-всякое\pin_0966_3037018e09e8.jpg,pin_0966_3037018e09e8.jpg,1080,1080,1.0,square-ish,57.844,53.305,51.641,0.2136,0.2783,0.1738,19.2617,0.0447,e1e3e792b10d328d,0
967,C:\Users\lalad\OneDrive\Desktop\Pinterest-всякое\pin_0967_629718862501.jpg,pin_0967_629718862501.jpg,824,1024,0.8047,portrait,132.179,129.828,127.095,0.5104,0.1177,0.2262,9.2628,0.1308,f1c61ee5cb3c1c18,7
968,C:\Users\lalad\OneDrive\Desktop\Pinterest-всякое\pin_0968_473c7fa9b02c.jpg,pin_0968_473c7fa9b02c.jpg,906,1280,0.7078,portrait,75.113,70.541,70.249,0.2817,0.1787,0.1797,8.1132,0.1125,a6b038c71b9c63ad,9
969,C:\Users\lalad\OneDrive\Desktop\Pinterest-всякое\pin_0969_b2469fe0410f.jpg,pin_0969_b2469fe0410f.jpg,736,1070,0.6879,portrait,53.121,53.551,52.556,0.209,0.2161,0.1651,9.4306,0.0932,99165266236dbe8e,0
970,C:\Users\lalad\OneDrive\Desktop\Pinterest-всякое\pin_0970_ef85cc7783d4.jpg,pin_0970_ef85cc7783d4.jpg,1045,1546,0.6759,portrait,86.832,74.127,66.262,0.3021,0.2336,0.1782,23.2835,0.1053,b57dccb4ad4a9488,9
971,C:\Users\lalad\OneDrive\Desktop\Pinterest-всякое\pin_0971_a19c15261107.jpg,pin_0971_a19c15261107.jpg,736,1120,0.6571,portrait,57.67,70.875,70.474,0.2622,0.2739,0.1891,15.9503,0.1456,bb99c3c224cdbc64,9
972,C:\Users\lalad\OneDrive\Desktop\Pinterest-всякое\pin_0972_2549242e66c3.jpg,pin_0972_2549242e66c3.jpg,736,1041,0.707,portrait,115.57,112.31,105.433,0.4412,0.1503,0.1619,13.285,0.0702,ddc1f1a6d470836c,9
973,C:\Users\lalad\OneDrive\Desktop\Pinterest-всякое\pin_0973_128ece190584.jpg,pin_0973_128ece190584.jpg,1200,858,1.3986,landscape,134.588,132.607,126.582,0.5197,0.1131,0.2405,14.1687,0.1199,897e023b79c71e98,8
974,C:\Users\lalad\OneDrive\Desktop\Pinterest-всякое\pin_0974_88d7c344cb85.jpg,pin_0974_88d7c344cb85.jpg,1280,943,1.3574,landscape,165.385,158.789,155.763,0.6291,0.1794,0.2857,22.1269,0.1074,8da1f5105fd293f0,8
975,C:\Users\lalad\OneDrive\Desktop\Pinterest-всякое\pin_0975_54ba360eaa7b.jpg,pin_0975_54ba360eaa7b.jpg,749,530,1.4132,landscape,107.065,100.579,94.027,0.3992,0.13,0.2291,12.6648,0.0582,ab2bc4679ae42dd0,1
976,C:\Users\lalad\OneDrive\Desktop\Pinterest-всякое\pin_0976_46922004a13c.jpg,pin_0976_46922004a13c.jpg,1599,1426,1.1213,square-ish,114.904,111.715,110.805,0.4414,0.1337,0.2011,17.4406,0.0714,b8b9976e03966893,1
977,C:\Users\lalad\OneDrive\Desktop\Pinterest-всякое\pin_0977_979b97d36212.jpg,pin_0977_979b97d36212.jpg,727,960,0.7573,portrait,122.594,96.195,74.067,0.3982,0.4533,0.2507,54.5522,0.1131,d467319a5a6f4a45,4
978,C:\Users\lalad\OneDrive\Desktop\Pinterest-всякое\pin_0978_e5bdbbb87c8c.jpg,pin_0978_e5bdbbb87c8c.jpg,1200,1200,1.0,square-ish,58.526,107.673,127.018,0.3733,0.6816,0.158,95.6496,0.0762,95f22e06d9b51a63,4
979,C:\Users\lalad\OneDrive\Desktop\Pinterest-всякое\pin_0979_6393c1c4fd91.jpg,pin_0979_6393c1c4fd91.jpg,900,1200,0.75,portrait,74.754,66.991,73.015,0.2746,0.4255,0.2275,48.0648,0.063,bee671384c44b29b,4
980,C:\Users\lalad\OneDrive\Desktop\Pinterest-всякое\pin_0980_6e7ac4085911.jpg,pin_0980_6e7ac4085911.jpg,736,552,1.3333,landscape,87.765,80.126,80.437,0.3233,0.18,0.2236,12.0509,0.0453,9d603acf63312ce6,1
981,C:\Users\lalad\OneDrive\Desktop\Pinterest-всякое\pin_0981_ebafadaae083.jpg,pin_0981_ebafadaae083.jpg,1024,699,1.4649,landscape,105.26,101.814,75.632,0.3916,0.3386,0.2469,37.5421,0.1379,cfc880d781f0f63a,6
982,C:\Users\lalad\OneDrive\Desktop\Pinterest-всякое\pin_0982_dcd85dcb7d13.jpg,pin_0982_dcd85dcb7d13.jpg,1280,864,1.4815,landscape,69.869,79.986,66.47,0.2958,0.3785,0.2591,26.6113,0.16,9f4a3173c998626d,6
983,C:\Users\lalad\OneDrive\Desktop\Pinterest-всякое\pin_0983_7b4544c74f2c.jpg,pin_0983_7b4544c74f2c.jpg,1211,2048,0.5913,portrait,112.934,118.048,126.556,0.4607,0.131,0.2045,15.6407,0.146,a4bdc87790ca7c86,9
984,C:\Users\lalad\OneDrive\Desktop\Pinterest-всякое\pin_0984_586abf593b13.jpg,pin_0984_586abf593b13.jpg,750,1125,0.6667,portrait,91.263,103.228,107.626,0.3928,0.2398,0.2678,25.7558,0.1329,a6ad4f563123c6f0,9
985,C:\Users\lalad\OneDrive\Desktop\Pinterest-всякое\pin_0985_b94f1fdb209e.jpg,pin_0985_b94f1fdb209e.jpg,427,640,0.6672,portrait,67.637,34.124,16.133,0.1651,0.6871,0.1144,50.7183,0.0596,99b966861931e6e6,0
986,C:\Users\lalad\OneDrive\Desktop\Pinterest-всякое\pin_0986_a3594006ba20.jpg,pin_0986_a3594006ba20.jpg,800,800,1.0,square-ish,78.136,68.484,43.062,0.2685,0.5968,0.205,34.9647,0.0466,8f88c2d37667b690,4
987,C:\Users\lalad\OneDrive\Desktop\Pinterest-всякое\pin_0987_9e814f701298.jpg,pin_0987_9e814f701298.jpg,750,937,0.8004,portrait,150.913,73.914,64.811,0.3761,0.6079,0.2175,84.8408,0.0957,b4d0696f961b6694,4
988,C:\Users\lalad\OneDrive\Desktop\Pinterest-всякое\pin_0988_9c9bf132726c.jpg,pin_0988_9c9bf132726c.jpg,2992,4000,0.748,portrait,86.099,65.953,45.349,0.2731,0.5423,0.1506,44.1024,0.0602,fbe8239dbc60071c,0
989,C:\Users\lalad\OneDrive\Desktop\Pinterest-всякое\pin_0989_5bcfbe1eb3e8.jpg,pin_0989_5bcfbe1eb3e8.jpg,519,519,1.0,square-ish,91.237,77.268,69.91,0.3161,0.3131,0.2425,20.5693,0.1372,a1179a1a3cc8ef66,1
990,C:\Users\lalad\OneDrive\Desktop\Pinterest-всякое\pin_0990_aa9958ba5941.jpg,pin_0990_aa9958ba5941.jpg,900,1273,0.707,portrait,89.593,67.63,77.242,0.2953,0.4471,0.2634,36.5833,0.0557,89957f62261fc1f0,9
991,C:\Users\lalad\OneDrive\Desktop\Pinterest-всякое\pin_0991_2a49c53b93bb.jpg,pin_0991_2a49c53b93bb.jpg,708,900,0.7867,portrait,177.745,167.213,159.13,0.6644,0.1632,0.3069,26.5324,0.1012,bbccbc43d06cc323,3
992,C:\Users\lalad\OneDrive\Desktop\Pinterest-всякое\pin_0992_9cb6fedc2c40.jpg,pin_0992_9cb6fedc2c40.jpg,720,960,0.75,portrait,39.126,21.046,18.644,0.1026,0.5958,0.1046,29.5335,0.0397,eccc071b0f8ec6c6,0
993,C:\Users\lalad\OneDrive\Desktop\Pinterest-всякое\pin_0993_e609eb21a769.jpg,pin_0993_e609eb21a769.jpg,736,981,0.7503,portrait,36.547,30.301,24.048,0.1234,0.6668,0.1471,36.2156,0.0671,f4c86b32f0b14b4e,0
994,C:\Users\lalad\OneDrive\Desktop\Pinterest-всякое\pin_0994_caf6e07f3cc1.jpg,pin_0994_caf6e07f3cc1.jpg,720,1110,0.6486,portrait,163.435,140.546,158.094,0.5858,0.3078,0.2176,49.4205,0.1499,dae500e994cff04e,7
995,C:\Users\lalad\OneDrive\Desktop\Pinterest-всякое\pin_0995_80c6b1061a00.jpg,pin_0995_80c6b1061a00.jpg,500,677,0.7386,portrait,140.541,136.241,122.908,0.5337,0.12,0.2844,18.3106,0.2099,85eb58876f3c3492,7
996,C:\Users\lalad\OneDrive\Desktop\Pinterest-всякое\pin_0996_3d0e903a9813.jpg,pin_0996_3d0e903a9813.jpg,736,981,0.7503,portrait,175.657,171.014,167.589,0.6745,0.0779,0.2054,9.9815,0.1136,b8b887cc353287cd,3
997,C:\Users\lalad\OneDrive\Desktop\Pinterest-всякое\pin_0997_2ccbdc521eb2.jpg,pin_0997_2ccbdc521eb2.jpg,732,547,1.3382,landscape,127.672,132.779,129.653,0.5134,0.1113,0.2095,22.5615,0.0927,eab4879263c986b6,8
998,C:\Users\lalad\OneDrive\Desktop\Pinterest-всякое\pin_0998_c02d17d67768.jpg,pin_0998_c02d17d67768.jpg,736,864,0.8519,square-ish,108.397,103.955,89.209,0.4063,0.2303,0.2502,17.0501,0.1146,846f6a1a316d5aba,9
999,C:\Users\lalad\OneDrive\Desktop\Pinterest-всякое\pin_0999_e7b80bdd817c.jpg,pin_0999_e7b80bdd817c.jpg,628,1156,0.5433,portrait,67.202,67.437,73.86,0.267,0.2271,0.2569,8.6299,0.077,c8371bcc63d81f32,9
1000,C:\Users\lalad\OneDrive\Desktop\Pinterest-всякое\pin_1000_5d2b823f926d.jpg,pin_1000_5d2b823f926d.jpg,679,1200,0.5658,portrait,119.173,116.576,109.712,0.4568,0.1281,0.3088,9.0263,0.0456,ed499337c7862607,5
1001,C:\Users\lalad\OneDrive\Desktop\Pinterest-всякое\pin_1001_37d47820ca70.jpg,pin_1001_37d47820ca70.jpg,720,841,0.8561,square-ish,190.04,173.368,158.053,0.6925,0.1761,0.2331,23.6816,0.0757,f9d6441b788927a9,2
1002,C:\Users\lalad\OneDrive\Desktop\Pinterest-всякое\pin_1002_1a06838477c2.jpg,pin_1002_1a06838477c2.jpg,1200,1200,1.0,square-ish,166.266,87.913,43.882,0.4169,0.7248,0.1253,78.8542,0.0515,f08fe6f01d8fa013,4
1003,C:\Users\lalad\OneDrive\Desktop\Pinterest-всякое\pin_1003_63026f326545.jpg,pin_1003_63026f326545.jpg,1200,1200,1.0,square-ish,17.261,21.764,40.281,0.0882,0.6689,0.0961,23.0654,0.0272,86492d305eb9d5ba,0
1004,C:\Users\lalad\OneDrive\Desktop\Pinterest-всякое\pin_1004_00992a860fc3.jpg,pin_1004_00992a860fc3.jpg,3024,4032,0.75,portrait,85.055,84.06,83.735,0.3308,0.1724,0.2484,7.7243,0.034,e3cc921cf9810ff8,1
1005,C:\Users\lalad\OneDrive\Desktop\Pinterest-всякое\pin_1005_8a00ff03b541.jpg,pin_1005_8a00ff03b541.jpg,600,1080,0.5556,portrait,43.629,64.887,88.719,0.2402,0.5157,0.1807,38.688,0.0393,de90216f6b3494dc,0
1006,C:\Users\lalad\OneDrive\Desktop\Pinterest-всякое\pin_1006_3ba58f361a1e.png,pin_1006_3ba58f361a1e.png,600,600,1.0,square-ish,82.266,70.962,76.879,0.2942,0.3774,0.2361,16.462,0.1875,989ff35ac80089fd,6
1007,C:\Users\lalad\OneDrive\Desktop\Pinterest-всякое\pin_1007_0c15e6e01e17.jpg,pin_1007_0c15e6e01e17.jpg,800,986,0.8114,portrait,246.877,248.2,248.046,0.9719,0.0065,0.0858,2.695,0.0338,b139ccc6f39a9c30,11
1008,C:\Users\lalad\OneDrive\Desktop\Pinterest-всякое\pin_1008_c7aec0d5e525.jpg,pin_1008_c7aec0d5e525.jpg,400,400,1.0,square-ish,157.7,151.589,146.913,0.5996,0.1057,0.1485,31.4988,0.0491,bde4d00f86d89b61,2
1009,C:\Users\lalad\OneDrive\Desktop\Pinterest-всякое\pin_1009_e0f24da19d27.jpg,pin_1009_e0f24da19d27.jpg,572,900,0.6356,portrait,197.212,185.334,180.105,0.7383,0.1243,0.2062,21.5306,0.1424,ad9d4a90b572d28e,7
1010,C:\Users\lalad\OneDrive\Desktop\Pinterest-всякое\pin_1010_71fb096acc3c.jpg,pin_1010_71fb096acc3c.jpg,900,1097,0.8204,square-ish,243.478,244.283,244.479,0.9571,0.0142,0.1028,7.3149,0.0552,b887c3c0e5c73e15,11
1011,C:\Users\lalad\OneDrive\Desktop\Pinterest-всякое\pin_1011_728e5aad1952.jpg,pin_1011_728e5aad1952.jpg,727,1280,0.568,portrait,190.339,171.324,143.872,0.6816,0.243,0.1496,22.4203,0.0424,c77c416f6207783a,2
1012,C:\Users\lalad\OneDrive\Desktop\Pinterest-всякое\pin_1012_3a5b8a0972c6.jpg,pin_1012_3a5b8a0972c6.jpg,394,600,0.6567,portrait,76.742,74.188,65.728,0.29,0.3164,0.2799,9.8105,0.0706,80d06f27d358b4de,9
1013,C:\Users\lalad\OneDrive\Desktop\Pinterest-всякое\pin_1013_ad4cf1b3c229.jpg,pin_1013_ad4cf1b3c229.jpg,600,1067,0.5623,portrait,44.395,47.179,67.344,0.1907,0.2579,0.1885,46.0921,0.0652,d0c0cddb1a39e5e4,0
1014,C:\Users\lalad\OneDrive\Desktop\Pinterest-всякое\pin_1014_22c47cae408b.png,pin_1014_22c47cae408b.png,817,1200,0.6808,portrait,107.266,21.325,19.336,0.1835,0.6412,0.1312,124.2618,0.0329,c5941a4f7b3b3864,4
1015,C:\Users\lalad\OneDrive\Desktop\Pinterest-всякое\pin_1015_74eb974a04fc.png,pin_1015_74eb974a04fc.png,440,680,0.6471,portrait,123.808,79.809,65.437,0.3582,0.5182,0.2168,46.4988,0.1937,9bcccdcdc8d2838a,6
1016,C:\Users\lalad\OneDrive\Desktop\Pinterest-всякое\pin_1016_9727e2fcc003.jpg,pin_1016_9727e2fcc003.jpg,736,735,1.0014,square-ish,165.446,122.019,102.983,0.521,0.4,0.1933,37.4415,0.0666,83a7dc2cd919aa66,2
1017,C:\Users\lalad\OneDrive\Desktop\Pinterest-всякое\pin_1017_7897737cbf5d.jpg,pin_1017_7897737cbf5d.jpg,1280,839,1.5256,landscape,143.927,82.188,43.405,0.3774,0.7313,0.2338,72.4541,0.1521,e185965cac99cf89,4
1018,C:\Users\lalad\OneDrive\Desktop\Pinterest-всякое\pin_1018_029dc5a49ceb.jpg,pin_1018_029dc5a49ceb.jpg,978,1024,0.9551,square-ish,115.131,105.63,96.636,0.4214,0.2284,0.3141,18.2933,0.1072,85350af22dc9ac77,5
1019,C:\Users\lalad\OneDrive\Desktop\Pinterest-всякое\pin_1019_3b684e72c7c7.jpg,pin_1019_3b684e72c7c7.jpg,1274,1920,0.6635,portrait,89.537,83.809,82.385,0.3347,0.1351,0.3359,8.3725,0.1632,ce6116cb9e0ef09a,9
1020,C:\Users\lalad\OneDrive\Desktop\Pinterest-всякое\pin_1020_5c7b4059a71b.jpg,pin_1020_5c7b4059a71b.jpg,480,600,0.8,portrait,111.74,110.289,104.462,0.4317,0.0841,0.366,8.6181,0.1262,e28c39d59cc6ce70,5
1021,C:\Users\lalad\OneDrive\Desktop\Pinterest-всякое\pin_1021_ddefedea015a.jpg,pin_1021_ddefedea015a.jpg,736,769,0.9571,square-ish,97.749,82.548,70.192,0.3361,0.2871,0.0882,15.6322,0.0683,8ccb31366665c367,0
1022,C:\Users\lalad\OneDrive\Desktop\Pinterest-всякое\pin_1022_e71665e5f268.jpg,pin_1022_e71665e5f268.jpg,900,889,1.0124,square-ish,129.369,116.656,95.31,0.4629,0.299,0.2261,21.0773,0.1723,f2c844e619f483de,6
1023,C:\Users\lalad\OneDrive\Desktop\Pinterest-всякое\pin_1023_4840f0aa5bb1.png,pin_1023_4840f0aa5bb1.png,1000,1250,0.8,portrait,118.179,116.721,110.392,0.4566,0.2709,0.2019,34.4148,0.0591,9a74e40ec76daca4,9
1024,C:\Users\lalad\OneDrive\Desktop\Pinterest-всякое\pin_1024_bb648a3fce66.jpg,pin_1024_bb648a3fce66.jpg,735,696,1.056,square-ish,53.74,58.574,46.297,0.2185,0.2858,0.139,9.9669,0.0887,962a79d3d2de2168,0
1025,C:\Users\lalad\OneDrive\Desktop\Pinterest-всякое\pin_1025_32dc1b364c24.jpg,pin_1025_32dc1b364c24.jpg,332,465,0.714,portrait,82.106,64.098,49.304,0.2659,0.4409,0.1987,28.9953,0.0768,b6fd65d290a60399,0
1026,C:\Users\lalad\OneDrive\Desktop\Pinterest-всякое\pin_1026_a990d4332809.jpg,pin_1026_a990d4332809.jpg,768,768,1.0,square-ish,126.325,115.143,104.584,0.4601,0.2037,0.1836,14.4988,0.1884,bbc0c5be6d7a1130,6
1027,C:\Users\lalad\OneDrive\Desktop\Pinterest-всякое\pin_1027_17c5b1075fd8.jpg,pin_1027_17c5b1075fd8.jpg,337,600,0.5617,portrait,43.86,46.596,66.639,0.1885,0.2835,0.1898,45.6318,0.0667,d0c0cddb1a39e5e4,0
1028,C:\Users\lalad\OneDrive\Desktop\Pinterest-всякое\pin_1028_5d83baa5b20e.jpg,pin_1028_5d83baa5b20e.jpg,481,680,0.7074,portrait,79.524,27.46,51.996,0.1797,0.6932,0.1348,91.2073,0.0598,c8c21736773c99c5,4
1029,C:\Users\lalad\OneDrive\Desktop\Pinterest-всякое\pin_1029_cc6799202786.png,pin_1029_cc6799202786.png,735,841,0.874,square-ish,94.269,94.269,94.269,0.3697,0.0,0.3306,0.0,0.1762,de014099cb6ec7ce,5
1030,C:\Users\lalad\OneDrive\Desktop\Pinterest-всякое\pin_1030_4449bf4dfcb3.jpg,pin_1030_4449bf4dfcb3.jpg,1080,1867,0.5785,portrait,37.201,37.898,35.288,0.1467,0.0537,0.133,3.1211,0.0291,a183c3f0f4941e9f,0
1031,C:\Users\lalad\OneDrive\Desktop\Pinterest-всякое\pin_1031_d5537cb9d564.jpg,pin_1031_d5537cb9d564.jpg,1130,1200,0.9417,square-ish,42.984,31.353,24.002,0.1333,0.5257,0.1221,16.9137,0.0826,aaa2d5e5cccca4a6,0
1032,C:\Users\lalad\OneDrive\Desktop\Pinterest-всякое\pin_1032_6f4a327e92ae.jpg,pin_1032_6f4a327e92ae.jpg,540,540,1.0,square-ish,51.9,69.203,76.681,0.2541,0.4153,0.1213,28.2104,0.0549,cccc33311bcbc68e,0
1033,C:\Users\lalad\OneDrive\Desktop\Pinterest-всякое\pin_1033_59532a11372c.jpg,pin_1033_59532a11372c.jpg,319,332,0.9608,square-ish,72.065,69.334,61.27,0.2716,0.2302,0.1925,12.8886,0.0957,9b1d65662293d999,1
1034,C:\Users\lalad\OneDrive\Desktop\Pinterest-всякое\pin_1034_c0487b978661.png,pin_1034_c0487b978661.png,1000,1092,0.9158,square-ish,149.994,153.307,144.307,0.5934,0.0665,0.3131,11.2819,0.0471,ee2f99d0c49596c1,5
1035,C:\Users\lalad\OneDrive\Desktop\Pinterest-всякое\pin_1035_24e6e187a4cb.jpg,pin_1035_24e6e187a4cb.jpg,1326,1326,1.0,square-ish,128.009,138.063,83.31,0.5051,0.4382,0.1853,46.7063,0.234,c2b7e0c93a9f44c3,6
1036,C:\Users\lalad\OneDrive\Desktop\Pinterest-всякое\pin_1036_1dac97c41d9b.jpg,pin_1036_1dac97c41d9b.jpg,500,669,0.7474,portrait,54.728,55.644,41.24,0.2106,0.3258,0.2246,34.5632,0.0345,cc28f326cc9973a6,0
1037,C:\Users\lalad\OneDrive\Desktop\Pinterest-всякое\pin_1037_21d8b21292a4.jpg,pin_1037_21d8b21292a4.jpg,920,920,1.0,square-ish,78.888,59.371,82.672,0.2661,0.3895,0.1549,36.2437,0.0649,c7543cc36b7e9049,0
1038,C:\Users\lalad\OneDrive\Desktop\Pinterest-всякое\pin_1038_b7bae40596e0.jpg,pin_1038_b7bae40596e0.jpg,736,981,0.7503,portrait,186.665,179.883,174.495,0.7112,0.086,0.2594,7.8966,0.1648,e4adce13e688335a,3
1039,C:\Users\lalad\OneDrive\Desktop\Pinterest-всякое\pin_1039_5064ba60b37c.jpg,pin_1039_5064ba60b37c.jpg,854,854,1.0,square-ish,97.931,102.973,99.516,0.3963,0.3238,0.2514,27.3909,0.0433,bd9756740b7c440d,1
1040,C:\Users\lalad\OneDrive\Desktop\Pinterest-всякое\pin_1040_8c140edee2e5.jpg,pin_1040_8c140edee2e5.jpg,604,604,1.0,square-ish,156.932,150.368,136.906,0.5914,0.1462,0.2337,12.2309,0.0756,a1c79b659e38c991,2
1041,C:\Users\lalad\OneDrive\Desktop\Pinterest-всякое\pin_1041_333784652727.jpg,pin_1041_333784652727.jpg,750,750,1.0,square-ish,228.782,228.628,227.145,0.8968,0.013,0.2692,1.4612,0.0545,eb843a699679c43a,11
1042,C:\Users\lalad\OneDrive\Desktop\Pinterest-всякое\pin_1042_4bfc7e0c8027.jpg,pin_1042_4bfc7e0c8027.jpg,900,1200,0.75,portrait,203.822,203.822,203.822,0.7993,0.0,0.2943,0.0,0.1879,bca4c2e6c3d6911b,3
1043,C:\Users\lalad\OneDrive\Desktop\Pinterest-всякое\pin_1043_f26f183592fa.jpg,pin_1043_f26f183592fa.jpg,320,320,1.0,square-ish,96.844,121.533,127.439,0.4503,0.3239,0.2159,29.732,0.1414,e1b4c330e3cc7c72,6
1044,C:\Users\lalad\OneDrive\Desktop\Pinterest-всякое\pin_1044_ea9327547813.png,pin_1044_ea9327547813.png,591,900,0.6567,portrait,61.871,55.119,60.666,0.2263,0.2175,0.2067,9.2824,0.127,ed9d8d50e33a2519,9
1045,C:\Users\lalad\OneDrive\Desktop\Pinterest-всякое\pin_1045_8e691aad0627.png,pin_1045_8e691aad0627.png,1371,770,1.7805,landscape,142.259,150.265,89.337,0.5526,0.5637,0.2096,48.6649,0.0632,ccb3a0f3d1704d99,8
1046,C:\Users\lalad\OneDrive\Desktop\Pinterest-всякое\pin_1046_035a126ccafc.png,pin_1046_035a126ccafc.png,1333,1545,0.8628,square-ish,143.182,143.173,143.173,0.5615,0.0001,0.1067,0.1165,0.1436,af9cc896036cfc43,7
1047,C:\Users\lalad\OneDrive\Desktop\Pinterest-всякое\pin_1047_ee08b89ae6d2.jpg,pin_1047_ee08b89ae6d2.jpg,476,480,0.9917,square-ish,177.91,173.618,167.213,0.6833,0.078,0.1651,12.3615,0.1111,b9e0e31f84ec17a1,2
1048,C:\Users\lalad\OneDrive\Desktop\Pinterest-всякое\pin_1048_003377a8ae3f.jpg,pin_1048_003377a8ae3f.jpg,534,827,0.6457,portrait,206.697,196.344,185.45,0.7772,0.1473,0.1903,38.8753,0.0952,fa853acf906b845a,3
1049,C:\Users\lalad\OneDrive\Desktop\Pinterest-всякое\pin_1049_420f211daaca.jpg,pin_1049_420f211daaca.jpg,625,837,0.7467,portrait,108.02,101.684,97.361,0.4043,0.2256,0.2406,24.9825,0.2394,cd4db133c38cacf0,6
1050,C:\Users\lalad\OneDrive\Desktop\Pinterest-всякое\pin_1050_ab78b1525dc8.jpg,pin_1050_ab78b1525dc8.jpg,474,476,0.9958,square-ish,76.72,82.282,89.32,0.3193,0.3063,0.216,22.461,0.1221,854a3935cee7330e,1
1051,C:\Users\lalad\OneDrive\Desktop\Pinterest-всякое\pin_1051_f9c5d45645e3.jpg,pin_1051_f9c5d45645e3.jpg,1206,1207,0.9992,square-ish,109.567,98.704,84.1,0.3933,0.3579,0.225,24.5618,0.2031,fc0061cbcb62ae79,6
1052,C:\Users\lalad\OneDrive\Desktop\Pinterest-всякое\pin_1052_01727eb2477b.jpg,pin_1052_01727eb2477b.jpg,736,683,1.0776,square-ish,195.514,195.514,195.514,0.7667,0.0,0.296,0.0,0.0826,dd17a5c2583a96a5,3
1053,C:\Users\lalad\OneDrive\Desktop\Pinterest-всякое\pin_1053_45aad1e57b2a.jpg,pin_1053_45aad1e57b2a.jpg,791,593,1.3339,landscape,148.917,140.283,138.483,0.5595,0.147,0.274,23.7864,0.1724,93979f49e844b274,8
1054,C:\Users\lalad\OneDrive\Desktop\Pinterest-всякое\pin_1054_0157734d858e.png,pin_1054_0157734d858e.png,1024,1024,1.0,square-ish,122.682,111.151,109.467,0.4486,0.1354,0.2226,18.948,0.0361,ea9715a1165a39e9,1
1055,C:\Users\lalad\OneDrive\Desktop\Pinterest-всякое\pin_1055_e1f1d7bc1992.jpg,pin_1055_e1f1d7bc1992.jpg,750,1060,0.7075,portrait,107.455,91.4,66.942,0.3663,0.3609,0.2024,39.7274,0.059,c8396cc4f399e3a1,9
1056,C:\Users\lalad\OneDrive\Desktop\Pinterest-всякое\pin_1056_c1019b95a149.jpg,pin_1056_c1019b95a149.jpg,1106,1131,0.9779,square-ish,129.353,103.197,99.412,0.4337,0.2959,0.2561,27.1426,0.0434,ed330d198c48b57b,1
1057,C:\Users\lalad\OneDrive\Desktop\Pinterest-всякое\pin_1057_e23cf7e26e0e.jpg,pin_1057_e23cf7e26e0e.jpg,1647,1100,1.4973,landscape,138.69,138.039,137.792,0.542,0.0459,0.2505,4.8495,0.0637,af85303cc68391fe,8
1058,C:\Users\lalad\OneDrive\Desktop\Pinterest-всякое\pin_1058_f0164f6d4b8a.jpg,pin_1058_f0164f6d4b8a.jpg,1080,1080,1.0,square-ish,196.279,195.423,195.64,0.7674,0.0204,0.0648,7.2039,0.015,e609334c9b939d33,11
1059,C:\Users\lalad\OneDrive\Desktop\Pinterest-всякое\pin_1059_3a8f83102c52.jpg,pin_1059_3a8f83102c52.jpg,1080,1350,0.8,portrait,129.05,117.05,96.154,0.4637,0.2994,0.2593,42.6307,0.1185,acdc92258f094fce,9
1060,C:\Users\lalad\OneDrive\Desktop\Pinterest-всякое\pin_1060_01a04fc5d98a.jpg,pin_1060_01a04fc5d98a.jpg,224,224,1.0,square-ish,236.83,232.869,231.193,0.9171,0.0432,0.1976,14.4208,0.017,e69b996dcc322649,11
1061,C:\Users\lalad\OneDrive\Desktop\Pinterest-всякое\pin_1061_7072fe690780.jpg,pin_1061_7072fe690780.jpg,493,858,0.5746,portrait,142.341,136.902,134.582,0.5422,0.0652,0.2057,5.5081,0.1898,bb35d75fa5219202,7
1062,C:\Users\lalad\OneDrive\Desktop\Pinterest-всякое\pin_1062_2547e2722276.jpg,pin_1062_2547e2722276.jpg,734,728,1.0082,square-ish,96.131,83.104,80.718,0.3401,0.1959,0.1773,16.3143,0.0482,cc4c333333cccc7c,1
1063,C:\Users\lalad\OneDrive\Desktop\Pinterest-всякое\pin_1063_040739ccf516.png,pin_1063_040739ccf516.png,823,1058,0.7779,portrait,100.387,58.885,90.672,0.2938,0.5361,0.2862,84.8899,0.1144,f0cf0a36835c3a6b,4
1064,C:\Users\lalad\OneDrive\Desktop\Pinterest-всякое\pin_1064_3debd20ae01d.jpg,pin_1064_3debd20ae01d.jpg,426,426,1.0,square-ish,235.04,227.808,205.815,0.8914,0.1278,0.0922,12.5933,0.0504,b3270c27233d2767,11
1065,C:\Users\lalad\OneDrive\Desktop\Pinterest-всякое\pin_1065_014e09029ce8.jpg,pin_1065_014e09029ce8.jpg,1080,1800,0.6,portrait,134.691,119.319,114.553,0.4838,0.2258,0.2343,32.4802,0.058,be85b264e94389da,9
1066,C:\Users\lalad\OneDrive\Desktop\Pinterest-всякое\pin_1066_c3daa2b0552e.jpg,pin_1066_c3daa2b0552e.jpg,736,736,1.0,square-ish,228.628,222.393,218.632,0.8778,0.0884,0.2635,28.4081,0.0397,b1cd9a3365669ac8,11
1067,C:\Users\lalad\OneDrive\Desktop\Pinterest-всякое\pin_1067_bf8b9c859881.jpg,pin_1067_bf8b9c859881.jpg,750,797,0.941,square-ish,137.674,131.46,118.909,0.517,0.1443,0.2969,16.3503,0.1777,e39ac0d2f0a4ecad,7
1068,C:\Users\lalad\OneDrive\Desktop\Pinterest-всякое\pin_1068_f39e89e5b7ff.jpg,pin_1068_f39e89e5b7ff.jpg,735,688,1.0683,square-ish,170.974,136.395,105.74,0.5618,0.4146,0.2087,46.7116,0.083,9cd14df37024fd60,10
1069,C:\Users\lalad\OneDrive\Desktop\Pinterest-всякое\pin_1069_6ed0d5ac6d6f.jpg,pin_1069_6ed0d5ac6d6f.jpg,720,881,0.8173,portrait,114.785,104.927,89.875,0.4163,0.3032,0.264,30.3287,0.2212,8cb04bd0bdfc39b0,6
1070,C:\Users\lalad\OneDrive\Desktop\Pinterest-всякое\pin_1070_3b939eb167e4.jpg,pin_1070_3b939eb167e4.jpg,1170,1170,1.0,square-ish,201.234,196.144,194.093,0.7743,0.0432,0.2385,11.8847,0.0924,fe65b192819ac791,3
1071,C:\Users\lalad\OneDrive\Desktop\Pinterest-всякое\pin_1071_53eb8da927d4.jpg,pin_1071_53eb8da927d4.jpg,750,913,0.8215,square-ish,164.981,125.238,93.112,0.5234,0.4595,0.2028,45.4786,0.1203,985ca53973f63262,10
1072,C:\Users\lalad\OneDrive\Desktop\Pinterest-всякое\pin_1072_a21345933cda.jpg,pin_1072_a21345933cda.jpg,720,720,1.0,square-ish,154.824,135.868,123.865,0.5497,0.2538,0.2499,21.1462,0.0265,fb6c84813bd62c4d,2
1073,C:\Users\lalad\OneDrive\Desktop\Pinterest-всякое\pin_1073_2af047086205.jpg,pin_1073_2af047086205.jpg,1440,972,1.4815,landscape,183.137,184.063,148.986,0.705,0.2105,0.1184,22.0068,0.0456,d8ee6292ca8975ac,2
1074,C:\Users\lalad\OneDrive\Desktop\Pinterest-всякое\pin_1074_3304bb13bf23.jpg,pin_1074_3304bb13bf23.jpg,736,637,1.1554,square-ish,160.466,150.828,130.273,0.5936,0.1852,0.2904,51.6661,0.0672,ceb987a99a42664b,8
1075,C:\Users\lalad\OneDrive\Desktop\Pinterest-всякое\pin_1075_113dd50f0e12.jpg,pin_1075_113dd50f0e12.jpg,720,900,0.8,portrait,94.209,78.654,94.323,0.3337,0.2589,0.2741,28.3153,0.113,c4794ee691f02b99,9
1076,C:\Users\lalad\OneDrive\Desktop\Pinterest-всякое\pin_1076_4718e4116023.jpg,pin_1076_4718e4116023.jpg,250,250,1.0,square-ish,199.061,206.621,216.998,0.806,0.0939,0.1786,21.0609,0.0834,efbae101e62599c2,11
1077,C:\Users\lalad\OneDrive\Desktop\Pinterest-всякое\pin_1077_7ecd2b909b09.jpg,pin_1077_7ecd2b909b09.jpg,750,730,1.0274,square-ish,152.177,137.158,109.959,0.5434,0.2909,0.2235,29.1572,0.0749,89c73df9d0f4e090,2
1078,C:\Users\lalad\OneDrive\Desktop\Pinterest-всякое\pin_1078_7dbbc2c5718e.jpg,pin_1078_7dbbc2c5718e.jpg,828,845,0.9799,square-ish,139.653,144.337,127.127,0.553,0.1397,0.1377,18.8044,0.1331,b3b3cec2422f0c3e,2
1079,C:\Users\lalad\OneDrive\Desktop\Pinterest-всякое\pin_1079_4a572a975abd.jpg,pin_1079_4a572a975abd.jpg,735,899,0.8176,portrait,122.694,120.795,114.981,0.4733,0.1459,0.1785,15.7297,0.1472,c16f26de3a09944f,7
1080,C:\Users\lalad\OneDrive\Desktop\Pinterest-всякое\pin_1080_9ac2f487a34b.jpg,pin_1080_9ac2f487a34b.jpg,234,223,1.0493,square-ish,104.798,128.01,121.115,0.4717,0.359,0.1752,51.3271,0.0917,c3e099b40bb52ff0,8
1081,C:\Users\lalad\OneDrive\Desktop\Pinterest-всякое\pin_1081_aceff5fde6b9.jpg,pin_1081_aceff5fde6b9.jpg,600,600,1.0,square-ish,196.836,196.836,196.836,0.7719,0.0,0.312,0.0,0.1161,ea77506f8d9822a6,3
1082,C:\Users\lalad\OneDrive\Desktop\Pinterest-всякое\pin_1082_b12bff0b9901.jpg,pin_1082_b12bff0b9901.jpg,503,640,0.7859,portrait,212.925,211.968,208.097,0.8309,0.0264,0.1042,4.9761,0.0413,d866a539969e4b19,11
1083,C:\Users\lalad\OneDrive\Desktop\Pinterest-всякое\pin_1083_02464377e246.jpg,pin_1083_02464377e246.jpg,768,1280,0.6,portrait,74.827,73.906,72.814,0.2905,0.258,0.3074,18.8709,0.1102,ff8fa1689896d242,9
1084,C:\Users\lalad\OneDrive\Desktop\Pinterest-всякое\pin_1084_25444e08476c.webp,pin_1084_25444e08476c.webp,1080,987,1.0942,square-ish,219.22,218.292,218.618,0.8572,0.0263,0.32,4.2853,0.0546,eb91ecca8d64d198,3
1085,C:\Users\lalad\OneDrive\Desktop\Pinterest-всякое\pin_1085_3ce2f1d18cec.jpg,pin_1085_3ce2f1d18cec.jpg,399,399,1.0,square-ish,133.406,128.945,120.352,0.5071,0.0983,0.2678,13.0531,0.1176,c2933d3d54da1595,5
1086,C:\Users\lalad\OneDrive\Desktop\Pinterest-всякое\pin_1086_5625d049794e.jpg,pin_1086_5625d049794e.jpg,510,680,0.75,portrait,101.703,133.096,147.707,0.4917,0.2918,0.2326,61.0842,0.1034,bfc2c6febd092082,9
1087,C:\Users\lalad\OneDrive\Desktop\Pinterest-всякое\pin_1087_bd35147390e0.jpg,pin_1087_bd35147390e0.jpg,736,1061,0.6937,portrait,75.386,63.12,75.321,0.2674,0.4147,0.2784,35.5134,0.1424,bed4a8fca8f4a881,9
1088,C:\Users\lalad\OneDrive\Desktop\Pinterest-всякое\pin_1088_b3cc3d65863d.jpg,pin_1088_b3cc3d65863d.jpg,736,962,0.7651,portrait,200.761,192.09,182.862,0.7592,0.099,0.1742,17.5144,0.1504,dc5e41e3619c3c1e,3
1089,C:\Users\lalad\OneDrive\Desktop\Pinterest-всякое\pin_1089_0343f64500c1.jpg,pin_1089_0343f64500c1.jpg,3284,2912,1.1277,square-ish,141.482,128.33,126.522,0.5178,0.1265,0.1994,14.4433,0.0425,e37f9c810b5a3465,2
1090,C:\Users\lalad\OneDrive\Desktop\Pinterest-всякое\pin_1090_b6c8711c8f46.jpg,pin_1090_b6c8711c8f46.jpg,500,624,0.8013,portrait,50.934,50.934,50.934,0.1997,0.0,0.2968,0.0,0.0647,c7a43d3534c0939f,1
1091,C:\Users\lalad\OneDrive\Desktop\Pinterest-всякое\pin_1091_ae83831128be.jpg,pin_1091_ae83831128be.jpg,736,736,1.0,square-ish,122.764,125.746,105.589,0.4806,0.2522,0.2033,31.1579,0.1721,8eb2339e4ea688d3,6
1092,C:\Users\lalad\OneDrive\Desktop\Pinterest-всякое\pin_1092_94dfad90f7d1.webp,pin_1092_94dfad90f7d1.webp,736,736,1.0,square-ish,125.082,110.307,85.097,0.4386,0.3626,0.2903,54.022,0.1089,8c853bbe12596c9b,10
1093,C:\Users\lalad\OneDrive\Desktop\Pinterest-всякое\pin_1093_9e31f04a2819.jpg,pin_1093_9e31f04a2819.jpg,474,712,0.6657,portrait,172.352,162.856,156.217,0.647,0.1375,0.2547,18.4376,0.1278,fe6b99b0708d8dc0,7
1094,C:\Users\lalad\OneDrive\Desktop\Pinterest-всякое\pin_1094_828cc6b87306.jpg,pin_1094_828cc6b87306.jpg,355,470,0.7553,portrait,228.601,225.097,219.412,0.8835,0.0441,0.1033,5.8282,0.0281,b3cccc333399cc23,11
1095,C:\Users\lalad\OneDrive\Desktop\Pinterest-всякое\pin_1095_fd58aadba796.jpg,pin_1095_fd58aadba796.jpg,256,256,1.0,square-ish,68.267,59.082,48.948,0.2379,0.3488,0.1784,27.4709,0.0737,b4b653212985fc5b,0
1096,C:\Users\lalad\OneDrive\Desktop\Pinterest-всякое\pin_1096_65314994b223.jpg,pin_1096_65314994b223.jpg,1200,1006,1.1928,square-ish,108.53,126.734,135.149,0.4794,0.2823,0.2168,26.9804,0.0637,d9e31c0c4ef7063c,8
1097,C:\Users\lalad\OneDrive\Desktop\Pinterest-всякое\pin_1097_932d0df6ecac.jpg,pin_1097_932d0df6ecac.jpg,564,920,0.613,portrait,155.764,148.207,140.419,0.5865,0.1192,0.2338,9.5615,0.0862,9757d680e8f47238,7
1098,C:\Users\lalad\OneDrive\Desktop\Pinterest-всякое\pin_1098_7120c1f416f3.jpg,pin_1098_7120c1f416f3.jpg,268,263,1.019,square-ish,186.787,186.874,186.915,0.7327,0.0132,0.3498,0.7421,0.0515,b092c66f6f19193a,3
1099,C:\Users\lalad\OneDrive\Desktop\Pinterest-всякое\pin_1099_e05de661f537.jpg,pin_1099_e05de661f537.jpg,657,657,1.0,square-ish,41.575,5.593,14.705,0.0682,0.5919,0.085,56.6232,0.025,90493760f1dbac37,0
1100,C:\Users\lalad\OneDrive\Desktop\Pinterest-всякое\pin_1100_f6dcc1dc8bc2.jpg,pin_1100_f6dcc1dc8bc2.jpg,531,515,1.0311,square-ish,239.691,236.07,220.437,0.9226,0.0868,0.1297,8.3307,0.0327,ac63d29e4b679c18,11
1101,C:\Users\lalad\OneDrive\Desktop\Pinterest-всякое\pin_1101_22e982326070.jpg,pin_1101_22e982326070.jpg,922,712,1.2949,landscape,59.936,63.26,64.897,0.2448,0.0942,0.278,8.012,0.0536,85873e94d96a73c1,1
1102,C:\Users\lalad\OneDrive\Desktop\Pinterest-всякое\pin_1102_04bd730ea76f.jpg,pin_1102_04bd730ea76f.jpg,272,276,0.9855,square-ish,176.555,156.169,153.346,0.6351,0.2115,0.2446,34.9327,0.0296,a7d8b6c91623cd4c,2
1103,C:\Users\lalad\OneDrive\Desktop\Pinterest-всякое\pin_1103_c42319c5f483.jpg,pin_1103_c42319c5f483.jpg,399,399,1.0,square-ish,147.034,131.524,125.293,0.5312,0.1668,0.23,19.7924,0.137,fc7861a3ac13643e,7
1104,C:\Users\lalad\OneDrive\Desktop\Pinterest-всякое\pin_1104_6d647207f6b6.jpg,pin_1104_6d647207f6b6.jpg,719,584,1.2312,landscape,70.597,68.497,65.6,0.2697,0.1624,0.2228,14.9489,0.106,94c94d8436b6c4fd,1
1105,C:\Users\lalad\OneDrive\Desktop\Pinterest-всякое\pin_1105_b20467b7474b.jpg,pin_1105_b20467b7474b.jpg,1080,1350,0.8,portrait,37.471,48.019,45.79,0.1749,0.6549,0.1699,43.7977,0.0921,c24f30203b73f70f,0
1106,C:\Users\lalad\OneDrive\Desktop\Pinterest-всякое\pin_1106_3cd83b5ed73c.jpg,pin_1106_3cd83b5ed73c.jpg,1006,1200,0.8383,square-ish,223.369,223.112,223.863,0.8755,0.0136,0.2101,2.0126,0.0507,a9f20cf129f22cd3,11
1107,C:\Users\lalad\OneDrive\Desktop\Pinterest-всякое\pin_1107_05106c2cc349.jpg,pin_1107_05106c2cc349.jpg,649,579,1.1209,square-ish,136.667,129.485,99.9,0.503,0.2983,0.1837,41.4632,0.1197,b8a1e4dc8e69a54e,8
1108,C:\Users\lalad\OneDrive\Desktop\Pinterest-всякое\pin_1108_8791e342ce53.jpg,pin_1108_8791e342ce53.jpg,382,600,0.6367,portrait,223.764,221.622,215.236,0.8685,0.0389,0.1178,4.6459,0.0347,e266c69999989b39,11
1109,C:\Users\lalad\OneDrive\Desktop\Pinterest-всякое\pin_1109_848d5bf95bd4.jpg,pin_1109_848d5bf95bd4.jpg,750,710,1.0563,square-ish,154.518,136.199,122.879,0.5497,0.2221,0.2416,29.4354,0.0474,b9d2853865e69669,2
1110,C:\Users\lalad\OneDrive\Desktop\Pinterest-всякое\pin_1110_39ceffab13cb.jpg,pin_1110_39ceffab13cb.jpg,960,1044,0.9195,square-ish,227.527,224.292,225.495,0.8841,0.0223,0.2088,3.7793,0.2055,82796c3f687c2c78,3
1111,C:\Users\lalad\OneDrive\Desktop\Pinterest-всякое\pin_1111_12b06d307ed9.jpg,pin_1111_12b06d307ed9.jpg,720,709,1.0155,square-ish,245.549,245.82,244.353,0.9629,0.0076,0.1446,2.4904,0.0364,ea95856a97856a99,11
1112,C:\Users\lalad\OneDrive\Desktop\Pinterest-всякое\pin_1112_dc32c1e1fc90.png,pin_1112_dc32c1e1fc90.png,408,394,1.0355,square-ish,123.466,110.082,106.536,0.4458,0.2737,0.2155,46.8778,0.1531,f4ec0707d374384d,6
1113,C:\Users\lalad\OneDrive\Desktop\Pinterest-всякое\pin_1113_69ccdaac1adf.jpg,pin_1113_69ccdaac1adf.jpg,500,502,0.996,square-ish,119.312,114.328,110.901,0.4525,0.1118,0.2506,7.2065,0.0736,8c713eb04f09b1fc,1
1114,C:\Users\lalad\OneDrive\Desktop\Pinterest-всякое\pin_1114_b84005f55170.jpg,pin_1114_b84005f55170.jpg,564,689,0.8186,portrait,112.58,104.255,99.093,0.4163,0.2436,0.2405,26.0935,0.0581,c2b7f8ba899c0393,9
1115,C:\Users\lalad\OneDrive\Desktop\Pinterest-всякое\pin_1115_604453aa5cef.jpg,pin_1115_604453aa5cef.jpg,1080,1435,0.7526,portrait,122.022,95.781,43.147,0.3829,0.7134,0.1436,49.8582,0.0201,f0f0db9f6cc0a08e,4
1116,C:\Users\lalad\OneDrive\Desktop\Pinterest-всякое\pin_1116_522a22017fac.jpg,pin_1116_522a22017fac.jpg,750,917,0.8179,portrait,58.499,43.766,43.761,0.1889,0.2902,0.1704,23.205,0.0816,f85fd0891b4e844f,0
1117,C:\Users\lalad\OneDrive\Desktop\Pinterest-всякое\pin_1117_9e07ce596760.jpg,pin_1117_9e07ce596760.jpg,1199,1000,1.199,square-ish,121.441,110.449,101.882,0.4422,0.2492,0.2263,27.6816,0.0871,fdcb82c2c9c8f4d0,8
1118,C:\Users\lalad\OneDrive\Desktop\Pinterest-всякое\pin_1118_ca52479f221e.jpg,pin_1118_ca52479f221e.jpg,564,1003,0.5623,portrait,91.622,86.246,82.534,0.3427,0.2409,0.1786,17.5054,0.0365,b9940a05fae146bf,9
1119,C:\Users\lalad\OneDrive\Desktop\Pinterest-всякое\pin_1119_0e2577f108b9.gif,pin_1119_0e2577f108b9.gif,300,300,1.0,square-ish,148.257,110.768,86.288,0.4674,0.4673,0.2155,40.8983,0.0422,e040c3d69cbe9ea9,4
1120,C:\Users\lalad\OneDrive\Desktop\Pinterest-всякое\pin_1120_20da704d0df9.jpg,pin_1120_20da704d0df9.jpg,414,414,1.0,square-ish,160.163,151.969,142.109,0.6011,0.1403,0.2655,12.816,0.1373,b73319c0267fc43c,7
1121,C:\Users\lalad\OneDrive\Desktop\Pinterest-всякое\pin_1121_0becad704118.jpg,pin_1121_0becad704118.jpg,1200,1154,1.0399,square-ish,178.105,165.255,149.288,0.6561,0.1897,0.2129,16.5408,0.0443,d5c43a78ba276570,2
1122,C:\Users\lalad\OneDrive\Desktop\Pinterest-всякое\pin_1122_3b7676aa23c5.png,pin_1122_3b7676aa23c5.png,564,854,0.6604,portrait,158.01,145.279,131.571,0.5781,0.2385,0.3263,30.6021,0.1092,be3a91c1c8b486cf,5
1123,C:\Users\lalad\OneDrive\Desktop\Pinterest-всякое\pin_1123_46a502e1e37e.jpg,pin_1123_46a502e1e37e.jpg,736,981,0.7503,portrait,164.189,161.177,156.777,0.6336,0.0767,0.2988,5.8309,0.0893,adb53e6924d6c132,3
1124,C:\Users\lalad\OneDrive\Desktop\Pinterest-всякое\pin_1124_970d16dd8794.jpg,pin_1124_970d16dd8794.jpg,1280,1600,0.8,portrait,115.202,133.159,151.612,0.5094,0.2983,0.2036,55.6559,0.1239,e1cc38231fbe0b0f,7
1125,C:\Users\lalad\OneDrive\Desktop\Pinterest-всякое\pin_1125_6ce3f46e50f3.jpg,pin_1125_6ce3f46e50f3.jpg,540,960,0.5625,portrait,98.395,112.877,119.517,0.4287,0.2489,0.2627,48.2068,0.1168,a749b49d556b0b0e,9
1126,C:\Users\lalad\OneDrive\Desktop\Pinterest-всякое\pin_1126_11497f9713a8.jpg,pin_1126_11497f9713a8.jpg,950,1689,0.5625,portrait,175.44,177.652,176.772,0.6936,0.0543,0.3392,7.1111,0.0923,db12e4ed93126c4d,3
1127,C:\Users\lalad\OneDrive\Desktop\Pinterest-всякое\pin_1127_77de075fc27c.jpg,pin_1127_77de075fc27c.jpg,736,1106,0.6655,portrait,162.212,157.01,154.787,0.6206,0.0927,0.2371,15.1043,0.1094,ba3ac0edc4d49197,7
1128,C:\Users\lalad\OneDrive\Desktop\Pinterest-всякое\pin_1128_64a9859b1102.jpg,pin_1128_64a9859b1102.jpg,735,515,1.4272,landscape,123.544,127.934,125.449,0.4955,0.1248,0.2415,9.7217,0.1613,b4242a2281dfb9fb,8
1129,C:\Users\lalad\OneDrive\Desktop\Pinterest-всякое\pin_1129_2235cccf9702.jpg,pin_1129_2235cccf9702.jpg,541,540,1.0019,square-ish,190.367,167.697,139.499,0.6716,0.2667,0.1902,34.233,0.119,b7cc4d30ddcb3038,2
1130,C:\Users\lalad\OneDrive\Desktop\Pinterest-всякое\pin_1130_a875b7e0d3e4.jpg,pin_1130_a875b7e0d3e4.jpg,1200,1600,0.75,portrait,117.436,117.88,113.023,0.4596,0.0624,0.2171,9.8307,0.2395,d59d70780dc05af3,7
1131,C:\Users\lalad\OneDrive\Desktop\Pinterest-всякое\pin_1131_5244eec658db.jpg,pin_1131_5244eec658db.jpg,320,320,1.0,square-ish,50.268,51.845,44.807,0.1983,0.3593,0.2032,13.311,0.0887,a33aee904b5d5271,0
1132,C:\Users\lalad\OneDrive\Desktop\Pinterest-всякое\pin_1132_04ff9e836987.jpg,pin_1132_04ff9e836987.jpg,640,854,0.7494,portrait,134.472,105.51,65.673,0.4299,0.564,0.2076,49.6368,0.049,f887b59219f97103,4
1133,C:\Users\lalad\OneDrive\Desktop\Pinterest-всякое\pin_1133_52434e9cca2f.jpg,pin_1133_52434e9cca2f.jpg,470,470,1.0,square-ish,194.786,192.735,186.792,0.7559,0.0462,0.1437,5.8856,0.096,ace634e48fc39c98,11
1134,C:\Users\lalad\OneDrive\Desktop\Pinterest-всякое\pin_1134_ecbed6a41c61.jpg,pin_1134_ecbed6a41c61.jpg,468,655,0.7145,portrait,73.508,61.756,54.73,0.2529,0.2664,0.237,24.3364,0.0607,dc49377c0e996c25,1
1135,C:\Users\lalad\OneDrive\Desktop\Pinterest-всякое\pin_1135_e1e561716dc5.jpg,pin_1135_e1e561716dc5.jpg,483,604,0.7997,portrait,175.752,126.152,110.289,0.5458,0.3713,0.2436,67.4308,0.1751,ea5e2618a57398ab,10
1136,C:\Users\lalad\OneDrive\Desktop\Pinterest-всякое\pin_1136_5d311ca66371.jpg,pin_1136_5d311ca66371.jpg,736,804,0.9154,square-ish,200.62,200.775,200.92,0.7872,0.0319,0.3553,1.759,0.0933,afc8e830d627951b,3
1137,C:\Users\lalad\OneDrive\Desktop\Pinterest-всякое\pin_1137_69048f072e6a.jpg,pin_1137_69048f072e6a.jpg,1000,1047,0.9551,square-ish,156.057,151.554,147.017,0.5976,0.0742,0.2727,8.2527,0.0385,fa2ea5d093b1c4c6,5
1138,C:\Users\lalad\OneDrive\Desktop\Pinterest-всякое\pin_1138_08433ad585a2.jpg,pin_1138_08433ad585a2.jpg,2576,3712,0.694,portrait,139.185,67.885,79.366,0.355,0.5828,0.3091,80.5382,0.1111,904bea059f1a3737,4
1139,C:\Users\lalad\OneDrive\Desktop\Pinterest-всякое\pin_1139_12ed26908ddb.jpg,pin_1139_12ed26908ddb.jpg,536,540,0.9926,square-ish,128.628,137.84,121.809,0.5226,0.153,0.2036,22.0569,0.0144,b2c9cd25c985cf32,2
1140,C:\Users\lalad\OneDrive\Desktop\Pinterest-всякое\pin_1140_82a6a5d925b6.jpg,pin_1140_82a6a5d925b6.jpg,739,541,1.366,landscape,172.854,146.037,136.083,0.5997,0.329,0.2833,62.6827,0.197,8b63f7d58c880baa,10
1141,C:\Users\lalad\OneDrive\Desktop\Pinterest-всякое\pin_1141_6467baca7edd.jpg,pin_1141_6467baca7edd.jpg,615,977,0.6295,portrait,140.162,142.37,148.039,0.5583,0.2039,0.3078,42.095,0.1248,a88597183e6ccf93,7
1142,C:\Users\lalad\OneDrive\Desktop\Pinterest-всякое\pin_1142_8192c08f18bb.jpg,pin_1142_8192c08f18bb.jpg,564,569,0.9912,square-ish,178.518,178.16,173.592,0.6972,0.0746,0.2934,5.4724,0.0965,e3ec214a3393de4a,3
1143,C:\Users\lalad\OneDrive\Desktop\Pinterest-всякое\pin_1143_be4b5e85a370.jpg,pin_1143_be4b5e85a370.jpg,736,553,1.3309,landscape,80.621,67.801,61.638,0.2782,0.2783,0.2649,21.3991,0.0516,8c30e365ab64b9cd,1
1144,C:\Users\lalad\OneDrive\Desktop\Pinterest-всякое\pin_1144_047ee58ba33d.jpg,pin_1144_047ee58ba33d.jpg,735,1006,0.7306,portrait,215.001,200.917,194.123,0.8014,0.1466,0.2448,46.1913,0.1317,b01b84953e3bcbcc,3
1145,C:\Users\lalad\OneDrive\Desktop\Pinterest-всякое\pin_1145_27d75e549bc3.jpg,pin_1145_27d75e549bc3.jpg,1729,1945,0.8889,square-ish,125.549,118.518,137.352,0.4815,0.1961,0.3118,29.288,0.0991,81171e3363f4c4bd,5
1146,C:\Users\lalad\OneDrive\Desktop\Pinterest-всякое\pin_1146_6c40ae0a71ea.jpg,pin_1146_6c40ae0a71ea.jpg,554,644,0.8602,square-ish,77.86,81.721,139.4,0.3417,0.505,0.1606,63.1823,0.1325,b7c13af143f19864,4
1147,C:\Users\lalad\OneDrive\Desktop\Pinterest-всякое\pin_1147_ca91a1a05f33.jpg,pin_1147_ca91a1a05f33.jpg,1616,1080,1.4963,landscape,85.839,84.329,81.173,0.3312,0.1017,0.2801,10.4034,0.0908,f1c62fdc7c386111,1
1148,C:\Users\lalad\OneDrive\Desktop\Pinterest-всякое\pin_1148_de9e0fa0d6bc.jpg,pin_1148_de9e0fa0d6bc.jpg,1080,1080,1.0,square-ish,211.126,211.132,211.075,0.8279,0.0021,0.274,0.6519,0.1707,bd0583f096c9c3b6,3
1149,C:\Users\lalad\OneDrive\Desktop\Pinterest-всякое\pin_1149_262e2df35db1.png,pin_1149_262e2df35db1.png,1080,1085,0.9954,square-ish,108.012,80.356,85.011,0.3496,0.4366,0.2634,43.7626,0.0524,89556ea17721eb15,4
1150,C:\Users\lalad\OneDrive\Desktop\Pinterest-всякое\pin_1150_f71548c1213f.jpg,pin_1150_f71548c1213f.jpg,600,847,0.7084,portrait,203.791,202.697,199.501,0.7947,0.0588,0.317,10.4197,0.1236,ca4cad4995b69693,3
1151,C:\Users\lalad\OneDrive\Desktop\Pinterest-всякое\pin_1151_6c1a08917d61.jpg,pin_1151_6c1a08917d61.jpg,791,1119,0.7069,portrait,115.991,118.139,115.103,0.4594,0.1998,0.3855,21.362,0.1637,dce1828f77406c79,5
1152,C:\Users\lalad\OneDrive\Desktop\Pinterest-всякое\pin_1152_803e59deefec.jpg,pin_1152_803e59deefec.jpg,1080,1080,1.0,square-ish,210.775,209.697,207.738,0.8228,0.0333,0.2389,6.1946,0.0829,ac92d96e906db649,3
1153,C:\Users\lalad\OneDrive\Desktop\Pinterest-всякое\pin_1153_08dc92abc64a.jpg,pin_1153_08dc92abc64a.jpg,1618,1080,1.4981,landscape,176.496,151.153,94.672,0.5973,0.4492,0.1665,59.6011,0.042,d1c48c9326ef334d,10
1154,C:\Users\lalad\OneDrive\Desktop\Pinterest-всякое\pin_1154_6ea78cb1a89c.jpg,pin_1154_6ea78cb1a89c.jpg,736,980,0.751,portrait,187.274,162.365,175.625,0.6719,0.2245,0.2127,40.1963,0.0437,c4596fe5b8b410d6,2
1155,C:\Users\lalad\OneDrive\Desktop\Pinterest-всякое\pin_1155_afde403d584d.jpg,pin_1155_afde403d584d.jpg,500,483,1.0352,square-ish,150.652,155.934,158.315,0.6064,0.0745,0.2009,10.5357,0.0583,a86ad5e1da96c698,2
1156,C:\Users\lalad\OneDrive\Desktop\Pinterest-всякое\pin_1156_9d4f6f70f208.webp,pin_1156_9d4f6f70f208.webp,1200,1200,1.0,square-ish,180.143,63.482,49.872,0.3799,0.7315,0.1975,107.124,0.0934,c6913b1f6b2c3871,4
1157,C:\Users\lalad\OneDrive\Desktop\Pinterest-всякое\pin_1157_a13c579cd54d.jpg,pin_1157_a13c579cd54d.jpg,755,833,0.9064,square-ish,124.835,104.864,98.257,0.4317,0.2766,0.2706,23.2788,0.0528,c3bc5f562939a28a,1
1158,C:\Users\lalad\OneDrive\Desktop\Pinterest-всякое\pin_1158_dedf4cd12e8d.jpg,pin_1158_dedf4cd12e8d.jpg,720,948,0.7595,portrait,167.957,168.153,168.418,0.6593,0.1209,0.1992,44.7336,0.1089,bec907b668c82db1,7
1159,C:\Users\lalad\OneDrive\Desktop\Pinterest-всякое\pin_1159_0d2eea874d74.jpg,pin_1159_0d2eea874d74.jpg,517,680,0.7603,portrait,113.768,113.116,109.728,0.4429,0.0442,0.2898,4.4971,0.1201,9894bf788d13cf14,5
1160,C:\Users\lalad\OneDrive\Desktop\Pinterest-всякое\pin_1160_ec228831d926.jpg,pin_1160_ec228831d926.jpg,320,320,1.0,square-ish,184.974,180.591,165.923,0.7067,0.1737,0.151,19.1699,0.0501,828e5dff762032ac,2
1161,C:\Users\lalad\OneDrive\Desktop\Pinterest-всякое\pin_1161_eb667bc4bd22.jpg,pin_1161_eb667bc4bd22.jpg,647,862,0.7506,portrait,116.327,113.229,110.831,0.4466,0.0603,0.2453,4.558,0.1175,877b3c64d2132bc6,9
1162,C:\Users\lalad\OneDrive\Desktop\Pinterest-всякое\pin_1162_23fa487cebaa.jpg,pin_1162_23fa487cebaa.jpg,718,712,1.0084,square-ish,69.976,72.427,71.279,0.2806,0.3368,0.2742,28.4859,0.1633,ec7654cd820f0fd8,6
1163,C:\Users\lalad\OneDrive\Desktop\Pinterest-всякое\pin_1163_0a3a8e560614.jpg,pin_1163_0a3a8e560614.jpg,1080,1080,1.0,square-ish,39.912,40.117,40.006,0.1571,0.0067,0.2751,0.9831,0.094,ceb530f6cea138b0,1
1164,C:\Users\lalad\OneDrive\Desktop\Pinterest-всякое\pin_1164_0aeb402ab8b1.jpg,pin_1164_0aeb402ab8b1.jpg,3264,2448,1.3333,landscape,108.565,107.03,112.874,0.4241,0.1891,0.325,11.4086,0.1373,e1877441cea6a55d,8
1165,C:\Users\lalad\OneDrive\Desktop\Pinterest-всякое\pin_1165_ddf713271894.png,pin_1165_ddf713271894.png,1006,843,1.1934,square-ish,120.992,120.091,109.381,0.4673,0.3084,0.2428,50.4322,0.0909,d4e95e2720935bca,8
1166,C:\Users\lalad\OneDrive\Desktop\Pinterest-всякое\pin_1166_05e1adcd4e55.jpg,pin_1166_05e1adcd4e55.jpg,1200,675,1.7778,landscape,170.173,162.504,148.781,0.6401,0.149,0.2286,14.3882,0.1377,b0131ccf7760ce39,8
1167,C:\Users\lalad\OneDrive\Desktop\Pinterest-всякое\pin_1167_8791159804ce.jpg,pin_1167_8791159804ce.jpg,1242,852,1.4577,landscape,227.158,224.501,223.498,0.8831,0.0464,0.2629,20.5665,0.1092,8fe0f00f1fe0d1f0,11
1168,C:\Users\lalad\OneDrive\Desktop\Pinterest-всякое\pin_1168_7d157b6dc832.jpg,pin_1168_7d157b6dc832.jpg,1274,2048,0.6221,portrait,131.78,129.819,130.069,0.5115,0.1304,0.2706,25.8357,0.1083,9f8f315f988087c6,7
1169,C:\Users\lalad\OneDrive\Desktop\Pinterest-всякое\pin_1169_c8324d964427.jpg,pin_1169_c8324d964427.jpg,240,240,1.0,square-ish,126.139,129.814,136.777,0.508,0.234,0.2514,17.1488,0.0474,d68b6ea4a1b213da,2
1170,C:\Users\lalad\OneDrive\Desktop\Pinterest-всякое\pin_1170_b88a7580c7c1.jpg,pin_1170_b88a7580c7c1.jpg,1080,1620,0.6667,portrait,115.864,137.583,179.755,0.5329,0.383,0.2572,64.5691,0.1539,997067c7953c4ad1,7
1171,C:\Users\lalad\OneDrive\Desktop\Pinterest-всякое\pin_1171_8ccf7e00219e.jpg,pin_1171_8ccf7e00219e.jpg,1080,1368,0.7895,portrait,123.298,115.601,120.948,0.4648,0.1571,0.2723,26.3142,0.123,e8be9361e1f80a65,9
1172,C:\Users\lalad\OneDrive\Desktop\Pinterest-всякое\pin_1172_fec9a757f954.jpg,pin_1172_fec9a757f954.jpg,786,1200,0.655,portrait,133.382,127.389,119.305,0.5027,0.1351,0.2127,6.9913,0.106,e4cc163179ce3cf0,9
1173,C:\Users\lalad\OneDrive\Desktop\Pinterest-всякое\pin_1173_8abec15b6698.jpg,pin_1173_8abec15b6698.jpg,438,584,0.75,portrait,89.982,89.602,76.524,0.346,0.3107,0.249,18.5485,0.0833,94948ecf272f391a,9
1174,C:\Users\lalad\OneDrive\Desktop\Pinterest-всякое\pin_1174_64f8e341ef77.jpg,pin_1174_64f8e341ef77.jpg,750,750,1.0,square-ish,183.395,183.395,183.395,0.7192,0.0,0.1335,0.0,0.1398,d0d8f92fa5795850,11
1175,C:\Users\lalad\OneDrive\Desktop\Pinterest-всякое\pin_1175_d3a845066b2d.jpg,pin_1175_d3a845066b2d.jpg,720,732,0.9836,square-ish,189.491,194.578,191.251,0.7556,0.3103,0.2292,78.7272,0.0847,a6a089dfb265d8c3,10
1176,C:\Users\lalad\OneDrive\Desktop\Pinterest-всякое\pin_1176_55e2f34497dd.jpg,pin_1176_55e2f34497dd.jpg,407,500,0.814,portrait,164.995,152.515,143.521,0.6088,0.1354,0.1612,14.6529,0.0194,9036377ef86d4611,2
1177,C:\Users\lalad\OneDrive\Desktop\Pinterest-всякое\pin_1177_40fa15581f53.jpg,pin_1177_40fa15581f53.jpg,500,500,1.0,square-ish,93.026,53.163,62.912,0.2596,0.5838,0.2242,36.6532,0.0282,cee17390994e66b1,4
1178,C:\Users\lalad\OneDrive\Desktop\Pinterest-всякое\pin_1178_e32439b1b6f2.jpg,pin_1178_e32439b1b6f2.jpg,480,600,0.8,portrait,131.956,103.337,83.146,0.4298,0.4087,0.2297,30.4655,0.0928,c50a92871fdb8d59,9
1179,C:\Users\lalad\OneDrive\Desktop\Pinterest-всякое\pin_1179_9eccd4211fb4.jpg,pin_1179_9eccd4211fb4.jpg,1320,1650,0.8,portrait,138.275,130.686,127.518,0.52,0.2559,0.3823,42.7254,0.1466,feb4284f4f03c20f,5
1180,C:\Users\lalad\OneDrive\Desktop\Pinterest-всякое\pin_1180_e9ec8bd0b9cb.jpg,pin_1180_e9ec8bd0b9cb.jpg,668,1024,0.6523,portrait,157.599,140.518,125.615,0.5645,0.3742,0.3267,45.3005,0.0659,f2e2619c31d25bc5,5
1181,C:\Users\lalad\OneDrive\Desktop\Pinterest-всякое\pin_1181_cd08700ad1f5.jpg,pin_1181_cd08700ad1f5.jpg,720,720,1.0,square-ish,98.052,79.817,66.561,0.3285,0.4085,0.2638,46.869,0.0358,bdb94668e2ea4255,4
1182,C:\Users\lalad\OneDrive\Desktop\Pinterest-всякое\pin_1182_c6dcdfd2feb5.jpg,pin_1182_c6dcdfd2feb5.jpg,500,500,1.0,square-ish,140.759,134.65,127.258,0.5317,0.0985,0.251,10.3169,0.1803,918ccbe7d9867194,7
1183,C:\Users\lalad\OneDrive\Desktop\Pinterest-всякое\pin_1183_43f178a5095a.jpg,pin_1183_43f178a5095a.jpg,600,1200,0.5,portrait,163.325,153.684,134.316,0.6052,0.182,0.1904,33.0626,0.148,af87b098e6684fe0,7
1184,C:\Users\lalad\OneDrive\Desktop\Pinterest-всякое\pin_1184_4c1b90c45109.jpg,pin_1184_4c1b90c45109.jpg,710,800,0.8875,square-ish,50.551,87.365,128.521,0.3178,0.7209,0.258,66.4041,0.0756,81b9cacc55e3cc59,4
1185,C:\Users\lalad\OneDrive\Desktop\Pinterest-всякое\pin_1185_28d65937d68f.jpg,pin_1185_28d65937d68f.jpg,1206,1195,1.0092,square-ish,135.972,102.434,79.44,0.4307,0.3918,0.2063,66.0026,0.0715,dd97a6e24c724833,4
1186,C:\Users\lalad\OneDrive\Desktop\Pinterest-всякое\pin_1186_b86c71df466c.jpg,pin_1186_b86c71df466c.jpg,640,640,1.0,square-ish,92.369,91.398,93.881,0.3606,0.1108,0.2023,9.441,0.0647,97c07f8ab8f12634,1
1187,C:\Users\lalad\OneDrive\Desktop\Pinterest-всякое\pin_1187_e663bb348dc5.jpg,pin_1187_e663bb348dc5.jpg,736,736,1.0,square-ish,66.117,65.215,64.571,0.2565,0.3131,0.2967,25.4136,0.2004,cd3832a3d69e32d8,6
1188,C:\Users\lalad\OneDrive\Desktop\Pinterest-всякое\pin_1188_ba779d1be929.jpg,pin_1188_ba779d1be929.jpg,600,1200,0.5,portrait,132.406,119.786,110.792,0.4806,0.2265,0.2575,25.2805,0.0614,a6a59931c65673a3,9
1189,C:\Users\lalad\OneDrive\Desktop\Pinterest-всякое\pin_1189_be22a26efa28.jpg,pin_1189_be22a26efa28.jpg,948,986,0.9615,square-ish,98.199,99.591,100.741,0.3892,0.1113,0.3174,4.3289,0.1262,a92607969d403ff9,5
1190,C:\Users\lalad\OneDrive\Desktop\Pinterest-всякое\pin_1190_bda5f72316c3.jpg,pin_1190_bda5f72316c3.jpg,736,1308,0.5627,portrait,124.626,94.505,74.907,0.3972,0.461,0.3475,61.1343,0.0818,e9be1f2947511c43,9
1191,C:\Users\lalad\OneDrive\Desktop\Pinterest-всякое\pin_1191_0f519dc02f96.jpg,pin_1191_0f519dc02f96.jpg,3120,3120,1.0,square-ish,70.958,64.64,61.61,0.2596,0.1899,0.2001,11.5305,0.0354,91966465cb5adc4b,1
1192,C:\Users\lalad\OneDrive\Desktop\Pinterest-всякое\pin_1192_18920864dc72.jpg,pin_1192_18920864dc72.jpg,479,378,1.2672,landscape,151.151,135.021,115.105,0.5396,0.289,0.225,20.8101,0.037,bf80c0f96cbb1386,8
1193,C:\Users\lalad\OneDrive\Desktop\Pinterest-всякое\pin_1193_a0aa60143ddd.jpg,pin_1193_a0aa60143ddd.jpg,735,981,0.7492,portrait,146.036,87.061,97.653,0.4153,0.511,0.2719,58.2914,0.0342,bfb4e805a40be978,4
1194,C:\Users\lalad\OneDrive\Desktop\Pinterest-всякое\pin_1194_b34be403189d.jpg,pin_1194_b34be403189d.jpg,1080,1920,0.5625,portrait,63.682,55.586,50.4,0.2252,0.4227,0.2232,41.0776,0.2092,c3663b5da2d4881f,6
1195,C:\Users\lalad\OneDrive\Desktop\Pinterest-всякое\pin_1195_e4e5d4c7adee.jpg,pin_1195_e4e5d4c7adee.jpg,735,778,0.9447,square-ish,215.928,215.657,215.809,0.8462,0.003,0.265,0.7995,0.1649,d52ac5de9c45a256,3
1196,C:\Users\lalad\OneDrive\Desktop\Pinterest-всякое\pin_1196_f1a00056ac64.jpg,pin_1196_f1a00056ac64.jpg,290,290,1.0,square-ish,111.926,95.929,85.095,0.3901,0.4139,0.2303,46.5658,0.0959,ead09b93663c48da,4
1197,C:\Users\lalad\OneDrive\Desktop\Pinterest-всякое\pin_1197_b04558b17e7a.jpg,pin_1197_b04558b17e7a.jpg,736,736,1.0,square-ish,209.341,205.967,186.977,0.8031,0.117,0.166,10.223,0.1075,bebcb0e2c2630727,11
1198,C:\Users\lalad\OneDrive\Desktop\Pinterest-всякое\pin_1198_b47d0bcc63c1.jpg,pin_1198_b47d0bcc63c1.jpg,1224,1632,0.75,portrait,115.858,120.328,117.28,0.4653,0.2357,0.2471,29.7255,0.136,c264d6925557e3ca,9
1199,C:\Users\lalad\OneDrive\Desktop\Pinterest-всякое\pin_1199_7241f4d96361.jpg,pin_1199_7241f4d96361.jpg,736,552,1.3333,landscape,121.272,91.289,67.582,0.3826,0.5835,0.1647,44.0676,0.0688,cc11730f3cdc06e7,4
1200,C:\Users\lalad\OneDrive\Desktop\Pinterest-всякое\pin_1200_b47bf493bb2e.png,pin_1200_b47bf493bb2e.png,327,360,0.9083,square-ish,94.215,85.591,56.591,0.3328,0.4412,0.2372,42.5502,0.1059,c5bb3acc491b0b36,4
1201,C:\Users\lalad\OneDrive\Desktop\Pinterest-всякое\pin_1201_743978f97cc7.jpg,pin_1201_743978f97cc7.jpg,736,899,0.8187,portrait,94.954,92.335,91.385,0.3647,0.0669,0.1876,10.5162,0.0891,9b692d06ad3c72b1,1
1202,C:\Users\lalad\OneDrive\Desktop\Pinterest-всякое\pin_1202_bdb37d976385.jpg,pin_1202_bdb37d976385.jpg,1080,1440,0.75,portrait,97.736,85.606,97.47,0.3552,0.312,0.2223,35.1427,0.0623,d1b577c20f4e9017,9
1203,C:\Users\lalad\OneDrive\Desktop\Pinterest-всякое\pin_1203_0ff7f9bf0fb2.jpg,pin_1203_0ff7f9bf0fb2.jpg,591,612,0.9657,square-ish,89.561,79.732,82.996,0.3255,0.158,0.2254,19.157,0.047,80d5e66c4a587bcd,1
1204,C:\Users\lalad\OneDrive\Desktop\Pinterest-всякое\pin_1204_1a2f70112e1c.jpg,pin_1204_1a2f70112e1c.jpg,735,551,1.3339,landscape,208.973,191.428,194.608,0.7727,0.1477,0.2025,27.8582,0.0232,805a43caefa9a5b5,11
1205,C:\Users\lalad\OneDrive\Desktop\Pinterest-всякое\pin_1205_01af57fc4150.jpg,pin_1205_01af57fc4150.jpg,700,937,0.7471,portrait,58.082,50.386,44.078,0.2038,0.281,0.2009,24.445,0.0862,8b95662b4d649a9b,0
1206,C:\Users\lalad\OneDrive\Desktop\Pinterest-всякое\pin_1206_c73ba5d32aa6.jpg,pin_1206_c73ba5d32aa6.jpg,1080,1920,0.5625,portrait,76.452,69.017,65.496,0.2778,0.2216,0.2069,25.2989,0.1859,d84f22d12dd36e85,9
1207,C:\Users\lalad\OneDrive\Desktop\Pinterest-всякое\pin_1207_10a6e07e2cd3.jpg,pin_1207_10a6e07e2cd3.jpg,600,800,0.75,portrait,130.903,109.138,107.36,0.4527,0.3034,0.2917,32.6598,0.0966,e9e3220ff682c68e,9
1208,C:\Users\lalad\OneDrive\Desktop\Pinterest-всякое\pin_1208_4c658b588fd1.jpg,pin_1208_4c658b588fd1.jpg,736,683,1.0776,square-ish,127.011,114.445,99.738,0.457,0.2665,0.2057,29.9054,0.0208,e39c73351a2ac4d5,1
1209,C:\Users\lalad\OneDrive\Desktop\Pinterest-всякое\pin_1209_cb9be2dd6672.jpg,pin_1209_cb9be2dd6672.jpg,500,658,0.7599,portrait,191.593,173.111,182.391,0.7047,0.1563,0.2352,30.8758,0.0719,c34f584abd3d291c,2
1210,C:\Users\lalad\OneDrive\Desktop\Pinterest-всякое\pin_1210_e5b3897e5d76.jpg,pin_1210_e5b3897e5d76.jpg,736,1308,0.5627,portrait,56.477,46.869,49.45,0.1962,0.3994,0.2126,15.3496,0.1386,d2c12b3e742c5db2,0
1211,C:\Users\lalad\OneDrive\Desktop\Pinterest-всякое\pin_1211_119d8874d0c4.jpg,pin_1211_119d8874d0c4.jpg,1195,1494,0.7999,portrait,148.11,126.263,117.731,0.517,0.3803,0.2402,39.9598,0.0653,fc78a1419bc64c9b,2
1212,C:\Users\lalad\OneDrive\Desktop\Pinterest-всякое\pin_1212_12909288d744.jpg,pin_1212_12909288d744.jpg,734,550,1.3345,landscape,181.002,167.945,160.453,0.6707,0.1338,0.2534,13.8065,0.1041,e827d2c6da89349b,3
1213,C:\Users\lalad\OneDrive\Desktop\Pinterest-всякое\pin_1213_b7b86e8e7737.jpg,pin_1213_b7b86e8e7737.jpg,736,1308,0.5627,portrait,44.938,42.866,41.833,0.1698,0.125,0.1657,21.5603,0.0988,90921a9f0f674fd2,0
1214,C:\Users\lalad\OneDrive\Desktop\Pinterest-всякое\pin_1214_da7011183082.jpg,pin_1214_da7011183082.jpg,640,640,1.0,square-ish,103.185,93.048,90.587,0.3756,0.2228,0.2935,18.8666,0.031,e9e12736e1855e98,1
1215,C:\Users\lalad\OneDrive\Desktop\Pinterest-всякое\pin_1215_5fa29cbe0905.jpg,pin_1215_5fa29cbe0905.jpg,375,458,0.8188,portrait,116.182,121.544,115.869,0.4678,0.1342,0.2135,16.5388,0.1409,b9302765560dc7b6,7
1216,C:\Users\lalad\OneDrive\Desktop\Pinterest-всякое\pin_1216_e9d901c03f7e.jpg,pin_1216_e9d901c03f7e.jpg,1266,1638,0.7729,portrait,46.878,56.006,61.572,0.2114,0.4138,0.2403,23.8846,0.1275,dc9cb8033d867be0,0
1217,C:\Users\lalad\OneDrive\Desktop\Pinterest-всякое\pin_1217_de3510114428.jpg,pin_1217_de3510114428.jpg,1018,1061,0.9595,square-ish,113.041,91.109,70.007,0.3736,0.3119,0.2423,51.1688,0.0455,ada5336b38cda618,1
1218,C:\Users\lalad\OneDrive\Desktop\Pinterest-всякое\pin_1218_1e1400021581.jpg,pin_1218_1e1400021581.jpg,512,512,1.0,square-ish,188.299,95.827,74.217,0.4745,0.6195,0.1713,80.6892,0.0076,807f6689565f6907,4
1219,C:\Users\lalad\OneDrive\Desktop\Pinterest-всякое\pin_1219_fc3659c50a96.jpg,pin_1219_fc3659c50a96.jpg,500,667,0.7496,portrait,242.323,242.323,242.323,0.9503,0.0,0.1634,0.0,0.0536,be4bc190786e1b35,11
1220,C:\Users\lalad\OneDrive\Desktop\Pinterest-всякое\pin_1220_ebd9ef821515.jpg,pin_1220_ebd9ef821515.jpg,576,675,0.8533,square-ish,87.133,76.525,86.517,0.3169,0.4107,0.2118,48.0431,0.1045,85965cc973787a31,4
1221,C:\Users\lalad\OneDrive\Desktop\Pinterest-всякое\pin_1221_2f11af65947e.jpg,pin_1221_2f11af65947e.jpg,400,400,1.0,square-ish,62.348,48.305,37.363,0.2011,0.4191,0.1419,22.6663,0.0279,b6e50b2ca1997f88,0
1222,C:\Users\lalad\OneDrive\Desktop\Pinterest-всякое\pin_1222_9fe05c2a05d9.jpg,pin_1222_9fe05c2a05d9.jpg,1600,1600,1.0,square-ish,217.108,203.673,202.759,0.8141,0.1098,0.2715,34.5368,0.0624,ba3e97c7c6c481c4,3
1223,C:\Users\lalad\OneDrive\Desktop\Pinterest-всякое\pin_1223_a6456a590157.jpg,pin_1223_a6456a590157.jpg,720,1360,0.5294,portrait,192.225,196.46,190.614,0.7628,0.1346,0.3457,19.38,0.0644,ab6a96c495963ce8,3
1224,C:\Users\lalad\OneDrive\Desktop\Pinterest-всякое\pin_1224_ece78eb4f95d.jpg,pin_1224_ece78eb4f95d.jpg,750,562,1.3345,landscape,48.272,47.179,44.738,0.1853,0.148,0.2141,21.8239,0.0943,dd7366e512cc91c8,1
1225,C:\Users\lalad\OneDrive\Desktop\Pinterest-всякое\pin_1225_126b73235c40.jpg,pin_1225_126b73235c40.jpg,736,736,1.0,square-ish,46.834,44.773,40.965,0.1767,0.18,0.1756,10.0548,0.0327,9b81e47c985c66e6,0
1226,C:\Users\lalad\OneDrive\Desktop\Pinterest-всякое\pin_1226_1f46bac37990.jpg,pin_1226_1f46bac37990.jpg,600,400,1.5,landscape,99.212,88.614,42.147,0.3392,0.6719,0.2041,67.9233,0.0636,b62db13b650abb50,4
1227,C:\Users\lalad\OneDrive\Desktop\Pinterest-всякое\pin_1227_ab62e6c3381e.jpg,pin_1227_ab62e6c3381e.jpg,2095,3724,0.5626,portrait,209.597,199.414,186.171,0.788,0.1122,0.039,15.0103,0.0027,d0d002c54cdc5fdf,11
1228,C:\Users\lalad\OneDrive\Desktop\Pinterest-всякое\pin_1228_b7c67c72f1f5.jpg,pin_1228_b7c67c72f1f5.jpg,736,753,0.9774,square-ish,169.497,163.375,162.899,0.6476,0.1643,0.378,32.7006,0.1585,b3dc8b013463dad6,5
1229,C:\Users\lalad\OneDrive\Desktop\Pinterest-всякое\pin_1229_fb6e11c29952.jpg,pin_1229_fb6e11c29952.jpg,726,1017,0.7139,portrait,128.12,117.075,107.088,0.4676,0.232,0.2424,32.9503,0.1822,8b54cbf02fb0ce8c,7
1230,C:\Users\lalad\OneDrive\Desktop\Pinterest-всякое\pin_1230_5b512df119d7.jpg,pin_1230_5b512df119d7.jpg,1080,809,1.335,landscape,158.335,162.161,153.552,0.6277,0.0628,0.1816,8.4621,0.0913,b6e4989b59a14e66,2
1231,C:\Users\lalad\OneDrive\Desktop\Pinterest-всякое\pin_1231_b255014ef59b.jpg,pin_1231_b255014ef59b.jpg,720,911,0.7903,portrait,154.24,107.38,81.542,0.4647,0.4379,0.2769,94.1939,0.107,99224cce39a7f05e,10
1232,C:\Users\lalad\OneDrive\Desktop\Pinterest-всякое\pin_1232_6d47e2174265.jpg,pin_1232_6d47e2174265.jpg,750,1056,0.7102,portrait,162.693,166.492,139.364,0.6364,0.2074,0.2844,22.7545,0.1966,824f3f7c34e46d48,7
1233,C:\Users\lalad\OneDrive\Desktop\Pinterest-всякое\pin_1233_3dc865bb5a9a.jpg,pin_1233_3dc865bb5a9a.jpg,652,640,1.0188,square-ish,162.66,147.605,128.667,0.5881,0.3021,0.3618,39.5606,0.1045,86ae4c645b6e7c4c,5
1234,C:\Users\lalad\OneDrive\Desktop\Pinterest-всякое\pin_1234_135c44daa3a8.png,pin_1234_135c44daa3a8.png,1024,1536,0.6667,portrait,105.473,103.81,105.995,0.41,0.1617,0.2479,18.5122,0.081,864e5cc7cfd22c4c,9
1235,C:\Users\lalad\OneDrive\Desktop\Pinterest-всякое\pin_1235_350f2e9a5839.jpg,pin_1235_350f2e9a5839.jpg,736,736,1.0,square-ish,82.986,79.253,79.673,0.3153,0.1665,0.2949,8.4497,0.1188,9772ec34aac085eb,1
1236,C:\Users\lalad\OneDrive\Desktop\Pinterest-всякое\pin_1236_165ef5546098.jpg,pin_1236_165ef5546098.jpg,793,793,1.0,square-ish,76.612,59.868,55.762,0.2527,0.2956,0.2362,34.0827,0.0435,d82765986f3d24c3,1
1237,C:\Users\lalad\OneDrive\Desktop\Pinterest-всякое\pin_1237_6dd211e275c5.jpg,pin_1237_6dd211e275c5.jpg,1000,1498,0.6676,portrait,125.538,105.234,84.836,0.4274,0.357,0.1814,30.4457,0.1289,f87cdc8371cc1722,9
1238,C:\Users\lalad\OneDrive\Desktop\Pinterest-всякое\pin_1238_86e881c4b33f.webp,pin_1238_86e881c4b33f.webp,800,800,1.0,square-ish,166.156,146.097,117.948,0.5837,0.3234,0.1633,28.7838,0.0278,dbe464d8a403739b,2
1239,C:\Users\lalad\OneDrive\Desktop\Pinterest-всякое\pin_1239_14dec216e68b.jpg,pin_1239_14dec216e68b.jpg,1170,1566,0.7471,portrait,41.443,46.851,51.312,0.1795,0.3785,0.2028,11.2213,0.0795,f8f8666a51d48c99,0
1240,C:\Users\lalad\OneDrive\Desktop\Pinterest-всякое\pin_1240_298809eb5a0b.jpg,pin_1240_298809eb5a0b.jpg,297,528,0.5625,portrait,170.989,142.718,136.257,0.5899,0.3248,0.3014,57.9818,0.0645,abd4816b3c7c92a3,7
1241,C:\Users\lalad\OneDrive\Desktop\Pinterest-всякое\pin_1241_eef441f3cda9.jpg,pin_1241_eef441f3cda9.jpg,590,590,1.0,square-ish,96.02,91.247,89.705,0.3627,0.3252,0.3001,30.4183,0.0489,dd8f7024347236f8,1
1242,C:\Users\lalad\OneDrive\Desktop\Pinterest-всякое\pin_1242_585254d1ffa6.jpg,pin_1242_585254d1ffa6.jpg,768,1115,0.6888,portrait,145.765,113.752,90.976,0.4734,0.3979,0.2375,39.1154,0.1254,8a16a7755623bd54,9
1243,C:\Users\lalad\OneDrive\Desktop\Pinterest-всякое\pin_1243_c07337d65791.gif,pin_1243_c07337d65791.gif,564,422,1.3365,landscape,132.542,117.76,93.908,0.4685,0.3373,0.2443,34.0916,0.0284,9913636cb4a696da,8
1244,C:\Users\lalad\OneDrive\Desktop\Pinterest-всякое\pin_1244_2311ee583eca.jpg,pin_1244_2311ee583eca.jpg,720,1177,0.6117,portrait,94.696,93.035,83.735,0.3626,0.3233,0.2496,29.9451,0.1069,91b127c9c94edce8,9
1245,C:\Users\lalad\OneDrive\Desktop\Pinterest-всякое\pin_1245_00052c69ab85.jpg,pin_1245_00052c69ab85.jpg,1000,1000,1.0,square-ish,153.653,126.567,81.039,0.5078,0.4972,0.2285,56.2477,0.1604,b35a5c0c7e692535,10
1246,C:\Users\lalad\OneDrive\Desktop\Pinterest-всякое\pin_1246_1647db861291.jpg,pin_1246_1647db861291.jpg,2448,2448,1.0,square-ish,89.327,70.414,71.8,0.299,0.2873,0.1799,22.6815,0.0411,faaa6551b8b54564,1
1247,C:\Users\lalad\OneDrive\Desktop\Pinterest-всякое\pin_1247_1591b4ca3dda.jpg,pin_1247_1591b4ca3dda.jpg,490,509,0.9627,square-ish,132.754,110.225,84.789,0.4473,0.4709,0.2333,43.4039,0.1006,c26860737f99998b,4
1248,C:\Users\lalad\OneDrive\Desktop\Pinterest-всякое\pin_1248_16c1eddaaeb6.jpg,pin_1248_16c1eddaaeb6.jpg,1170,1896,0.6171,portrait,147.952,129.263,111.874,0.5211,0.3091,0.2782,26.1762,0.0901,eb9ec1e3858994d4,9
1249,C:\Users\lalad\OneDrive\Desktop\Pinterest-всякое\pin_1249_6c3d7aa2b7f0.jpg,pin_1249_6c3d7aa2b7f0.jpg,736,552,1.3333,landscape,118.158,79.024,59.47,0.347,0.5327,0.1759,41.5374,0.0591,801e57a96a65bbcc,4
1250,C:\Users\lalad\OneDrive\Desktop\Pinterest-всякое\pin_1250_17682be573f8.jpg,pin_1250_17682be573f8.jpg,406,600,0.6767,portrait,113.939,106.386,104.377,0.4252,0.2797,0.2871,25.6006,0.0819,8d2dc272ff467842,9
1251,C:\Users\lalad\OneDrive\Desktop\Pinterest-всякое\pin_1251_3202670deb36.jpg,pin_1251_3202670deb36.jpg,744,992,0.75,portrait,78.475,74.854,61.651,0.2919,0.3612,0.2532,32.974,0.0815,b5a5df5894b69490,9
1252,C:\Users\lalad\OneDrive\Desktop\Pinterest-всякое\pin_1252_ae9dd4ee62ee.jpg,pin_1252_ae9dd4ee62ee.jpg,736,736,1.0,square-ish,39.661,47.179,58.41,0.1812,0.3675,0.0867,17.3166,0.0325,9972ca89b6a68bc9,0
1253,C:\Users\lalad\OneDrive\Desktop\Pinterest-всякое\pin_1253_f1bf104c83e5.jpg,pin_1253_f1bf104c83e5.jpg,736,736,1.0,square-ish,54.759,68.533,98.621,0.2661,0.4822,0.1801,38.7298,0.0516,9d23129e69a552bb,0
1254,C:\Users\lalad\OneDrive\Desktop\Pinterest-всякое\pin_1254_80bc9817016a.jpg,pin_1254_80bc9817016a.jpg,274,257,1.0661,square-ish,195.311,184.944,178.677,0.7346,0.1054,0.1813,14.4906,0.0382,a2dcc9237698d867,11
1255,C:\Users\lalad\OneDrive\Desktop\Pinterest-всякое\pin_1255_191680b6d202.jpg,pin_1255_191680b6d202.jpg,2560,3680,0.6957,portrait,94.131,85.98,83.96,0.3458,0.2289,0.2782,12.531,0.0758,e8e967078de14707,9
1256,C:\Users\lalad\OneDrive\Desktop\Pinterest-всякое\pin_1256_33a69f2b12da.jpg,pin_1256_33a69f2b12da.jpg,720,720,1.0,square-ish,90.86,79.764,69.219,0.3211,0.3574,0.1974,36.7877,0.0573,9ab4f9ad74c6a092,1
1257,C:\Users\lalad\OneDrive\Desktop\Pinterest-всякое\pin_1257_35d3dd911520.jpg,pin_1257_35d3dd911520.jpg,736,736,1.0,square-ish,182.87,159.918,148.868,0.6491,0.2176,0.2154,35.5464,0.1121,e453072aec5b6e89,2
1258,C:\Users\lalad\OneDrive\Desktop\Pinterest-всякое\pin_1258_62d9b2fa0914.jpg,pin_1258_62d9b2fa0914.jpg,640,640,1.0,square-ish,130.77,125.211,123.552,0.4967,0.1071,0.284,17.9373,0.048,c51ae6199bc50e3b,5
1259,C:\Users\lalad\OneDrive\Desktop\Pinterest-всякое\pin_1259_189f7a25cc55.jpg,pin_1259_189f7a25cc55.jpg,3264,2448,1.3333,landscape,174.588,169.068,168.185,0.6691,0.1035,0.2163,18.3597,0.2201,e8649ac9729b926b,7
1260,C:\Users\lalad\OneDrive\Desktop\Pinterest-всякое\pin_1260_369dad70f38c.jpg,pin_1260_369dad70f38c.jpg,1080,1920,0.5625,portrait,138.192,96.775,78.612,0.42,0.5852,0.2821,81.4882,0.076,b735dec1c058847d,4
1261,C:\Users\lalad\OneDrive\Desktop\Pinterest-всякое\pin_1261_19575d8a6c00.jpg,pin_1261_19575d8a6c00.jpg,3264,2448,1.3333,landscape,108.419,99.443,81.032,0.3923,0.4646,0.257,55.4457,0.1879,9213ce23d782f8cd,6
1262,C:\Users\lalad\OneDrive\Desktop\Pinterest-всякое\pin_1262_1a5d13699213.jpg,pin_1262_1a5d13699213.jpg,901,1200,0.7508,portrait,106.827,116.746,103.807,0.4404,0.2581,0.2511,29.3496,0.1607,f1a6b53d3494d642,9
1263,C:\Users\lalad\OneDrive\Desktop\Pinterest-всякое\pin_1263_3d250da12dfe.jpg,pin_1263_3d250da12dfe.jpg,1008,1287,0.7832,portrait,127.421,90.287,89.105,0.3971,0.4052,0.256,77.5771,0.0605,a93aafb915624c6c,4
1264,C:\Users\lalad\OneDrive\Desktop\Pinterest-всякое\pin_1264_1aabe4f1c71a.jpg,pin_1264_1aabe4f1c71a.jpg,1280,1280,1.0,square-ish,131.784,132.969,131.485,0.5193,0.0262,0.3435,2.9739,0.076,b1d649074ed99d49,5
1265,C:\Users\lalad\OneDrive\Desktop\Pinterest-всякое\pin_1265_5b1faa6849a5.jpg,pin_1265_5b1faa6849a5.jpg,736,748,0.984,square-ish,122.167,168.898,170.398,0.6082,0.4224,0.2096,95.885,0.1442,85816b1f335a6f61,10
1266,C:\Users\lalad\OneDrive\Desktop\Pinterest-всякое\pin_1266_1bb25f34638e.jpg,pin_1266_1bb25f34638e.jpg,1200,1200,1.0,square-ish,137.399,131.397,116.766,0.5158,0.2824,0.201,33.0286,0.1419,b62f28785ac6c3b8,7
1267,C:\Users\lalad\OneDrive\Desktop\Pinterest-всякое\pin_1267_3f8f977a2543.jpg,pin_1267_3f8f977a2543.jpg,720,720,1.0,square-ish,224.867,220.116,210.517,0.8645,0.1098,0.2897,24.2521,0.058,aef5c3267c099d60,3
1268,C:\Users\lalad\OneDrive\Desktop\Pinterest-всякое\pin_1268_0316f93a194b.jpg,pin_1268_0316f93a194b.jpg,1348,2048,0.6582,portrait,98.149,83.371,73.998,0.3401,0.271,0.2019,30.4797,0.0888,c82e3405239b77f9,9
1269,C:\Users\lalad\OneDrive\Desktop\Pinterest-всякое\pin_1269_cfb8640fbef5.jpg,pin_1269_cfb8640fbef5.jpg,720,571,1.2609,landscape,128.69,102.703,87.693,0.4266,0.3885,0.2346,44.4465,0.0773,aa39956a0778c33e,8
1270,C:\Users\lalad\OneDrive\Desktop\Pinterest-всякое\pin_1270_8a49357dd421.jpg,pin_1270_8a49357dd421.jpg,1200,1200,1.0,square-ish,167.622,166.188,166.285,0.6534,0.0304,0.3117,7.0739,0.0703,b8e2c36c94c96796,3
1271,C:\Users\lalad\OneDrive\Desktop\Pinterest-всякое\pin_1271_40f6e7aa1c38.png,pin_1271_40f6e7aa1c38.png,1280,1229,1.0415,square-ish,112.642,105.153,101.616,0.4195,0.1725,0.2979,40.8047,0.061,e51ae40cbec18c3f,1
1272,C:\Users\lalad\OneDrive\Desktop\Pinterest-всякое\pin_1272_298612f55e86.jpg,pin_1272_298612f55e86.jpg,220,220,1.0,square-ish,86.624,108.338,125.257,0.407,0.3467,0.2274,34.5347,0.0634,b62649b56dda0596,1
1273,C:\Users\lalad\OneDrive\Desktop\Pinterest-всякое\pin_1273_64dd384813bb.jpg,pin_1273_64dd384813bb.jpg,1080,1620,0.6667,portrait,184.99,166.599,154.113,0.6694,0.2133,0.2789,31.5358,0.0963,bfd8e229d602e331,7
1274,C:\Users\lalad\OneDrive\Desktop\Pinterest-всякое\pin_1274_3e2b51b2b611.jpg,pin_1274_3e2b51b2b611.jpg,560,800,0.7,portrait,107.815,99.107,91.535,0.3955,0.181,0.1469,27.9752,0.0064,9691696912b6d9e9,1
1275,C:\Users\lalad\OneDrive\Desktop\Pinterest-всякое\pin_1275_44304bee0ac3.png,pin_1275_44304bee0ac3.png,1773,2364,0.75,portrait,187.341,166.057,163.082,0.6748,0.1373,0.1691,23.7388,0.0993,be34c099c9cc6537,2
1276,C:\Users\lalad\OneDrive\Desktop\Pinterest-всякое\pin_1276_5a7ceb8caef0.jpg,pin_1276_5a7ceb8caef0.jpg,435,737,0.5902,portrait,89.731,89.226,91.008,0.3513,0.228,0.2436,48.1525,0.156,b2c5d327a71a98cc,9
1277,C:\Users\lalad\OneDrive\Desktop\Pinterest-всякое\pin_1277_4566bba07a35.jpg,pin_1277_4566bba07a35.jpg,500,450,1.1111,square-ish,176.22,138.667,123.893,0.5812,0.3417,0.1759,53.442,0.0874,f1c42637a8739768,2
1278,C:\Users\lalad\OneDrive\Desktop\Pinterest-всякое\pin_1278_1daa5aaf8aa7.jpg,pin_1278_1daa5aaf8aa7.jpg,720,720,1.0,square-ish,154.853,112.55,72.51,0.4731,0.5212,0.2114,55.3977,0.0734,c2606d9d11c73ef1,4
1279,C:\Users\lalad\OneDrive\Desktop\Pinterest-всякое\pin_1279_53bcd76734e9.jpg,pin_1279_53bcd76734e9.jpg,735,729,1.0082,square-ish,73.242,63.249,76.959,0.2658,0.3589,0.1955,32.7413,0.023,9bbad25046296b6e,0
1280,C:\Users\lalad\OneDrive\Desktop\Pinterest-всякое\pin_1280_1db9d1fe137b.jpg,pin_1280_1db9d1fe137b.jpg,1080,1920,0.5625,portrait,117.796,112.889,102.617,0.4438,0.1908,0.2522,15.9077,0.1364,a94af6a6dd989a12,9
1281,C:\Users\lalad\OneDrive\Desktop\Pinterest-всякое\pin_1281_46de20976b67.jpg,pin_1281_46de20976b67.jpg,720,720,1.0,square-ish,149.2,149.815,139.133,0.5821,0.1127,0.1789,13.2268,0.1007,eb92a59aca2d4e16,2
1282,C:\Users\lalad\OneDrive\Desktop\Pinterest-всякое\pin_1282_bc74d04503c5.jpg,pin_1282_bc74d04503c5.jpg,757,609,1.243,landscape,141.155,133.032,128.449,0.529,0.1,0.3256,15.7366,0.0641,b985062985b67c7d,5
1283,C:\Users\lalad\OneDrive\Desktop\Pinterest-всякое\pin_1283_09d7c822e954.png,pin_1283_09d7c822e954.png,1152,2048,0.5625,portrait,68.134,64.496,56.262,0.2535,0.1285,0.2743,21.8831,0.07,8dd227485e65c2b7,9
1284,C:\Users\lalad\OneDrive\Desktop\Pinterest-всякое\pin_1284_6e26239c69e7.jpg,pin_1284_6e26239c69e7.jpg,604,543,1.1123,square-ish,78.343,123.682,149.11,0.4432,0.4653,0.178,97.5347,0.0882,85da751e30ede807,10
1285,C:\Users\lalad\OneDrive\Desktop\Pinterest-всякое\pin_1285_2218a4502329.jpg,pin_1285_2218a4502329.jpg,735,1086,0.6768,portrait,132.853,118.986,97.884,0.4735,0.3492,0.2739,38.2708,0.0846,fa68a57192e54d8c,9
1286,C:\Users\lalad\OneDrive\Desktop\Pinterest-всякое\pin_1286_1f6e18e4bad4.jpg,pin_1286_1f6e18e4bad4.jpg,945,1396,0.6769,portrait,74.171,70.781,65.369,0.2791,0.1563,0.2826,21.2723,0.0514,9c6c619aa632bb33,9
1287,C:\Users\lalad\OneDrive\Desktop\Pinterest-всякое\pin_1287_4b622e1cbbe6.jpg,pin_1287_4b622e1cbbe6.jpg,1284,1436,0.8942,square-ish,122.311,110.513,99.639,0.4426,0.1898,0.1422,16.3274,0.0373,e6a6989c0f61d9d1,1
1288,C:\Users\lalad\OneDrive\Desktop\Pinterest-всякое\pin_1288_422ac930ab28.jpg,pin_1288_422ac930ab28.jpg,736,723,1.018,square-ish,119.292,109.456,105.957,0.4392,0.2037,0.3625,18.3925,0.0394,fcb4027bbe90da48,5
1289,C:\Users\lalad\OneDrive\Desktop\Pinterest-всякое\pin_1289_caeb80c5514c.jpg,pin_1289_caeb80c5514c.jpg,1080,1920,0.5625,portrait,166.248,145.578,131.718,0.5889,0.2398,0.2499,24.0423,0.0396,a9349d64c6919e6d,2
1290,C:\Users\lalad\OneDrive\Desktop\Pinterest-всякое\pin_1290_1ff5977f2572.jpg,pin_1290_1ff5977f2572.jpg,720,960,0.75,portrait,205.839,199.045,194.346,0.7864,0.0871,0.2989,20.8202,0.0758,e89297da4b25c66c,3
1291,C:\Users\lalad\OneDrive\Desktop\Pinterest-всякое\pin_1291_e1870752c04c.jpg,pin_1291_e1870752c04c.jpg,1170,1101,1.0627,square-ish,115.882,110.219,104.392,0.4362,0.1771,0.2274,20.1645,0.0742,b0f0d8a987435ef4,1
1292,C:\Users\lalad\OneDrive\Desktop\Pinterest-всякое\pin_1292_4e8e2d89aa76.jpg,pin_1292_4e8e2d89aa76.jpg,400,400,1.0,square-ish,64.371,55.184,45.788,0.223,0.3971,0.1611,29.9595,0.0341,b9b1e66486de2661,0
1293,C:\Users\lalad\OneDrive\Desktop\Pinterest-всякое\pin_1293_b85125c5a9f3.jpg,pin_1293_b85125c5a9f3.jpg,848,714,1.1877,square-ish,142.23,143.002,147.26,0.5619,0.2076,0.2581,17.5466,0.0791,d32d26b43210fbe5,8
1294,C:\Users\lalad\OneDrive\Desktop\Pinterest-всякое\pin_1294_98fb607c9a51.jpg,pin_1294_98fb607c9a51.jpg,1436,1440,0.9972,square-ish,99.335,75.583,75.471,0.3242,0.2898,0.2215,36.5386,0.0571,dd7f7230a28e9870,1
1295,C:\Users\lalad\OneDrive\Desktop\Pinterest-всякое\pin_1295_9c9127127ccd.png,pin_1295_9c9127127ccd.png,736,736,1.0,square-ish,226.631,185.615,195.914,0.7806,0.1827,0.0923,32.9016,0.0645,f8dac146c7b53491,11
1296,C:\Users\lalad\OneDrive\Desktop\Pinterest-всякое\pin_1296_554c329f2d0c.jpg,pin_1296_554c329f2d0c.jpg,480,640,0.75,portrait,110.151,110.805,118.122,0.437,0.1177,0.2865,9.8724,0.0413,d6d7699c9a4a5898,5
1297,C:\Users\lalad\OneDrive\Desktop\Pinterest-всякое\pin_1297_50c5e1224646.jpg,pin_1297_50c5e1224646.jpg,715,676,1.0577,square-ish,125.095,112.637,103.923,0.4524,0.3025,0.2507,24.4666,0.0365,ee67aa688518d399,1
1298,C:\Users\lalad\OneDrive\Desktop\Pinterest-всякое\pin_1298_21afd91b7bee.jpg,pin_1298_21afd91b7bee.jpg,736,736,1.0,square-ish,77.766,69.584,64.306,0.2801,0.4369,0.3069,20.6478,0.0467,c7cd3c273e123331,1
1299,C:\Users\lalad\OneDrive\Desktop\Pinterest-всякое\pin_1299_ed9c24c68ef4.jpg,pin_1299_ed9c24c68ef4.jpg,736,820,0.8976,square-ish,185.223,150.301,108.948,0.6119,0.3944,0.161,100.6416,0.0429,edf083be906d6185,10
1300,C:\Users\lalad\OneDrive\Desktop\Pinterest-всякое\pin_1300_f8120d4d3730.jpg,pin_1300_f8120d4d3730.jpg,736,981,0.7503,portrait,114.384,118.052,120.387,0.4597,0.1199,0.1598,14.384,0.1814,e139dc2cb3c82cf2,7
1301,C:\Users\lalad\OneDrive\Desktop\Pinterest-всякое\pin_1301_7d83fc645a68.jpg,pin_1301_7d83fc645a68.jpg,736,736,1.0,square-ish,137.192,113.744,95.281,0.4653,0.3575,0.1896,32.6565,0.055,fafa08a2e49b9859,1
1302,C:\Users\lalad\OneDrive\Desktop\Pinterest-всякое\pin_1302_be47339ea2e7.jpg,pin_1302_be47339ea2e7.jpg,540,700,0.7714,portrait,79.686,72.471,82.546,0.2972,0.3602,0.217,32.3723,0.0569,a9f483278466d9f4,1
1303,C:\Users\lalad\OneDrive\Desktop\Pinterest-всякое\pin_1303_f6c91bc704f1.jpg,pin_1303_f6c91bc704f1.jpg,473,712,0.6643,portrait,189.274,164.115,136.317,0.6607,0.2918,0.187,53.7866,0.0619,eed5d89b94640c93,2
1304,C:\Users\lalad\OneDrive\Desktop\Pinterest-всякое\pin_1304_4a392e538c99.jpg,pin_1304_4a392e538c99.jpg,1449,1431,1.0126,square-ish,60.963,57.208,59.089,0.2296,0.4566,0.2219,30.016,0.0647,db9b7424ae2024fd,0
1305,C:\Users\lalad\OneDrive\Desktop\Pinterest-всякое\pin_1305_49f46a3b6dc7.jpg,pin_1305_49f46a3b6dc7.jpg,736,552,1.3333,landscape,171.125,138.684,111.931,0.5699,0.3906,0.1639,46.7208,0.0909,cd4b5a342d5b31c3,8
1306,C:\Users\lalad\OneDrive\Desktop\Pinterest-всякое\pin_1306_551bd3fa300d.jpg,pin_1306_551bd3fa300d.jpg,229,226,1.0133,square-ish,73.984,55.585,57.392,0.2404,0.3728,0.165,21.4648,0.0348,c3426d3d93b3382e,0
1307,C:\Users\lalad\OneDrive\Desktop\Pinterest-всякое\pin_1307_248aafddf433.jpg,pin_1307_248aafddf433.jpg,736,736,1.0,square-ish,107.869,100.842,96.337,0.4014,0.1144,0.1632,8.8575,0.0595,c0a1d1983c7ebc6d,1
1308,C:\Users\lalad\OneDrive\Desktop\Pinterest-всякое\pin_1308_25718da4f96d.jpg,pin_1308_25718da4f96d.jpg,960,960,1.0,square-ish,148.263,127.198,122.341,0.5213,0.2373,0.2842,27.921,0.0744,ec3ee134b3713134,5
1309,C:\Users\lalad\OneDrive\Desktop\Pinterest-всякое\pin_1309_165843702fb3.jpg,pin_1309_165843702fb3.jpg,736,1202,0.6123,portrait,156.482,143.46,137.929,0.5754,0.1891,0.2512,24.0863,0.068,da4b6c858e365333,2
1310,C:\Users\lalad\OneDrive\Desktop\Pinterest-всякое\pin_1310_a1624b0cc384.jpg,pin_1310_a1624b0cc384.jpg,736,981,0.7503,portrait,84.0,77.732,70.062,0.3087,0.2043,0.2812,17.4492,0.0546,986973e6788d9e48,1
1311,C:\Users\lalad\OneDrive\Desktop\Pinterest-всякое\pin_1311_5870db75324f.png,pin_1311_5870db75324f.png,275,304,0.9046,square-ish,142.43,202.133,154.074,0.7017,0.4016,0.0559,46.3608,0.0078,a38c9cf3cacc3133,2
1312,C:\Users\lalad\OneDrive\Desktop\Pinterest-всякое\pin_1312_044003ee5146.jpg,pin_1312_044003ee5146.jpg,480,600,0.8,portrait,116.832,108.439,94.751,0.4289,0.3231,0.344,28.4269,0.0473,96dde864e2c1c1e3,5
1313,C:\Users\lalad\OneDrive\Desktop\Pinterest-всякое\pin_1313_8cab08ba01dd.jpg,pin_1313_8cab08ba01dd.jpg,750,638,1.1755,square-ish,106.992,85.288,71.441,0.3537,0.3664,0.1315,31.3097,0.0215,cf3ac23a6c2b9833,1
1314,C:\Users\lalad\OneDrive\Desktop\Pinterest-всякое\pin_1314_27068bf3685a.jpg,pin_1314_27068bf3685a.jpg,1278,1278,1.0,square-ish,84.744,73.433,75.759,0.3022,0.2134,0.261,17.1363,0.0709,89aa898bdc5c75ca,1
1315,C:\Users\lalad\OneDrive\Desktop\Pinterest-всякое\pin_1315_baa18ddf7af2.jpg,pin_1315_baa18ddf7af2.jpg,735,577,1.2738,landscape,107.992,113.079,120.526,0.4409,0.2619,0.2389,18.0451,0.0653,de2968346793699a,8
1316,C:\Users\lalad\OneDrive\Desktop\Pinterest-всякое\pin_1316_27aeebb5f9ef.jpg,pin_1316_27aeebb5f9ef.jpg,1080,1440,0.75,portrait,125.782,112.351,111.643,0.456,0.1342,0.121,13.7505,0.0591,cd8a7033dc88cf72,2
1317,C:\Users\lalad\OneDrive\Desktop\Pinterest-всякое\pin_1317_62efde987501.jpg,pin_1317_62efde987501.jpg,1195,1010,1.1832,square-ish,109.056,120.817,122.41,0.4607,0.3738,0.2992,24.1743,0.0627,d6096c96a1923bfa,8
1318,C:\Users\lalad\OneDrive\Desktop\Pinterest-всякое\pin_1318_7954b6e7b639.jpg,pin_1318_7954b6e7b639.jpg,444,690,0.6435,portrait,117.068,103.778,95.058,0.4186,0.1888,0.3121,36.8001,0.0987,816856a721f35e9d,9
1319,C:\Users\lalad\OneDrive\Desktop\Pinterest-всякое\pin_1319_fc974d882dba.png,pin_1319_fc974d882dba.png,498,499,0.998,square-ish,152.677,134.543,143.998,0.5531,0.1969,0.1531,29.3198,0.0461,ed30d24f2f386991,2
1320,C:\Users\lalad\OneDrive\Desktop\Pinterest-всякое\pin_1320_87250f5fdcda.jpg,pin_1320_87250f5fdcda.jpg,736,920,0.8,portrait,45.466,38.66,37.758,0.1591,0.1841,0.1658,15.1658,0.0604,ae9071fd8446f6a2,0
1321,C:\Users\lalad\OneDrive\Desktop\Pinterest-всякое\pin_1321_6e25d1f8a8c4.jpg,pin_1321_6e25d1f8a8c4.jpg,1080,1065,1.0141,square-ish,167.172,132.793,136.154,0.5625,0.3034,0.2621,28.624,0.0234,fb4c8421d3360edb,2
1322,C:\Users\lalad\OneDrive\Desktop\Pinterest-всякое\pin_1322_2b99077f9346.jpg,pin_1322_2b99077f9346.jpg,2560,1920,1.3333,landscape,105.53,116.462,124.297,0.4474,0.2226,0.2385,20.2723,0.1231,e18556e6d5da9823,8
1323,C:\Users\lalad\OneDrive\Desktop\Pinterest-всякое\pin_1323_fad22833c4e8.jpg,pin_1323_fad22833c4e8.jpg,736,736,1.0,square-ish,207.776,172.036,172.644,0.7169,0.2179,0.1718,37.4749,0.0236,d831e0c6c6bb719c,2
1324,C:\Users\lalad\OneDrive\Desktop\Pinterest-всякое\pin_1324_d61861459665.jpg,pin_1324_d61861459665.jpg,640,640,1.0,square-ish,94.155,86.368,78.285,0.3442,0.2995,0.1798,28.0914,0.0709,d4e9c385bdb93406,1
1325,C:\Users\lalad\OneDrive\Desktop\Pinterest-всякое\pin_1325_674cfa1d93bf.jpg,pin_1325_674cfa1d93bf.jpg,1079,975,1.1067,square-ish,81.033,79.841,97.55,0.3224,0.4364,0.1367,49.1176,0.0458,b2a0cb979178dc69,4
1326,C:\Users\lalad\OneDrive\Desktop\Pinterest-всякое\pin_1326_b3fb4f1fa7fb.jpg,pin_1326_b3fb4f1fa7fb.jpg,541,879,0.6155,portrait,123.554,117.874,115.713,0.4679,0.057,0.3665,14.2925,0.053,f88c1eca2b7d2925,5
1327,C:\Users\lalad\OneDrive\Desktop\Pinterest-всякое\pin_1327_b7f4a45534d6.jpg,pin_1327_b7f4a45534d6.jpg,474,474,1.0,square-ish,170.316,143.398,127.89,0.587,0.3603,0.2542,41.3506,0.0621,f43ac1639c47391e,2
1328,C:\Users\lalad\OneDrive\Desktop\Pinterest-всякое\pin_1328_6a134f17f214.png,pin_1328_6a134f17f214.png,1536,2048,0.75,portrait,215.862,221.997,232.373,0.8691,0.1026,0.1443,17.002,0.0498,b8c79630691a37cd,11
1329,C:\Users\lalad\OneDrive\Desktop\Pinterest-всякое\pin_1329_984ade77fbc7.jpg,pin_1329_984ade77fbc7.jpg,736,736,1.0,square-ish,99.116,91.949,87.332,0.3669,0.2503,0.2358,22.0303,0.0483,dc7e267378a3700c,1
1330,C:\Users\lalad\OneDrive\Desktop\Pinterest-всякое\pin_1330_82b3a9d2e0f8.jpg,pin_1330_82b3a9d2e0f8.jpg,736,736,1.0,square-ish,11.702,12.599,13.364,0.0486,0.1393,0.0952,3.6855,0.026,ce4e7131f2338cc6,0
1331,C:\Users\lalad\OneDrive\Desktop\Pinterest-всякое\pin_1331_decfd613f4aa.jpg,pin_1331_decfd613f4aa.jpg,1179,981,1.2018,square-ish,208.878,204.421,195.317,0.803,0.146,0.2844,34.3381,0.0422,b9ccc6331ec8924f,3
1332,C:\Users\lalad\OneDrive\Desktop\Pinterest-всякое\pin_1332_2fab2c102c44.jpg,pin_1332_2fab2c102c44.jpg,1280,958,1.3361,landscape,114.515,107.31,104.156,0.428,0.1326,0.3199,17.077,0.0489,a6cd3938aed829d2,5
1333,C:\Users\lalad\OneDrive\Desktop\Pinterest-всякое\pin_1333_6cc5adc84b39.jpg,pin_1333_6cc5adc84b39.jpg,1080,1920,0.5625,portrait,175.618,161.674,144.675,0.6427,0.1964,0.2069,24.1409,0.0938,b4554ea8818f9b9b,7
1334,C:\Users\lalad\OneDrive\Desktop\Pinterest-всякое\pin_1334_fbafb6ff4aa1.jpg,pin_1334_fbafb6ff4aa1.jpg,1017,1518,0.67,portrait,123.371,114.399,103.211,0.4542,0.2664,0.2652,28.7327,0.1038,90cb6edb393c9611,9
1335,C:\Users\lalad\OneDrive\Desktop\Pinterest-всякое\pin_1335_abfa703e901c.jpg,pin_1335_abfa703e901c.jpg,676,649,1.0416,square-ish,129.628,119.492,119.353,0.4805,0.1693,0.279,32.5469,0.0537,e51ae6089bc5263f,5
1336,C:\Users\lalad\OneDrive\Desktop\Pinterest-всякое\pin_1336_31024095fd0f.jpg,pin_1336_31024095fd0f.jpg,1440,1432,1.0056,square-ish,146.503,152.566,161.488,0.5952,0.138,0.2523,21.5819,0.0711,a0f5824ede80bf2d,2
1337,C:\Users\lalad\OneDrive\Desktop\Pinterest-всякое\pin_1337_6dd0071ae2ed.png,pin_1337_6dd0071ae2ed.png,389,478,0.8138,portrait,138.102,128.781,119.821,0.512,0.1146,0.3221,19.9731,0.0526,85a453e641d77f42,5
1338,C:\Users\lalad\OneDrive\Desktop\Pinterest-всякое\pin_1338_319cc0058b6e.jpg,pin_1338_319cc0058b6e.jpg,1280,1003,1.2762,landscape,78.323,70.931,64.381,0.284,0.2666,0.2541,16.7609,0.0511,dbcdae0762311e0e,1
1339,C:\Users\lalad\OneDrive\Desktop\Pinterest-всякое\pin_1339_7019ad87d330.jpg,pin_1339_7019ad87d330.jpg,1079,1084,0.9954,square-ish,151.725,87.878,89.168,0.42,0.4406,0.1554,72.7942,0.0299,c19f36f019c53b62,4
1340,C:\Users\lalad\OneDrive\Desktop\Pinterest-всякое\pin_1340_f3605f0b1699.jpg,pin_1340_f3605f0b1699.jpg,750,915,0.8197,portrait,170.469,153.427,128.967,0.6109,0.2564,0.2023,26.2625,0.0397,b9e6c69e39984319,2
1341,C:\Users\lalad\OneDrive\Desktop\Pinterest-всякое\pin_1341_57af5ad509d4.jpg,pin_1341_57af5ad509d4.jpg,550,369,1.4905,landscape,103.835,72.901,50.418,0.3121,0.5479,0.1595,37.879,0.0586,ffc76264916229a9,4
1342,C:\Users\lalad\OneDrive\Desktop\Pinterest-всякое\pin_1342_d7fb74ea3817.jpg,pin_1342_d7fb74ea3817.jpg,736,1003,0.7338,portrait,87.332,78.691,75.124,0.3171,0.2102,0.2871,20.3735,0.0952,c3918d6c7c4e36a3,9
1343,C:\Users\lalad\OneDrive\Desktop\Pinterest-всякое\pin_1343_7299b76afec8.jpg,pin_1343_7299b76afec8.jpg,637,718,0.8872,square-ish,202.152,160.87,124.671,0.6631,0.3882,0.1892,58.5386,0.0403,d78709df36786019,2
1344,C:\Users\lalad\OneDrive\Desktop\Pinterest-всякое\pin_1344_5dd2023cf83c.jpg,pin_1344_5dd2023cf83c.jpg,564,705,0.8,portrait,77.03,70.296,69.666,0.2833,0.2111,0.1803,14.2229,0.1477,992673f1cbe00cd3,9
1345,C:\Users\lalad\OneDrive\Desktop\Pinterest-всякое\pin_1345_75494a3adc49.jpg,pin_1345_75494a3adc49.jpg,640,1136,0.5634,portrait,177.758,153.596,129.088,0.6198,0.2895,0.1341,31.8673,0.0451,e589b2e69b912726,2
1346,C:\Users\lalad\OneDrive\Desktop\Pinterest-всякое\pin_1346_88965add6eb4.jpg,pin_1346_88965add6eb4.jpg,736,1104,0.6667,portrait,110.877,87.949,64.468,0.3613,0.3808,0.2413,46.3076,0.0702,c039e3671e3971c6,9
1347,C:\Users\lalad\OneDrive\Desktop\Pinterest-всякое\pin_1347_7b3317f305ec.jpg,pin_1347_7b3317f305ec.jpg,1632,1224,1.3333,landscape,157.319,149.09,139.508,0.59,0.1248,0.1717,13.6315,0.0357,bdf7c036870b9a24,2
1348,C:\Users\lalad\OneDrive\Desktop\Pinterest-всякое\pin_1348_d32047236df3.jpg,pin_1348_d32047236df3.jpg,749,1120,0.6687,portrait,62.143,48.491,30.012,0.198,0.5384,0.1445,28.9362,0.0404,b09a2d6d64929d79,0
1349,C:\Users\lalad\OneDrive\Desktop\Pinterest-всякое\pin_1349_7c77265821b2.jpg,pin_1349_7c77265821b2.jpg,1290,1373,0.9395,square-ish,132.233,118.573,112.509,0.4784,0.2359,0.278,26.7833,0.0519,f4d7df8183d0483c,5
1350,C:\Users\lalad\OneDrive\Desktop\Pinterest-всякое\pin_1350_3413846dd038.jpg,pin_1350_3413846dd038.jpg,392,513,0.7641,portrait,95.271,99.978,110.197,0.3911,0.1571,0.2189,28.1105,0.0907,8b999575c86e5e84,9
1351,C:\Users\lalad\OneDrive\Desktop\Pinterest-всякое\pin_1351_3ab0b243e13e.jpg,pin_1351_3ab0b243e13e.jpg,1170,746,1.5684,landscape,91.913,80.972,84.422,0.3319,0.3721,0.1752,20.5014,0.0342,eef5969461d14664,1
1352,C:\Users\lalad\OneDrive\Desktop\Pinterest-всякое\pin_1352_34a04242f978.jpg,pin_1352_34a04242f978.jpg,2000,3000,0.6667,portrait,144.812,125.615,105.109,0.5059,0.2984,0.2989,43.9211,0.0739,f068833f797207cc,9
1353,C:\Users\lalad\OneDrive\Desktop\Pinterest-всякое\pin_1353_8e016f8561eb.jpg,pin_1353_8e016f8561eb.jpg,1179,1156,1.0199,square-ish,143.944,135.814,126.139,0.5378,0.1841,0.252,31.9634,0.0479,a107800f1e97fcdb,2
1354,C:\Users\lalad\OneDrive\Desktop\Pinterest-всякое\pin_1354_34a42388506b.jpg,pin_1354_34a42388506b.jpg,956,1280,0.7469,portrait,51.162,46.36,39.236,0.1843,0.2964,0.1799,18.2564,0.0668,b9901a4a4f6d5d56,0
1355,C:\Users\lalad\OneDrive\Desktop\Pinterest-всякое\pin_1355_db31caae242c.jpg,pin_1355_db31caae242c.jpg,1080,1074,1.0056,square-ish,116.458,95.21,75.316,0.3894,0.4323,0.2032,29.7555,0.0676,9c96b3c4d8d96ce0,1
1356,C:\Users\lalad\OneDrive\Desktop\Pinterest-всякое\pin_1356_83b2304f7ab4.jpg,pin_1356_83b2304f7ab4.jpg,260,266,0.9774,square-ish,127.424,111.0,133.414,0.4646,0.3508,0.3473,37.7369,0.1549,8931e48a4f651fcd,6
1357,C:\Users\lalad\OneDrive\Desktop\Pinterest-всякое\pin_1357_85b07fe14cf7.jpg,pin_1357_85b07fe14cf7.jpg,1170,1184,0.9882,square-ish,109.457,85.417,93.274,0.3667,0.4104,0.164,52.5347,0.0459,b3b0c89781798ce7,4
1358,C:\Users\lalad\OneDrive\Desktop\Pinterest-всякое\pin_1358_7c0d6e2238af.jpg,pin_1358_7c0d6e2238af.jpg,398,927,0.4293,portrait,162.243,153.179,150.037,0.6099,0.1232,0.2405,14.8603,0.1158,e713aeb85010f87b,7
1359,C:\Users\lalad\OneDrive\Desktop\Pinterest-всякое\pin_1359_897217d346de.jpg,pin_1359_897217d346de.jpg,1416,1062,1.3333,landscape,75.076,79.707,83.483,0.3088,0.274,0.2884,28.4644,0.0189,99989ece4e474783,1
1360,C:\Users\lalad\OneDrive\Desktop\Pinterest-всякое\pin_1360_394cedfdcb7b.jpg,pin_1360_394cedfdcb7b.jpg,1368,2048,0.668,portrait,76.265,48.294,25.368,0.2119,0.6807,0.1473,43.1273,0.0499,93dc951b2c7348e5,0
1361,C:\Users\lalad\OneDrive\Desktop\Pinterest-всякое\pin_1361_577f35a6d2a9.jpg,pin_1361_577f35a6d2a9.jpg,736,981,0.7503,portrait,130.523,127.133,120.607,0.4996,0.1587,0.2826,17.1538,0.039,9ef0c5844b397e94,5
1362,C:\Users\lalad\OneDrive\Desktop\Pinterest-всякое\pin_1362_943e9710ac7a.jpg,pin_1362_943e9710ac7a.jpg,1224,1632,0.75,portrait,108.634,103.442,96.924,0.4088,0.1967,0.2526,21.7345,0.0672,91bee30e132d64b6,9
1363,C:\Users\lalad\OneDrive\Desktop\Pinterest-всякое\pin_1363_4bb6df875a22.jpg,pin_1363_4bb6df875a22.jpg,564,711,0.7932,portrait,119.833,117.339,112.779,0.461,0.1293,0.1751,14.93,0.04,95cacae33434e43b,2
1364,C:\Users\lalad\OneDrive\Desktop\Pinterest-всякое\pin_1364_f11ec8bbf3bf.jpg,pin_1364_f11ec8bbf3bf.jpg,736,711,1.0352,square-ish,52.378,48.245,48.309,0.1941,0.2172,0.2088,11.679,0.0367,c8232fe09ece613d,0
1365,C:\Users\lalad\OneDrive\Desktop\Pinterest-всякое\pin_1365_8a43b6a19649.jpg,pin_1365_8a43b6a19649.jpg,320,569,0.5624,portrait,156.218,126.28,69.857,0.5051,0.5273,0.213,83.5613,0.1031,b021a7df9e986079,10
1366,C:\Users\lalad\OneDrive\Desktop\Pinterest-всякое\pin_1366_3af13ec4eceb.jpg,pin_1366_3af13ec4eceb.jpg,1199,1798,0.6669,portrait,191.392,169.548,157.246,0.6849,0.1868,0.1103,32.3962,0.0845,a8688726366e6737,2
1367,C:\Users\lalad\OneDrive\Desktop\Pinterest-всякое\pin_1367_e92697914ffc.jpg,pin_1367_e92697914ffc.jpg,1028,935,1.0995,square-ish,217.085,208.606,190.177,0.8198,0.1505,0.2025,32.358,0.0175,fac49167d6299871,11
1368,C:\Users\lalad\OneDrive\Desktop\Pinterest-всякое\pin_1368_01e2d6a6d489.jpg,pin_1368_01e2d6a6d489.jpg,960,1200,0.8,portrait,77.424,55.681,44.825,0.239,0.4308,0.1358,31.0566,0.1014,c3de98307823f761,0
1369,C:\Users\lalad\OneDrive\Desktop\Pinterest-всякое\pin_1369_8da2d4453cf7.jpg,pin_1369_8da2d4453cf7.jpg,909,1200,0.7575,portrait,124.403,122.197,119.421,0.4807,0.1192,0.1816,30.6414,0.042,a3d7cde180a8b2b6,2
1370,C:\Users\lalad\OneDrive\Desktop\Pinterest-всякое\pin_1370_4e6cfdf2f91b.jpg,pin_1370_4e6cfdf2f91b.jpg,595,501,1.1876,square-ish,126.782,111.967,91.052,0.447,0.3037,0.2235,33.9001,0.0875,bda0827ed8742e1d,8
1371,C:\Users\lalad\OneDrive\Desktop\Pinterest-всякое\pin_1371_3bbfec47c61a.jpg,pin_1371_3bbfec47c61a.jpg,604,604,1.0,square-ish,164.46,146.875,133.276,0.5905,0.2421,0.2225,34.301,0.1354,b8a25d548eac2eb6,7
1372,C:\Users\lalad\OneDrive\Desktop\Pinterest-всякое\pin_1372_4815e88a9573.jpg,pin_1372_4815e88a9573.jpg,500,500,1.0,square-ish,169.929,140.467,130.656,0.581,0.2552,0.1915,31.7323,0.0576,808f1fc67dc86371,2
1373,C:\Users\lalad\OneDrive\Desktop\Pinterest-всякое\pin_1373_0c2c17b91c50.jpg,pin_1373_0c2c17b91c50.jpg,736,736,1.0,square-ish,145.036,115.556,92.891,0.4776,0.4023,0.1621,31.8952,0.0806,8566b63f891c2c73,2
1374,C:\Users\lalad\OneDrive\Desktop\Pinterest-всякое\pin_1374_0def6b8139f3.jpg,pin_1374_0def6b8139f3.jpg,563,662,0.8505,square-ish,54.086,56.068,58.223,0.2185,0.492,0.1995,25.5206,0.048,ab1bf11bd29912a9,0
1375,C:\Users\lalad\OneDrive\Desktop\Pinterest-всякое\pin_1375_3f0f93e24bad.jpg,pin_1375_3f0f93e24bad.jpg,1200,1200,1.0,square-ish,75.803,75.803,75.803,0.2973,0.0,0.3297,0.0,0.1482,cb5930e7c3996782,5
1376,C:\Users\lalad\OneDrive\Desktop\Pinterest-всякое\pin_1376_578861fc7720.jpg,pin_1376_578861fc7720.jpg,736,974,0.7556,portrait,126.828,106.22,102.105,0.4389,0.2747,0.2843,52.2887,0.0635,df63b0cdc2994e81,9
1377,C:\Users\lalad\OneDrive\Desktop\Pinterest-всякое\pin_1377_98abb67c16cc.jpg,pin_1377_98abb67c16cc.jpg,675,900,0.75,portrait,152.217,140.711,126.964,0.5591,0.202,0.2359,21.2747,0.1298,b11b87a5dcd3c889,7
1378,C:\Users\lalad\OneDrive\Desktop\Pinterest-всякое\pin_1378_d96e922395ed.gif,pin_1378_d96e922395ed.gif,268,310,0.8645,square-ish,75.679,44.638,38.306,0.2086,0.6383,0.2669,65.0113,0.0716,9c62bb39669433cc,4
1379,C:\Users\lalad\OneDrive\Desktop\Pinterest-всякое\pin_1379_9937815fbbc3.jpg,pin_1379_9937815fbbc3.jpg,892,1200,0.7433,portrait,140.586,133.039,112.409,0.5214,0.3087,0.2552,25.9749,0.0618,a9995a365a352787,9
1380,C:\Users\lalad\OneDrive\Desktop\Pinterest-всякое\pin_1380_42713298b9a9.jpg,pin_1380_42713298b9a9.jpg,240,320,0.75,portrait,138.768,126.137,102.877,0.4991,0.4442,0.387,42.5272,0.0896,f475e95443a15af0,5
1381,C:\Users\lalad\OneDrive\Desktop\Pinterest-всякое\pin_1381_9a7100a2b906.jpg,pin_1381_9a7100a2b906.jpg,736,981,0.7503,portrait,123.588,111.555,103.035,0.4477,0.2005,0.2209,31.9099,0.0524,ea7a769584994175,9
1382,C:\Users\lalad\OneDrive\Desktop\Pinterest-всякое\pin_1382_d14738848205.jpg,pin_1382_d14738848205.jpg,736,1308,0.5627,portrait,107.562,93.548,89.348,0.3814,0.1702,0.2491,29.3716,0.1081,bb6ef1e6f4908083,9
1383,C:\Users\lalad\OneDrive\Desktop\Pinterest-всякое\pin_1383_9b40c8677bcf.jpg,pin_1383_9b40c8677bcf.jpg,256,256,1.0,square-ish,138.203,108.395,84.933,0.4496,0.461,0.2682,55.3745,0.0825,b670c137cd0fc923,4
1384,C:\Users\lalad\OneDrive\Desktop\Pinterest-всякое\pin_1384_44b8442e58b9.jpg,pin_1384_44b8442e58b9.jpg,1224,1632,0.75,portrait,163.52,160.595,159.524,0.6328,0.0885,0.282,9.5906,0.1894,e79cda231b556426,7
1385,C:\Users\lalad\OneDrive\Desktop\Pinterest-всякое\pin_1385_5bd6b42f03ac.jpg,pin_1385_5bd6b42f03ac.jpg,675,1200,0.5625,portrait,122.942,167.804,141.428,0.5936,0.5698,0.1475,97.5305,0.0587,9b0247e7b81b3cf0,10
1386,C:\Users\lalad\OneDrive\Desktop\Pinterest-всякое\pin_1386_77709cf3c449.jpg,pin_1386_77709cf3c449.jpg,675,1200,0.5625,portrait,182.976,182.976,182.976,0.7176,0.0,0.405,0.0,0.1268,bd8299c986d8331f,3
1387,C:\Users\lalad\OneDrive\Desktop\Pinterest-всякое\pin_1387_6dc2c119d98f.jpg,pin_1387_6dc2c119d98f.jpg,675,1200,0.5625,portrait,187.468,162.126,161.907,0.6654,0.1853,0.1829,24.9186,0.0473,b8a648c9f6382f17,2
1388,C:\Users\lalad\OneDrive\Desktop\Pinterest-всякое\pin_1388_d4bf18fcca7d.jpg,pin_1388_d4bf18fcca7d.jpg,640,960,0.6667,portrait,95.699,103.331,66.345,0.3797,0.5129,0.1406,44.1531,0.0691,c8c8bfb4c88b3635,4
1389,C:\Users\lalad\OneDrive\Desktop\Pinterest-всякое\pin_1389_9cfb47775625.jpg,pin_1389_9cfb47775625.jpg,1127,1840,0.6125,portrait,126.302,116.053,113.796,0.4661,0.2153,0.2548,31.386,0.1093,bff2e9c280854b8d,9
1390,C:\Users\lalad\OneDrive\Desktop\Pinterest-всякое\pin_1390_474d18c2c9bc.jpg,pin_1390_474d18c2c9bc.jpg,1040,1200,0.8667,square-ish,89.948,91.285,97.126,0.359,0.265,0.1661,19.3815,0.0886,964d23d6989fecc0,1
1391,C:\Users\lalad\OneDrive\Desktop\Pinterest-всякое\pin_1391_9d8ffa73b19b.jpg,pin_1391_9d8ffa73b19b.jpg,1440,1314,1.0959,square-ish,173.949,157.737,137.162,0.6284,0.2398,0.1558,44.3235,0.0489,a411cfce3eb4a623,2
1392,C:\Users\lalad\OneDrive\Desktop\Pinterest-всякое\pin_1392_49a40b7bfeb8.jpg,pin_1392_49a40b7bfeb8.jpg,930,1280,0.7266,portrait,144.048,136.776,134.02,0.5437,0.1041,0.3417,15.003,0.046,f88fa65333699cc0,5
1393,C:\Users\lalad\OneDrive\Desktop\Pinterest-всякое\pin_1393_2648c63723d5.jpg,pin_1393_2648c63723d5.jpg,655,873,0.7503,portrait,96.859,101.372,100.856,0.392,0.4692,0.267,44.4604,0.0592,f8bed8c52948d0d5,9
1394,C:\Users\lalad\OneDrive\Desktop\Pinterest-всякое\pin_1394_9e95984bfbe5.jpg,pin_1394_9e95984bfbe5.jpg,1320,1195,1.1046,square-ish,184.611,154.086,115.257,0.6227,0.3926,0.1868,40.5477,0.0538,e3d814e50b6bda32,2
1395,C:\Users\lalad\OneDrive\Desktop\Pinterest-всякое\pin_1395_d3d1bd129dc3.jpg,pin_1395_d3d1bd129dc3.jpg,736,1315,0.5597,portrait,117.656,62.498,50.907,0.3046,0.5546,0.1492,79.7577,0.0458,833d7c42e3171f98,4
1396,C:\Users\lalad\OneDrive\Desktop\Pinterest-всякое\pin_1396_a73d5da05ac9.jpg,pin_1396_a73d5da05ac9.jpg,480,445,1.0787,square-ish,52.845,57.349,52.106,0.2173,0.3893,0.2487,16.8652,0.065,ababa6a490c4e4fa,1
1397,C:\Users\lalad\OneDrive\Desktop\Pinterest-всякое\pin_1397_4ba1d29d7e9e.jpg,pin_1397_4ba1d29d7e9e.jpg,1324,1736,0.7627,portrait,109.724,81.647,49.827,0.3389,0.5815,0.1751,63.8827,0.0714,ad90dac8d179a5a3,4
1398,C:\Users\lalad\OneDrive\Desktop\Pinterest-всякое\pin_1398_4c2f20681b2d.jpg,pin_1398_4c2f20681b2d.jpg,555,555,1.0,square-ish,30.901,24.489,31.011,0.1064,0.5434,0.1703,16.8443,0.0309,96964ab4caabb54a,0
1399,C:\Users\lalad\OneDrive\Desktop\Pinterest-всякое\pin_1399_a4dce8acf93c.png,pin_1399_a4dce8acf93c.png,517,469,1.1023,square-ish,100.46,84.334,79.43,0.3474,0.2182,0.3276,41.6718,0.0913,c5c00cd78bde311f,1
1400,C:\Users\lalad\OneDrive\Desktop\Pinterest-всякое\pin_1400_4db13a33cbff.jpg,pin_1400_4db13a33cbff.jpg,1279,2119,0.6036,portrait,131.75,119.27,111.453,0.4789,0.1987,0.2173,17.4949,0.1047,a9c68d2dc893f09b,9
1401,C:\Users\lalad\OneDrive\Desktop\Pinterest-всякое\pin_1401_4e1e99309104.jpg,pin_1401_4e1e99309104.jpg,1078,1078,1.0,square-ish,177.522,151.781,145.116,0.6224,0.205,0.3125,29.9884,0.0389,c2c06bd3c91e2f2e,5
1402,C:\Users\lalad\OneDrive\Desktop\Pinterest-всякое\pin_1402_d7b00baa6691.jpg,pin_1402_d7b00baa6691.jpg,735,611,1.2029,square-ish,137.482,133.855,135.509,0.5299,0.2029,0.2325,21.3063,0.0463,c48d6ecea1b2339a,8
1403,C:\Users\lalad\OneDrive\Desktop\Pinterest-всякое\pin_1403_149e128f2f2a.jpg,pin_1403_149e128f2f2a.jpg,500,746,0.6702,portrait,136.662,132.718,133.208,0.5253,0.1339,0.286,17.3612,0.0566,b47f98b4e0ba38a1,5
1404,C:\Users\lalad\OneDrive\Desktop\Pinterest-всякое\pin_1404_4ec9be02fd9f.jpg,pin_1404_4ec9be02fd9f.jpg,1280,1707,0.7499,portrait,223.543,223.543,223.543,0.8766,0.0,0.1195,0.0,0.1164,fb82d4a9d5c21257,11
1405,C:\Users\lalad\OneDrive\Desktop\Pinterest-всякое\pin_1405_a98098f7769f.jpg,pin_1405_a98098f7769f.jpg,1256,1651,0.7608,portrait,150.849,145.237,149.823,0.5781,0.1704,0.2467,20.5972,0.0596,c82db650e3cbcd46,2
1406,C:\Users\lalad\OneDrive\Desktop\Pinterest-всякое\pin_1406_4f5a29cbd298.jpg,pin_1406_4f5a29cbd298.jpg,839,1268,0.6617,portrait,143.776,135.767,122.624,0.5359,0.1728,0.1538,21.6349,0.0669,e1355692399cddc8,2
1407,C:\Users\lalad\OneDrive\Desktop\Pinterest-всякое\pin_1407_aa830a5ae32d.jpg,pin_1407_aa830a5ae32d.jpg,1080,1005,1.0746,square-ish,149.741,134.968,97.413,0.5298,0.3953,0.2244,73.8407,0.0996,b03c8745d9472f1b,10
1408,C:\Users\lalad\OneDrive\Desktop\Pinterest-всякое\pin_1408_ac693ddc295b.jpg,pin_1408_ac693ddc295b.jpg,1170,1519,0.7702,portrait,68.657,58.626,42.497,0.2344,0.3931,0.1785,30.8897,0.0426,a9d2d2cde2d4d072,0
1409,C:\Users\lalad\OneDrive\Desktop\Pinterest-всякое\pin_1409_13366d94303a.jpg,pin_1409_13366d94303a.jpg,720,597,1.206,square-ish,122.456,127.083,134.383,0.4964,0.2436,0.2477,17.4786,0.0492,968b68a4a1b673da,8
1410,C:\Users\lalad\OneDrive\Desktop\Pinterest-всякое\pin_1410_50aac3cc1589.jpg,pin_1410_50aac3cc1589.jpg,714,1269,0.5626,portrait,124.801,120.354,113.169,0.4741,0.1935,0.291,23.7589,0.1292,9cbe50c0e626e9f1,9
1411,C:\Users\lalad\OneDrive\Desktop\Pinterest-всякое\pin_1411_7902daf171d6.png,pin_1411_7902daf171d6.png,1152,2048,0.5625,portrait,68.763,59.626,50.996,0.2407,0.136,0.2599,40.3245,0.0824,867979a62197ce68,9
1412,C:\Users\lalad\OneDrive\Desktop\Pinterest-всякое\pin_1412_f1b888365521.jpg,pin_1412_f1b888365521.jpg,736,981,0.7503,portrait,148.919,153.453,125.915,0.5841,0.2784,0.2689,35.2003,0.1476,9c746a811369cd9f,7
1413,C:\Users\lalad\OneDrive\Desktop\Pinterest-всякое\pin_1413_86281b1df4e2.jpg,pin_1413_86281b1df4e2.jpg,498,498,1.0,square-ish,118.933,113.237,102.074,0.4457,0.1856,0.2085,17.539,0.0492,e19c1e65166ad4f1,1
1414,C:\Users\lalad\OneDrive\Desktop\Pinterest-всякое\pin_1414_94215ad4bbf0.webp,pin_1414_94215ad4bbf0.webp,800,800,1.0,square-ish,100.342,76.981,59.012,0.3212,0.4123,0.1616,43.0307,0.0978,fd592d0684ecee81,4
1415,C:\Users\lalad\OneDrive\Desktop\Pinterest-всякое\pin_1415_20abe7448959.jpg,pin_1415_20abe7448959.jpg,828,621,1.3333,landscape,151.002,152.081,138.208,0.589,0.2519,0.1377,38.1582,0.0931,94fa6e8ba1f4aa18,2
1416,C:\Users\lalad\OneDrive\Desktop\Pinterest-всякое\pin_1416_c27fb9b3695f.jpg,pin_1416_c27fb9b3695f.jpg,505,971,0.5201,portrait,110.019,107.973,104.613,0.4243,0.1617,0.2144,16.5014,0.0917,f26dadd28630d293,9
1417,C:\Users\lalad\OneDrive\Desktop\Pinterest-всякое\pin_1417_eb694710d203.jpg,pin_1417_eb694710d203.jpg,756,756,1.0,square-ish,123.067,106.471,92.855,0.4309,0.3028,0.2346,34.6982,0.0551,c1eb7ff860902617,1
1418,C:\Users\lalad\OneDrive\Desktop\Pinterest-всякое\pin_1418_7fbe202d5d93.jpg,pin_1418_7fbe202d5d93.jpg,736,736,1.0,square-ish,177.021,158.767,136.545,0.6341,0.2513,0.3106,30.1297,0.0683,9073606ee7453a6b,5
1419,C:\Users\lalad\OneDrive\Desktop\Pinterest-всякое\pin_1419_ca3b9014e290.webp,pin_1419_ca3b9014e290.webp,1440,1440,1.0,square-ish,154.937,136.093,124.262,0.5505,0.2517,0.2501,21.0089,0.0266,fb6c84813bd62c4d,2
1420,C:\Users\lalad\OneDrive\Desktop\Pinterest-всякое\pin_1420_196405640050.jpg,pin_1420_196405640050.jpg,1200,2133,0.5626,portrait,123.679,111.922,95.564,0.4454,0.3451,0.2996,54.3478,0.0992,ba96d509e0de068f,9
1421,C:\Users\lalad\OneDrive\Desktop\Pinterest-всякое\pin_1421_06e80d0fc87f.jpg,pin_1421_06e80d0fc87f.jpg,675,1200,0.5625,portrait,166.354,145.679,131.851,0.5893,0.2392,0.2496,23.9384,0.0399,a9349d64c6919e6d,2
1422,C:\Users\lalad\OneDrive\Desktop\Pinterest-всякое\pin_1422_57100c2b3ce1.jpg,pin_1422_57100c2b3ce1.jpg,750,1200,0.625,portrait,137.156,118.488,100.757,0.4786,0.2934,0.2353,29.5161,0.0388,dd446ac891b118ff,9
1423,C:\Users\lalad\OneDrive\Desktop\Pinterest-всякое\pin_1423_f7f1e4c4a959.jpg,pin_1423_f7f1e4c4a959.jpg,734,960,0.7646,portrait,126.115,110.271,105.265,0.4486,0.2262,0.2358,30.8536,0.0847,947a4b2d6d36326c,9
1424,C:\Users\lalad\OneDrive\Desktop\Pinterest-всякое\pin_1424_572690596c09.png,pin_1424_572690596c09.png,1080,2160,0.5,portrait,32.043,20.434,24.502,0.0955,0.4935,0.096,28.7761,0.0526,84c5f23a2bd5de22,0
1425,C:\Users\lalad\OneDrive\Desktop\Pinterest-всякое\pin_1425_17b1babd751d.jpg,pin_1425_17b1babd751d.jpg,580,653,0.8882,square-ish,167.382,116.493,98.355,0.5084,0.4674,0.209,73.9281,0.0689,b3108c35a706f6ed,10
1426,C:\Users\lalad\OneDrive\Desktop\Pinterest-всякое\pin_1426_57279bfcd645.png,pin_1426_57279bfcd645.png,1200,1675,0.7164,portrait,68.182,64.194,68.599,0.2585,0.2352,0.2165,18.9911,0.044,90b1e606cbcbd59c,1
1427,C:\Users\lalad\OneDrive\Desktop\Pinterest-всякое\pin_1427_bc5733fc5304.jpg,pin_1427_bc5733fc5304.jpg,628,457,1.3742,landscape,149.571,129.178,108.55,0.5213,0.3383,0.2443,30.112,0.048,f994877b3c29d122,8
1428,C:\Users\lalad\OneDrive\Desktop\Pinterest-всякое\pin_1428_579e4da1975c.webp,pin_1428_579e4da1975c.webp,1080,810,1.3333,landscape,128.729,122.125,77.607,0.4668,0.4099,0.2065,63.0528,0.194,eb8e4c1d1ce51cf0,6
1429,C:\Users\lalad\OneDrive\Desktop\Pinterest-всякое\pin_1429_dd8a8a5589e4.jpg,pin_1429_dd8a8a5589e4.jpg,1714,2048,0.8369,square-ish,169.964,132.698,85.057,0.5428,0.5639,0.222,65.212,0.085,9401f7360df5a6b2,10
1430,C:\Users\lalad\OneDrive\Desktop\Pinterest-всякое\pin_1430_787400d23627.jpg,pin_1430_787400d23627.jpg,499,375,1.3307,landscape,139.536,132.581,128.586,0.5264,0.1355,0.39,16.7025,0.0508,be975260859ccbc5,5
1431,C:\Users\lalad\OneDrive\Desktop\Pinterest-всякое\pin_1431_74d02d280038.jpg,pin_1431_74d02d280038.jpg,736,728,1.011,square-ish,232.745,207.046,206.554,0.8419,0.1371,0.2197,44.0685,0.02,fb85847a8bcf3031,11
1432,C:\Users\lalad\OneDrive\Desktop\Pinterest-всякое\pin_1432_cab15931b2cf.jpg,pin_1432_cab15931b2cf.jpg,736,920,0.8,portrait,95.931,69.821,51.333,0.2962,0.5484,0.2107,44.236,0.0671,af08b206d9c36ef4,4
1433,C:\Users\lalad\OneDrive\Desktop\Pinterest-всякое\pin_1433_c99cd95813ae.jpg,pin_1433_c99cd95813ae.jpg,1179,950,1.2411,landscape,74.421,72.328,86.613,0.2925,0.3761,0.1495,41.6418,0.0619,b2a0cc9611f84def,0
1434,C:\Users\lalad\OneDrive\Desktop\Pinterest-всякое\pin_1434_59378dd3d098.jpg,pin_1434_59378dd3d098.jpg,2448,2448,1.0,square-ish,93.877,64.643,72.409,0.2913,0.4906,0.2156,49.4837,0.0413,cfcd3831232e3c33,4
1435,C:\Users\lalad\OneDrive\Desktop\Pinterest-всякое\pin_1435_c1faf5c2d875.jpg,pin_1435_c1faf5c2d875.jpg,1075,1911,0.5625,portrait,175.1,130.178,79.767,0.5406,0.5654,0.1783,48.9555,0.0522,b969a4a61ed0e98d,4
1436,C:\Users\lalad\OneDrive\Desktop\Pinterest-всякое\pin_1436_66db17aaae42.jpg,pin_1436_66db17aaae42.jpg,1440,1440,1.0,square-ish,51.582,52.751,47.022,0.203,0.2998,0.1565,13.6995,0.0553,86833bbc917f9071,0
1437,C:\Users\lalad\OneDrive\Desktop\Pinterest-всякое\pin_1437_ce7241d96f9d.jpg,pin_1437_ce7241d96f9d.jpg,1125,1083,1.0388,square-ish,125.259,115.768,104.592,0.4601,0.1922,0.1871,22.0819,0.0192,e39c62351aaad4d3,1
1438,C:\Users\lalad\OneDrive\Desktop\Pinterest-всякое\pin_1438_d46a4e375d1a.jpg,pin_1438_d46a4e375d1a.jpg,1080,1350,0.8,portrait,158.69,150.327,145.293,0.5971,0.128,0.2945,22.4295,0.0593,a0a0d7bbcd894d4e,5
1439,C:\Users\lalad\OneDrive\Desktop\Pinterest-всякое\pin_1439_cb5f91501385.jpg,pin_1439_cb5f91501385.jpg,1125,1410,0.7979,portrait,154.983,135.627,114.297,0.545,0.3133,0.1964,32.9849,0.1054,ef34c8acc38b54c6,2
1440,C:\Users\lalad\OneDrive\Desktop\Pinterest-всякое\pin_1440_5c48591ba59c.jpg,pin_1440_5c48591ba59c.jpg,675,1200,0.5625,portrait,37.528,19.863,28.772,0.1026,0.1584,0.1508,56.6525,0.0901,e893952aa56ed1e8,0
1441,C:\Users\lalad\OneDrive\Desktop\Pinterest-всякое\pin_1441_e9168b6b2288.jpg,pin_1441_e9168b6b2288.jpg,735,821,0.8952,square-ish,174.502,162.819,131.418,0.6382,0.2941,0.1373,60.4091,0.0665,e4b6999999a66686,2
1442,C:\Users\lalad\OneDrive\Desktop\Pinterest-всякое\pin_1442_1f89feb2770b.jpg,pin_1442_1f89feb2770b.jpg,400,400,1.0,square-ish,66.236,53.402,44.219,0.2204,0.484,0.2264,31.7031,0.0348,aad574bcd6a52132,0
1443,C:\Users\lalad\OneDrive\Desktop\Pinterest-всякое\pin_1443_cff232f46289.jpg,pin_1443_cff232f46289.jpg,675,1200,0.5625,portrait,188.133,163.057,162.854,0.6688,0.183,0.1837,24.8454,0.0521,b8b648c9f6382e17,2
1444,C:\Users\lalad\OneDrive\Desktop\Pinterest-всякое\pin_1444_f8d071e0451c.jpg,pin_1444_f8d071e0451c.jpg,1280,949,1.3488,landscape,107.98,98.474,86.792,0.3922,0.2908,0.2052,38.4264,0.0721,a606fc31336d3173,1
1445,C:\Users\lalad\OneDrive\Desktop\Pinterest-всякое\pin_1445_925a54bc16ac.jpg,pin_1445_925a54bc16ac.jpg,768,1024,0.75,portrait,87.564,100.818,81.815,0.3713,0.277,0.2803,23.2355,0.0531,dbf7a44c23dc6409,9
1446,C:\Users\lalad\OneDrive\Desktop\Pinterest-всякое\pin_1446_33f0759762b2.jpg,pin_1446_33f0759762b2.jpg,736,736,1.0,square-ish,71.609,63.792,44.239,0.2506,0.4424,0.2295,26.0582,0.0971,ff000c1ba2f8c47f,0
1447,C:\Users\lalad\OneDrive\Desktop\Pinterest-всякое\pin_1447_015b41bab69d.jpg,pin_1447_015b41bab69d.jpg,675,1200,0.5625,portrait,121.639,113.642,111.277,0.454,0.2348,0.2252,36.2074,0.1218,be0fd09cae1c83d8,9
1448,C:\Users\lalad\OneDrive\Desktop\Pinterest-всякое\pin_1448_3999942ebf85.jpg,pin_1448_3999942ebf85.jpg,1080,1350,0.8,portrait,144.045,148.806,151.792,0.5793,0.0959,0.3015,10.457,0.1015,b9920f090d3e3b7a,5
1449,C:\Users\lalad\OneDrive\Desktop\Pinterest-всякое\pin_1449_574776e1e43a.png,pin_1449_574776e1e43a.png,1200,1600,0.75,portrait,184.105,178.658,165.033,0.7011,0.1453,0.2221,19.1152,0.0536,bf80c02f36304fcf,2
1450,C:\Users\lalad\OneDrive\Desktop\Pinterest-всякое\pin_1450_605e6eaa9ef8.jpg,pin_1450_605e6eaa9ef8.jpg,1080,1920,0.5625,portrait,77.996,67.103,61.698,0.2736,0.392,0.2491,17.4948,0.0646,9ce9b22542a68fda,9
1451,C:\Users\lalad\OneDrive\Desktop\Pinterest-всякое\pin_1451_712db176f024.jpg,pin_1451_712db176f024.jpg,600,589,1.0187,square-ish,143.88,136.316,123.028,0.5374,0.1701,0.1943,12.0843,0.0127,99e3a2b4e75c3c48,2
1452,C:\Users\lalad\OneDrive\Desktop\Pinterest-всякое\pin_1452_0139b0d1d161.jpg,pin_1452_0139b0d1d161.jpg,1440,1911,0.7535,portrait,137.144,129.3,115.876,0.5102,0.205,0.2512,20.1057,0.0949,b1d6b68ba90d0d59,9
1453,C:\Users\lalad\OneDrive\Desktop\Pinterest-всякое\pin_1453_d9495c5b6223.jpg,pin_1453_d9495c5b6223.jpg,317,312,1.016,square-ish,190.55,175.584,181.958,0.709,0.1177,0.1444,20.0369,0.0244,b04c8b9bcd2cc3e6,2
1454,C:\Users\lalad\OneDrive\Desktop\Pinterest-всякое\pin_1454_446f8d9b7f4e.jpg,pin_1454_446f8d9b7f4e.jpg,766,960,0.7979,portrait,119.562,106.922,96.26,0.4294,0.1778,0.3545,29.8662,0.0486,bfa0d3428fcdcc88,5
1455,C:\Users\lalad\OneDrive\Desktop\Pinterest-всякое\pin_1455_a318168f0665.jpg,pin_1455_a318168f0665.jpg,320,480,0.6667,portrait,116.682,103.093,91.356,0.415,0.3602,0.2716,27.314,0.0495,85d279c59e2c0dd3,9
1456,C:\Users\lalad\OneDrive\Desktop\Pinterest-всякое\pin_1456_db71530ed273.png,pin_1456_db71530ed273.png,735,1103,0.6664,portrait,124.239,141.95,142.558,0.5362,0.2314,0.2251,46.0243,0.187,e9cba5a234752738,7
1457,C:\Users\lalad\OneDrive\Desktop\Pinterest-всякое\pin_1457_627a712721ae.jpg,pin_1457_627a712721ae.jpg,750,916,0.8188,portrait,157.217,157.984,174.466,0.626,0.2996,0.3007,33.8451,0.1316,f1cd39e6913284d9,7
1458,C:\Users\lalad\OneDrive\Desktop\Pinterest-всякое\pin_1458_ddd73d70dfa5.png,pin_1458_ddd73d70dfa5.png,1280,1280,1.0,square-ish,185.528,168.023,162.45,0.677,0.1408,0.1506,19.9522,0.0336,b8e7c7353077031c,2
1459,C:\Users\lalad\OneDrive\Desktop\Pinterest-всякое\pin_1459_630c51997da0.jpg,pin_1459_630c51997da0.jpg,873,1280,0.682,portrait,91.143,82.761,77.431,0.3319,0.1887,0.2463,19.2653,0.0985,88d4e2e265da7c66,9
1460,C:\Users\lalad\OneDrive\Desktop\Pinterest-всякое\pin_1460_df8ee430004e.jpg,pin_1460_df8ee430004e.jpg,1200,1200,1.0,square-ish,132.143,135.235,143.928,0.5305,0.2501,0.3536,10.0866,0.0494,a19f3731329267d2,5
1461,C:\Users\lalad\OneDrive\Desktop\Pinterest-всякое\pin_1461_6368661a9cd7.jpg,pin_1461_6368661a9cd7.jpg,1080,1080,1.0,square-ish,90.888,68.801,63.593,0.2935,0.3216,0.1786,25.185,0.0258,cd366b489e5c9217,1
1462,C:\Users\lalad\OneDrive\Desktop\Pinterest-всякое\pin_1462_e433e0795887.png,pin_1462_e433e0795887.png,400,400,1.0,square-ish,132.0,103.707,91.952,0.4347,0.3795,0.2485,45.1519,0.0341,974a29bd7868253d,1
1463,C:\Users\lalad\OneDrive\Desktop\Pinterest-всякое\pin_1463_652051b02732.jpg,pin_1463_652051b02732.jpg,828,1451,0.5706,portrait,109.347,104.525,95.311,0.4114,0.1809,0.3422,14.5979,0.0568,b0f08b4d440e7ebd,5
1464,C:\Users\lalad\OneDrive\Desktop\Pinterest-всякое\pin_1464_e50fd78ec49f.webp,pin_1464_e50fd78ec49f.webp,896,1195,0.7498,portrait,132.693,119.936,95.14,0.4741,0.3465,0.2455,36.0107,0.1217,f5d5846e83a17817,9
1465,C:\Users\lalad\OneDrive\Desktop\Pinterest-всякое\pin_1465_66d699c9bf29.jpg,pin_1465_66d699c9bf29.jpg,1224,1207,1.0141,square-ish,129.502,120.949,120.609,0.4838,0.1248,0.2661,12.0826,0.0474,b8e41367e4d82736,5
1466,C:\Users\lalad\OneDrive\Desktop\Pinterest-всякое\pin_1466_66f2262ee1e4.jpg,pin_1466_66f2262ee1e4.jpg,1192,1589,0.7502,portrait,175.181,147.904,126.34,0.6024,0.3012,0.1631,25.2827,0.033,da49e12e95657866,2
1467,C:\Users\lalad\OneDrive\Desktop\Pinterest-всякое\pin_1467_0777dc910690.jpg,pin_1467_0777dc910690.jpg,1200,1600,0.75,portrait,127.203,123.972,123.621,0.4898,0.1544,0.231,28.362,0.0722,c2aed8c07fd0e94a,9
1468,C:\Users\lalad\OneDrive\Desktop\Pinterest-всякое\pin_1468_e68451d5697b.jpg,pin_1468_e68451d5697b.jpg,1178,1512,0.7791,portrait,36.827,38.367,32.631,0.1461,0.3699,0.1199,15.4547,0.0201,8b9b742c80d37e4d,0
1469,C:\Users\lalad\OneDrive\Desktop\Pinterest-всякое\pin_1469_fc9a30d6b7c3.jpg,pin_1469_fc9a30d6b7c3.jpg,1242,2203,0.5638,portrait,86.988,77.363,66.265,0.3097,0.284,0.2084,19.4107,0.0796,d506f9768d718e24,9
1470,C:\Users\lalad\OneDrive\Desktop\Pinterest-всякое\pin_1470_670a7c611256.jpg,pin_1470_670a7c611256.jpg,1600,1200,1.3333,landscape,53.144,52.019,40.057,0.2,0.3004,0.1519,21.7935,0.0472,fdc06b37cc909269,0
1471,C:\Users\lalad\OneDrive\Desktop\Pinterest-всякое\pin_1471_e87aad2d5e8b.jpg,pin_1471_e87aad2d5e8b.jpg,1440,1920,0.75,portrait,108.807,106.093,102.734,0.4176,0.2638,0.2849,27.2462,0.0685,e1175a7e70e10796,9
1472,C:\Users\lalad\OneDrive\Desktop\Pinterest-всякое\pin_1472_9dbd42de2b65.jpg,pin_1472_9dbd42de2b65.jpg,1077,1084,0.9935,square-ish,120.327,107.948,108.535,0.4381,0.2981,0.2976,30.3436,0.053,eaa517125babc58c,1
1473,C:\Users\lalad\OneDrive\Desktop\Pinterest-всякое\pin_1473_09142070bfb8.jpg,pin_1473_09142070bfb8.jpg,736,736,1.0,square-ish,145.728,142.609,138.419,0.5611,0.2293,0.2102,38.932,0.0441,ca4692bdc911e6b5,2
1474,C:\Users\lalad\OneDrive\Desktop\Pinterest-всякое\pin_1474_557aa8e65e65.jpg,pin_1474_557aa8e65e65.jpg,750,1091,0.6874,portrait,153.16,147.956,133.696,0.58,0.2673,0.2744,33.7944,0.1531,ad91d1be6788970c,7
1475,C:\Users\lalad\OneDrive\Desktop\Pinterest-всякое\pin_1475_ed8f37955304.jpg,pin_1475_ed8f37955304.jpg,750,727,1.0316,square-ish,183.762,102.194,98.828,0.4948,0.5162,0.2839,128.7876,0.0324,bb1a85f096c64ee2,10
1476,C:\Users\lalad\OneDrive\Desktop\Pinterest-всякое\pin_1476_7195c41e8c13.jpg,pin_1476_7195c41e8c13.jpg,735,446,1.648,landscape,142.548,159.078,184.186,0.6158,0.2576,0.2103,19.1561,0.0856,b7cb984ca0d12ab7,8
1477,C:\Users\lalad\OneDrive\Desktop\Pinterest-всякое\pin_1477_ee09013f2cb7.jpg,pin_1477_ee09013f2cb7.jpg,655,491,1.334,landscape,104.352,101.499,84.938,0.394,0.3814,0.1974,49.8979,0.0315,9a2dddcce1369262,1
1478,C:\Users\lalad\OneDrive\Desktop\Pinterest-всякое\pin_1478_692bba2aea49.jpg,pin_1478_692bba2aea49.jpg,799,1200,0.6658,portrait,65.306,61.388,55.033,0.2425,0.3781,0.2092,28.3929,0.0946,c95a00f8dacab23f,0
1479,C:\Users\lalad\OneDrive\Desktop\Pinterest-всякое\pin_1479_db0642cb2b7f.jpg,pin_1479_db0642cb2b7f.jpg,1200,1200,1.0,square-ish,122.002,123.324,131.507,0.4857,0.1733,0.2159,13.9398,0.0218,ca3d6896b15a8fc4,2
1480,C:\Users\lalad\OneDrive\Desktop\Pinterest-всякое\pin_1480_0d3d989aa613.jpg,pin_1480_0d3d989aa613.jpg,735,784,0.9375,square-ish,120.017,109.703,102.216,0.4389,0.2335,0.2507,21.7361,0.0693,95b55a4a7ae33861,1
1481,C:\Users\lalad\OneDrive\Desktop\Pinterest-всякое\pin_1481_f1f11552ac92.jpg,pin_1481_f1f11552ac92.jpg,1233,1389,0.8877,square-ish,220.821,218.653,218.707,0.8601,0.0103,0.2486,6.1673,0.0545,ebf4c58296f20d0d,11
1482,C:\Users\lalad\OneDrive\Desktop\Pinterest-всякое\pin_1482_663f4d8e2de0.jpg,pin_1482_663f4d8e2de0.jpg,676,1200,0.5633,portrait,112.732,126.736,131.196,0.4826,0.2318,0.2772,18.7844,0.0546,97c3b7186c26a3b1,9
1483,C:\Users\lalad\OneDrive\Desktop\Pinterest-всякое\pin_1483_f49eadb2e0a5.jpg,pin_1483_f49eadb2e0a5.jpg,1011,1666,0.6068,portrait,99.081,122.123,64.255,0.426,0.5729,0.1749,42.0086,0.0681,8ca4e4d490e6e7da,4
1484,C:\Users\lalad\OneDrive\Desktop\Pinterest-всякое\pin_1484_6a6750482f4e.jpg,pin_1484_6a6750482f4e.jpg,960,1280,0.75,portrait,156.462,150.308,142.901,0.5934,0.1399,0.184,27.2509,0.1288,8f3af4c048e3d3d2,7
1485,C:\Users\lalad\OneDrive\Desktop\Pinterest-всякое\pin_1485_ef520008ad61.jpg,pin_1485_ef520008ad61.jpg,1200,2133,0.5626,portrait,146.649,131.274,108.001,0.5224,0.3146,0.2387,31.2877,0.0821,bc86d123e2f7414b,9
1486,C:\Users\lalad\OneDrive\Desktop\Pinterest-всякое\pin_1486_f57bb39caa6e.jpg,pin_1486_f57bb39caa6e.jpg,640,527,1.2144,square-ish,148.444,134.568,126.713,0.5405,0.173,0.2469,34.6235,0.0922,e3f4c613ccce9426,8
1487,C:\Users\lalad\OneDrive\Desktop\Pinterest-всякое\pin_1487_317be134276e.jpg,pin_1487_317be134276e.jpg,736,981,0.7503,portrait,126.146,126.82,124.659,0.4956,0.3001,0.2682,32.8489,0.1141,f990999d8729cb68,9
1488,C:\Users\lalad\OneDrive\Desktop\Pinterest-всякое\pin_1488_f8b6292a7525.jpg,pin_1488_f8b6292a7525.jpg,1080,1920,0.5625,portrait,150.298,162.34,155.408,0.6194,0.2732,0.2533,44.2348,0.1487,83b8ff44f67d8802,7
1489,C:\Users\lalad\OneDrive\Desktop\Pinterest-всякое\pin_1489_6ca49e4e7133.jpg,pin_1489_6ca49e4e7133.jpg,2448,2448,1.0,square-ish,116.7,113.826,104.369,0.4455,0.1968,0.2969,20.9896,0.1799,ac1f0ab39ccbc4cc,6
1490,C:\Users\lalad\OneDrive\Desktop\Pinterest-всякое\pin_1490_971bea0be8fb.jpg,pin_1490_971bea0be8fb.jpg,1760,1175,1.4979,landscape,226.915,234.103,216.573,0.9018,0.1261,0.1624,41.2515,0.0943,bee3896734d03b81,11
1491,C:\Users\lalad\OneDrive\Desktop\Pinterest-всякое\pin_1491_043be0cf2833.jpg,pin_1491_043be0cf2833.jpg,735,690,1.0652,square-ish,125.58,116.316,112.493,0.4653,0.1643,0.2046,17.494,0.0445,aca453a235d97b34,1
1492,C:\Users\lalad\OneDrive\Desktop\Pinterest-всякое\pin_1492_fb9f2cfb0b0e.jpg,pin_1492_fb9f2cfb0b0e.jpg,931,1200,0.7758,portrait,184.924,168.106,158.888,0.6748,0.2132,0.1557,32.5574,0.0273,b989c6a23875c6ba,2
1493,C:\Users\lalad\OneDrive\Desktop\Pinterest-всякое\pin_1493_e1556702cc3d.png,pin_1493_e1556702cc3d.png,1200,2400,0.5,portrait,136.478,140.973,138.953,0.5468,0.1654,0.2997,14.4294,0.0897,f4c1ab7a64549d29,5
1494,C:\Users\lalad\OneDrive\Desktop\Pinterest-всякое\pin_1494_fea17a820d78.jpg,pin_1494_fea17a820d78.jpg,1179,834,1.4137,landscape,45.929,45.003,45.999,0.178,0.0306,0.2842,2.7597,0.0662,c9302c6f73d3343c,1
1495,C:\Users\lalad\OneDrive\Desktop\Pinterest-всякое\pin_1495_6fcbd93b2574.jpg,pin_1495_6fcbd93b2574.jpg,1482,1017,1.4572,landscape,132.938,118.767,109.206,0.4781,0.2049,0.2483,18.2756,0.0374,e9d94639939ac64c,8
1496,C:\Users\lalad\OneDrive\Desktop\Pinterest-всякое\pin_1496_35e2381eb6db.png,pin_1496_35e2381eb6db.png,1640,2360,0.6949,portrait,29.361,24.005,44.267,0.1095,0.5849,0.1114,25.8363,0.0736,dcc80ff472670c9c,0
1497,C:\Users\lalad\OneDrive\Desktop\Pinterest-всякое\pin_1497_70417950083d.jpg,pin_1497_70417950083d.jpg,1080,1387,0.7787,portrait,64.947,58.646,59.832,0.2378,0.1766,0.1774,16.6005,0.0164,cd85b591c58d9f84,0
1498,C:\Users\lalad\OneDrive\Desktop\Pinterest-всякое\pin_1498_f27d945008b1.jpg,pin_1498_f27d945008b1.jpg,814,915,0.8896,square-ish,71.523,73.233,63.597,0.2808,0.2924,0.2135,14.9277,0.0461,ea85c4fc8993326e,1
1499,C:\Users\lalad\OneDrive\Desktop\Pinterest-всякое\pin_1499_64ec317ca114.jpg,pin_1499_64ec317ca114.jpg,1677,1236,1.3568,landscape,110.77,109.147,135.569,0.4417,0.3319,0.308,28.0449,0.103,d78b28e0f5f0a472,8
1500,C:\Users\lalad\OneDrive\Desktop\Pinterest-всякое\pin_1500_956397a451b0.jpg,pin_1500_956397a451b0.jpg,1080,1364,0.7918,portrait,37.29,38.179,45.582,0.1518,0.1872,0.0984,9.2357,0.0332,a56170e66683d99d,0
1501,C:\Users\lalad\OneDrive\Desktop\Pinterest-всякое\pin_1501_f880485598a0.jpg,pin_1501_f880485598a0.jpg,1179,1455,0.8103,portrait,91.317,90.308,93.53,0.3568,0.1662,0.2304,8.735,0.2171,a9d8e773934d8518,6
1502,C:\Users\lalad\OneDrive\Desktop\Pinterest-всякое\pin_1502_7505fd83ab62.jpg,pin_1502_7505fd83ab62.jpg,1080,1920,0.5625,portrait,136.81,114.957,85.263,0.4632,0.4091,0.2425,39.6933,0.1112,fa9a64a19bd65621,9
1503,C:\Users\lalad\OneDrive\Desktop\Pinterest-всякое\pin_1503_75e57d7b78a8.jpg,pin_1503_75e57d7b78a8.jpg,1080,1683,0.6417,portrait,128.269,122.513,117.03,0.4848,0.2326,0.2384,28.3783,0.0428,e8682595b5334e8f,9
1504,C:\Users\lalad\OneDrive\Desktop\Pinterest-всякое\pin_1504_7606c46fe9a4.jpg,pin_1504_7606c46fe9a4.jpg,960,1280,0.75,portrait,85.298,83.74,83.743,0.3303,0.1873,0.3015,11.8763,0.0791,b616f1694887eb4a,9
1505,C:\Users\lalad\OneDrive\Desktop\Pinterest-всякое\pin_1505_791cc94d714f.jpg,pin_1505_791cc94d714f.jpg,1080,1920,0.5625,portrait,161.314,145.776,135.783,0.5854,0.1864,0.2088,22.6188,0.0712,a5d32eca9e5558a8,2
1506,C:\Users\lalad\OneDrive\Desktop\Pinterest-всякое\pin_1506_66a491a5be08.jpg,pin_1506_66a491a5be08.jpg,720,900,0.8,portrait,69.062,55.822,48.246,0.231,0.3663,0.1709,20.9499,0.0397,ce1e61f19a637898,0
1507,C:\Users\lalad\OneDrive\Desktop\Pinterest-всякое\pin_1507_71fa959cef10.jpg,pin_1507_71fa959cef10.jpg,1199,899,1.3337,landscape,42.725,43.23,38.762,0.167,0.2905,0.1915,5.0943,0.0314,c99fe16736622626,0
1508,C:\Users\lalad\OneDrive\Desktop\Pinterest-всякое\pin_1508_78e695521c71.jpg,pin_1508_78e695521c71.jpg,733,976,0.751,portrait,80.22,77.138,74.128,0.3048,0.145,0.2104,11.1868,0.0613,f39a70e64da894c3,1
1509,C:\Users\lalad\OneDrive\Desktop\Pinterest-всякое\pin_1509_7ce55548461e.jpg,pin_1509_7ce55548461e.jpg,1786,1080,1.6537,landscape,179.655,131.961,76.029,0.5485,0.579,0.16,59.474,0.0528,fbe5949263d48453,10
1510,C:\Users\lalad\OneDrive\Desktop\Pinterest-всякое\pin_1510_fe9b11ab214b.jpg,pin_1510_fe9b11ab214b.jpg,736,963,0.7643,portrait,75.537,68.354,63.394,0.2743,0.2277,0.2002,14.1524,0.0604,bae99606cd92c897,1
1511,C:\Users\lalad\OneDrive\Desktop\Pinterest-всякое\pin_1511_c530f2921b7d.jpg,pin_1511_c530f2921b7d.jpg,736,736,1.0,square-ish,144.865,138.817,190.464,0.5746,0.3055,0.2153,42.7034,0.0813,d107e79c921d6b94,2
1512,C:\Users\lalad\OneDrive\Desktop\Pinterest-всякое\pin_1512_801d4e13d656.jpg,pin_1512_801d4e13d656.jpg,1080,1920,0.5625,portrait,89.647,82.017,73.43,0.3267,0.1759,0.2335,22.5324,0.0788,daa16584ca9e9e33,9
1513,C:\Users\lalad\OneDrive\Desktop\Pinterest-всякое\pin_1513_3471c0b05994.jpg,pin_1513_3471c0b05994.jpg,901,1200,0.7508,portrait,134.927,123.57,120.143,0.4963,0.1324,0.2864,22.4414,0.0718,fa23e4b485e39287,5
1514,C:\Users\lalad\OneDrive\Desktop\Pinterest-всякое\pin_1514_812f06d7d902.jpg,pin_1514_812f06d7d902.jpg,1200,2061,0.5822,portrait,85.321,82.123,78.967,0.3244,0.2326,0.2916,17.9693,0.1344,fc8cf13fd3355040,9
1515,C:\Users\lalad\OneDrive\Desktop\Pinterest-всякое\pin_1515_bbaa99ab7091.jpg,pin_1515_bbaa99ab7091.jpg,2448,3264,0.75,portrait,159.805,150.188,148.531,0.5995,0.1464,0.271,18.2762,0.0836,a9db86a61d9ca199,5
1516,C:\Users\lalad\OneDrive\Desktop\Pinterest-всякое\pin_1516_75be3767cfc7.jpg,pin_1516_75be3767cfc7.jpg,963,1200,0.8025,portrait,151.237,128.328,119.637,0.5262,0.2158,0.2272,30.1193,0.0798,d1500be9b9bcfca0,2
1517,C:\Users\lalad\OneDrive\Desktop\Pinterest-всякое\pin_1517_d84888af0f78.png,pin_1517_d84888af0f78.png,2000,2000,1.0,square-ish,36.966,58.879,135.101,0.2392,0.8953,0.1661,99.3203,0.0665,a3ae7a578da0a493,4
1518,C:\Users\lalad\OneDrive\Desktop\Pinterest-всякое\pin_1518_85b48f1a0434.jpg,pin_1518_85b48f1a0434.jpg,1330,1872,0.7105,portrait,130.595,127.462,126.232,0.503,0.1819,0.312,21.7196,0.1599,9219671a95d69763,7
1519,C:\Users\lalad\OneDrive\Desktop\Pinterest-всякое\pin_1519_335423cbcdec.jpg,pin_1519_335423cbcdec.jpg,1224,1632,0.75,portrait,148.363,144.96,143.159,0.5715,0.0279,0.4121,7.5249,0.0901,b09fdb05e16b9461,5
1520,C:\Users\lalad\OneDrive\Desktop\Pinterest-всякое\pin_1520_8668aed8a1db.jpg,pin_1520_8668aed8a1db.jpg,1280,1270,1.0079,square-ish,96.26,77.575,80.501,0.3274,0.211,0.2343,38.2899,0.086,ebb81cc70220dede,1
1521,C:\Users\lalad\OneDrive\Desktop\Pinterest-всякое\pin_1521_868aa8921ccb.jpg,pin_1521_868aa8921ccb.jpg,960,1280,0.75,portrait,111.433,99.283,83.426,0.3965,0.2954,0.2567,27.1955,0.1,cc2cb2339ad0ba3b,9
1522,C:\Users\lalad\OneDrive\Desktop\Pinterest-всякое\pin_1522_600f44303992.jpg,pin_1522_600f44303992.jpg,735,710,1.0352,square-ish,119.574,110.658,106.793,0.4427,0.2069,0.3705,15.8932,0.0404,b4b44f6b90926ae5,5
1523,C:\Users\lalad\OneDrive\Desktop\Pinterest-всякое\pin_1523_60b12cf93731.jpg,pin_1523_60b12cf93731.jpg,313,470,0.666,portrait,140.833,131.954,127.938,0.526,0.2494,0.3149,22.088,0.0822,bde1ed06d750c688,5
1524,C:\Users\lalad\OneDrive\Desktop\Pinterest-всякое\pin_1524_2f9c940b4bc7.jpg,pin_1524_2f9c940b4bc7.jpg,604,600,1.0067,square-ish,99.285,96.045,100.294,0.3824,0.1423,0.2614,21.7709,0.0724,af28d5d0f6d09592,1
1525,C:\Users\lalad\OneDrive\Desktop\Pinterest-всякое\pin_1525_87de5b9a21d2.jpg,pin_1525_87de5b9a21d2.jpg,1080,810,1.3333,landscape,134.137,115.297,82.387,0.4595,0.4194,0.2151,46.7351,0.1566,b80f53a9b2dbc145,6
1526,C:\Users\lalad\OneDrive\Desktop\Pinterest-всякое\pin_1526_3f9b3d78f1da.jpg,pin_1526_3f9b3d78f1da.jpg,1200,1920,0.625,portrait,90.331,100.336,101.082,0.3821,0.3111,0.2745,23.7549,0.1186,b81f30616eacd59c,9
1527,C:\Users\lalad\OneDrive\Desktop\Pinterest-всякое\pin_1527_8bfa9e2696d2.jpg,pin_1527_8bfa9e2696d2.jpg,297,300,0.99,square-ish,189.454,189.454,189.454,0.743,0.0,0.3117,0.0,0.1125,877c031ef9d30ee0,3
1528,C:\Users\lalad\OneDrive\Desktop\Pinterest-всякое\pin_1528_ce215528f666.jpg,pin_1528_ce215528f666.jpg,600,901,0.6659,portrait,109.921,103.94,100.629,0.4133,0.2532,0.3425,12.0308,0.0482,e891928777582b8f,5
1529,C:\Users\lalad\OneDrive\Desktop\Pinterest-всякое\pin_1529_8fa51100d44d.jpg,pin_1529_8fa51100d44d.jpg,735,896,0.8203,square-ish,123.965,101.326,89.01,0.4185,0.2911,0.1773,28.0489,0.1123,f662c99cb2f81c26,9
1530,C:\Users\lalad\OneDrive\Desktop\Pinterest-всякое\pin_1530_90e63782db29.jpg,pin_1530_90e63782db29.jpg,3840,2160,1.7778,landscape,158.325,123.703,123.283,0.5255,0.332,0.2748,56.0214,0.0978,b3a11878ced3b11e,8
1531,C:\Users\lalad\OneDrive\Desktop\Pinterest-всякое\pin_1531_91ac92da6eed.jpg,pin_1531_91ac92da6eed.jpg,1080,1440,0.75,portrait,81.53,72.381,71.254,0.2941,0.1962,0.1945,27.7844,0.0531,befa729541c09569,1
1532,C:\Users\lalad\OneDrive\Desktop\Pinterest-всякое\pin_1532_91d348455f98.jpg,pin_1532_91d348455f98.jpg,2679,3572,0.75,portrait,61.184,57.792,38.35,0.2219,0.3925,0.1458,25.3236,0.1853,b20c8fb7b830cbc5,0
1533,C:\Users\lalad\OneDrive\Desktop\Pinterest-всякое\pin_1533_9312319a7856.jpg,pin_1533_9312319a7856.jpg,2504,3600,0.6956,portrait,102.203,98.826,97.757,0.391,0.1668,0.2901,10.0979,0.1074,ebaca1979ee22238,9
1534,C:\Users\lalad\OneDrive\Desktop\Pinterest-всякое\pin_1534_938b5c92e252.jpg,pin_1534_938b5c92e252.jpg,1206,1608,0.75,portrait,145.287,115.541,101.102,0.4816,0.3345,0.2464,35.1785,0.1566,edbc7362811df0e0,7
1535,C:\Users\lalad\OneDrive\Desktop\Pinterest-всякое\pin_1535_850485c0286c.jpg,pin_1535_850485c0286c.jpg,564,814,0.6929,portrait,108.675,103.875,83.965,0.404,0.2551,0.2585,34.4796,0.0863,84607df0b357ac5a,9
1536,C:\Users\lalad\OneDrive\Desktop\Pinterest-всякое\pin_1536_5fadd214a1bc.jpg,pin_1536_5fadd214a1bc.jpg,807,807,1.0,square-ish,44.371,43.921,40.709,0.1713,0.1219,0.2045,6.9242,0.0509,aa5aaad5556a8595,0
1537,C:\Users\lalad\OneDrive\Desktop\Pinterest-всякое\pin_1537_3d48aa55c620.jpg,pin_1537_3d48aa55c620.jpg,736,899,0.8187,portrait,104.63,101.482,102.161,0.402,0.1505,0.3337,9.9449,0.1094,a0d54bad86c29ddc,5
1538,C:\Users\lalad\OneDrive\Desktop\Pinterest-всякое\pin_1538_96002484e82e.jpg,pin_1538_96002484e82e.jpg,2448,2448,1.0,square-ish,119.457,115.236,115.889,0.4571,0.1775,0.3742,14.163,0.0958,e9ef3670a7c65202,5
1539,C:\Users\lalad\OneDrive\Desktop\Pinterest-всякое\pin_1539_968a595f71c4.jpg,pin_1539_968a595f71c4.jpg,960,1280,0.75,portrait,142.561,131.802,133.511,0.5303,0.1287,0.2344,18.5591,0.077,bdbe6301baa6c883,2
1540,C:\Users\lalad\OneDrive\Desktop\Pinterest-всякое\pin_1540_982e7dac7c14.jpg,pin_1540_982e7dac7c14.jpg,1632,1224,1.3333,landscape,122.408,113.03,108.61,0.4523,0.3257,0.2937,29.9841,0.1065,e72927949d5a1a5a,8
1541,C:\Users\lalad\OneDrive\Desktop\Pinterest-всякое\pin_1541_41a86bb33e1a.jpg,pin_1541_41a86bb33e1a.jpg,735,591,1.2437,landscape,140.113,118.839,107.942,0.4861,0.2803,0.2925,28.2334,0.0707,f87c5b21d7a9a242,8
1542,C:\Users\lalad\OneDrive\Desktop\Pinterest-всякое\pin_1542_3b26abdd9016.jpg,pin_1542_3b26abdd9016.jpg,721,1308,0.5512,portrait,113.262,95.48,86.642,0.3914,0.233,0.2764,25.4523,0.0638,db003535c79f187c,9
1543,C:\Users\lalad\OneDrive\Desktop\Pinterest-всякое\pin_1543_996affbd5146.jpg,pin_1543_996affbd5146.jpg,1280,960,1.3333,landscape,60.57,57.015,54.247,0.2265,0.2713,0.2186,15.1546,0.0751,c95ca662c10edb9b,1
1544,C:\Users\lalad\OneDrive\Desktop\Pinterest-всякое\pin_1544_99974f823bb5.jpg,pin_1544_99974f823bb5.jpg,1079,1558,0.6926,portrait,110.892,100.535,91.021,0.4021,0.2456,0.2392,23.5625,0.0673,945fc0a6689ebe23,9
1545,C:\Users\lalad\OneDrive\Desktop\Pinterest-всякое\pin_1545_9a58355d0b83.jpg,pin_1545_9a58355d0b83.jpg,1080,1920,0.5625,portrait,92.537,88.78,91.374,0.3536,0.2545,0.2666,17.6604,0.1083,9cbc41536b6f458a,9
1546,C:\Users\lalad\OneDrive\Desktop\Pinterest-всякое\pin_1546_9cb59542ce77.jpg,pin_1546_9cb59542ce77.jpg,800,1113,0.7188,portrait,152.754,154.933,170.017,0.6117,0.218,0.2481,39.4285,0.0716,adb65acb650bb608,2
1547,C:\Users\lalad\OneDrive\Desktop\Pinterest-всякое\pin_1547_9dd6fcd2b8d2.jpg,pin_1547_9dd6fcd2b8d2.jpg,720,1273,0.5656,portrait,137.241,114.687,103.515,0.4712,0.3039,0.3201,33.3876,0.0822,9648add7108dede4,9
1548,C:\Users\lalad\OneDrive\Desktop\Pinterest-всякое\pin_1548_9dde3c12cac9.jpg,pin_1548_9dde3c12cac9.jpg,1200,2133,0.5626,portrait,74.287,65.367,60.84,0.2647,0.2737,0.2451,18.7092,0.0635,9d464a5d668eb13c,9
1549,C:\Users\lalad\OneDrive\Desktop\Pinterest-всякое\pin_1549_c64bbe4803cd.jpg,pin_1549_c64bbe4803cd.jpg,720,1280,0.5625,portrait,45.702,42.438,39.554,0.1689,0.1262,0.0971,8.0519,0.0207,cd8c60f0e383e3e6,0
1550,C:\Users\lalad\OneDrive\Desktop\Pinterest-всякое\pin_1550_186b9c40435d.jpg,pin_1550_186b9c40435d.jpg,200,300,0.6667,portrait,99.155,98.724,90.689,0.3841,0.1179,0.2145,16.2525,0.071,d63ae3349ac616c9,9
1551,C:\Users\lalad\OneDrive\Desktop\Pinterest-всякое\pin_1551_8113a95d515a.jpg,pin_1551_8113a95d515a.jpg,736,921,0.7991,portrait,130.245,119.802,113.631,0.4793,0.2144,0.2815,25.3427,0.0959,a1e78734d2cb9c61,5
1552,C:\Users\lalad\OneDrive\Desktop\Pinterest-всякое\pin_1552_a11770aebb24.jpg,pin_1552_a11770aebb24.jpg,896,1344,0.6667,portrait,90.381,86.577,78.398,0.3404,0.1469,0.2663,15.2946,0.1216,efd83542ed9cc209,9
1553,C:\Users\lalad\OneDrive\Desktop\Pinterest-всякое\pin_1553_d00d8db47a6a.jpg,pin_1553_d00d8db47a6a.jpg,736,1021,0.7209,portrait,164.417,155.447,149.504,0.6175,0.1143,0.1759,21.7319,0.123,b6929c48bb773581,7
1554,C:\Users\lalad\OneDrive\Desktop\Pinterest-всякое\pin_1554_a384f53dd2e1.jpg,pin_1554_a384f53dd2e1.jpg,1080,1298,0.832,square-ish,93.728,72.918,68.85,0.3085,0.3308,0.2525,26.1209,0.069,8b6b3c7c8b7409f0,1
1555,C:\Users\lalad\OneDrive\Desktop\Pinterest-всякое\pin_1555_a534a302bead.jpg,pin_1555_a534a302bead.jpg,675,1200,0.5625,portrait,119.476,98.598,85.759,0.4054,0.345,0.1533,28.1601,0.0652,f125c83b629aa47b,9
1556,C:\Users\lalad\OneDrive\Desktop\Pinterest-всякое\pin_1556_28a72950f819.jpg,pin_1556_28a72950f819.jpg,736,1039,0.7084,portrait,115.744,119.166,121.248,0.4645,0.1144,0.2371,12.4854,0.0694,e8363b8dc492636d,9
1557,C:\Users\lalad\OneDrive\Desktop\Pinterest-всякое\pin_1557_a7095fc3e2d5.jpg,pin_1557_a7095fc3e2d5.jpg,533,840,0.6345,portrait,99.237,84.95,74.75,0.3453,0.2947,0.2379,37.0401,0.1009,9d0de6b7b6428c86,9
1558,C:\Users\lalad\OneDrive\Desktop\Pinterest-всякое\pin_1558_a7227874107b.jpg,pin_1558_a7227874107b.jpg,234,416,0.5625,portrait,51.161,56.389,55.873,0.2149,0.2166,0.1117,14.9836,0.0258,df80672019cf647e,0
1559,C:\Users\lalad\OneDrive\Desktop\Pinterest-всякое\pin_1559_a876ec323e69.jpg,pin_1559_a876ec323e69.jpg,1080,1438,0.751,portrait,82.429,82.448,87.226,0.3255,0.2714,0.2186,24.6044,0.1069,c2c2f13d3d36b4d0,9
1560,C:\Users\lalad\OneDrive\Desktop\Pinterest-всякое\pin_1560_a99f33e51c35.jpg,pin_1560_a99f33e51c35.jpg,640,709,0.9027,square-ish,137.505,145.237,158.425,0.5666,0.1412,0.2641,13.7431,0.145,a8d0157aff07b434,7
1561,C:\Users\lalad\OneDrive\Desktop\Pinterest-всякое\pin_1561_b5353acf27f2.jpg,pin_1561_b5353acf27f2.jpg,1080,914,1.1816,square-ish,91.906,72.207,65.974,0.3036,0.3308,0.2513,31.2469,0.0864,c1cc1e63b7b360f0,1
1562,C:\Users\lalad\OneDrive\Desktop\Pinterest-всякое\pin_1562_aa19e66c4373.jpg,pin_1562_aa19e66c4373.jpg,2702,3840,0.7036,portrait,98.944,86.849,81.402,0.3524,0.4401,0.3604,29.2878,0.092,a3d1f378558127d2,9
1563,C:\Users\lalad\OneDrive\Desktop\Pinterest-всякое\pin_1563_aa479c716285.jpg,pin_1563_aa479c716285.jpg,798,1261,0.6328,portrait,127.253,96.096,89.163,0.4103,0.4089,0.2169,52.612,0.0615,c94e2b71b47e8721,9
1564,C:\Users\lalad\OneDrive\Desktop\Pinterest-всякое\pin_1564_3340702761d8.jpg,pin_1564_3340702761d8.jpg,2448,3264,0.75,portrait,152.603,151.457,151.882,0.5955,0.0803,0.2954,8.8394,0.0721,b8e1e722869cddd0,5
1565,C:\Users\lalad\OneDrive\Desktop\Pinterest-всякое\pin_1565_aea89f786ae7.jpg,pin_1565_aea89f786ae7.jpg,1080,810,1.3333,landscape,126.515,115.637,109.258,0.4634,0.2698,0.2124,45.2277,0.1508,fa846f3924cc8d87,8
1566,C:\Users\lalad\OneDrive\Desktop\Pinterest-всякое\pin_1566_5865c5358e14.jpg,pin_1566_5865c5358e14.jpg,736,552,1.3333,landscape,71.963,61.668,52.019,0.2496,0.3841,0.1738,32.7792,0.0937,fcd163039c881ff8,0
1567,C:\Users\lalad\OneDrive\Desktop\Pinterest-всякое\pin_1567_1bb5ff347447.jpg,pin_1567_1bb5ff347447.jpg,1224,1632,0.75,portrait,160.225,148.875,135.856,0.5913,0.1866,0.3428,23.986,0.0986,ba28e1c54fc69359,5
1568,C:\Users\lalad\OneDrive\Desktop\Pinterest-всякое\pin_1568_b12a9015cc09.jpg,pin_1568_b12a9015cc09.jpg,720,1280,0.5625,portrait,99.76,100.632,97.681,0.3923,0.1469,0.2893,13.2239,0.0509,e9dfe0c0e68e98a2,9
1569,C:\Users\lalad\OneDrive\Desktop\Pinterest-всякое\pin_1569_b1e5e4cea040.jpg,pin_1569_b1e5e4cea040.jpg,1224,1632,0.75,portrait,89.837,90.273,90.572,0.3536,0.1605,0.2252,13.945,0.0578,9beda578a43ec450,1
1570,C:\Users\lalad\OneDrive\Desktop\Pinterest-всякое\pin_1570_8bdef08be285.jpg,pin_1570_8bdef08be285.jpg,512,512,1.0,square-ish,85.103,85.223,71.821,0.3281,0.2647,0.2685,21.5698,0.1317,fb856cd2652c943c,1
1571,C:\Users\lalad\OneDrive\Desktop\Pinterest-всякое\pin_1571_b869efdac576.png,pin_1571_b869efdac576.png,815,1312,0.6212,portrait,98.028,87.652,81.12,0.353,0.178,0.2935,25.2714,0.0444,c8f8e12501f7f654,9
1572,C:\Users\lalad\OneDrive\Desktop\Pinterest-всякое\pin_1572_bb78a9f5e0b3.jpg,pin_1572_bb78a9f5e0b3.jpg,246,246,1.0,square-ish,114.352,98.351,78.611,0.3956,0.4002,0.2719,30.6417,0.0445,b9566b64e05a0ff0,1
1573,C:\Users\lalad\OneDrive\Desktop\Pinterest-всякое\pin_1573_320a60fe543d.jpg,pin_1573_320a60fe543d.jpg,1261,1645,0.7666,portrait,81.526,82.932,88.974,0.3263,0.1214,0.1901,10.9774,0.0651,b9b0841e9c8a3fe9,1
1574,C:\Users\lalad\OneDrive\Desktop\Pinterest-всякое\pin_1574_28bf5c9385e8.jpg,pin_1574_28bf5c9385e8.jpg,736,605,1.2165,square-ish,138.694,121.667,111.738,0.4926,0.2402,0.2971,23.4019,0.0709,f87c5b21f789a242,8
1575,C:\Users\lalad\OneDrive\Desktop\Pinterest-всякое\pin_1575_bdc3ae13ad3d.jpg,pin_1575_bdc3ae13ad3d.jpg,960,1280,0.75,portrait,124.017,117.304,107.998,0.4637,0.171,0.2377,16.6321,0.0517,be3788c1c1989f87,9
1576,C:\Users\lalad\OneDrive\Desktop\Pinterest-всякое\pin_1576_bdce35225e37.jpg,pin_1576_bdce35225e37.jpg,1080,1920,0.5625,portrait,120.049,103.24,105.514,0.4256,0.1925,0.2228,24.0167,0.1098,931e65a879d962b4,9
1577,C:\Users\lalad\OneDrive\Desktop\Pinterest-всякое\pin_1577_c6126c37a439.jpg,pin_1577_c6126c37a439.jpg,576,1024,0.5625,portrait,119.559,100.148,92.245,0.412,0.268,0.2593,23.0864,0.1184,b9de3760d19681e2,9
1578,C:\Users\lalad\OneDrive\Desktop\Pinterest-всякое\pin_1578_c744ae385f19.jpg,pin_1578_c744ae385f19.jpg,960,1280,0.75,portrait,108.766,95.386,85.525,0.3853,0.2817,0.2316,17.7065,0.0399,afa5580d939b1b46,1
1579,C:\Users\lalad\OneDrive\Desktop\Pinterest-всякое\pin_1579_be02488870cd.jpg,pin_1579_be02488870cd.jpg,675,1200,0.5625,portrait,149.795,137.401,123.965,0.5474,0.2145,0.2786,32.9187,0.1175,e1e1933ddf4b880c,7
1580,C:\Users\lalad\OneDrive\Desktop\Pinterest-всякое\pin_1580_e4440c17d311.jpg,pin_1580_e4440c17d311.jpg,979,1280,0.7648,portrait,125.86,112.49,104.774,0.4534,0.2843,0.2584,31.081,0.1377,f8a6616b3c95e542,9
1581,C:\Users\lalad\OneDrive\Desktop\Pinterest-всякое\pin_1581_c73e760bdec7.jpg,pin_1581_c73e760bdec7.jpg,736,1308,0.5627,portrait,156.321,164.242,170.637,0.6377,0.1329,0.2343,17.1271,0.058,c69192666a999d76,2
1582,C:\Users\lalad\OneDrive\Desktop\Pinterest-всякое\pin_1582_c15ea331405d.jpg,pin_1582_c15ea331405d.jpg,3312,3312,1.0,square-ish,48.443,42.39,42.708,0.1733,0.1665,0.2083,9.1054,0.0378,c82e73d88f333263,0
1583,C:\Users\lalad\OneDrive\Desktop\Pinterest-всякое\pin_1583_c17926ec2087.jpg,pin_1583_c17926ec2087.jpg,1224,1224,1.0,square-ish,129.443,106.577,112.565,0.4474,0.3498,0.2867,39.437,0.0827,b4ee1bb569c8da80,8
1584,C:\Users\lalad\OneDrive\Desktop\Pinterest-всякое\pin_1584_fb08958224fd.jpg,pin_1584_fb08958224fd.jpg,900,1353,0.6652,portrait,141.927,134.719,127.57,0.5335,0.1867,0.2333,30.3564,0.0737,b1b633c3cb493d30,2
1585,C:\Users\lalad\OneDrive\Desktop\Pinterest-всякое\pin_1585_c3fce9fea287.jpg,pin_1585_c3fce9fea287.jpg,654,980,0.6673,portrait,123.666,105.465,100.051,0.4325,0.2429,0.2053,34.8841,0.0951,c86f35871791ab0e,9
1586,C:\Users\lalad\OneDrive\Desktop\Pinterest-всякое\pin_1586_bdd85e9b6488.jpg,pin_1586_bdd85e9b6488.jpg,911,911,1.0,square-ish,55.213,43.596,35.789,0.1811,0.3653,0.1359,21.8179,0.0471,a3b550527c4756d6,0
1587,C:\Users\lalad\OneDrive\Desktop\Pinterest-всякое\pin_1587_b9717ae2137d.jpg,pin_1587_b9717ae2137d.jpg,1080,1350,0.8,portrait,152.832,132.534,119.766,0.5379,0.2168,0.1758,30.9579,0.0572,d24e6b3176606dcc,2
1588,C:\Users\lalad\OneDrive\Desktop\Pinterest-всякое\pin_1588_c83dca16566f.png,pin_1588_c83dca16566f.png,1024,1536,0.6667,portrait,78.476,68.698,67.195,0.2802,0.325,0.1846,27.7319,0.062,abd10b1676a0d78d,0
1589,C:\Users\lalad\OneDrive\Desktop\Pinterest-всякое\pin_1589_ca7a7062f8df.jpg,pin_1589_ca7a7062f8df.jpg,2598,3464,0.75,portrait,68.687,58.521,59.996,0.2421,0.2381,0.1734,30.6087,0.0755,9298ce986d62fb92,0
1590,C:\Users\lalad\OneDrive\Desktop\Pinterest-всякое\pin_1590_cca496e2eb41.jpg,pin_1590_cca496e2eb41.jpg,768,1376,0.5581,portrait,82.273,83.966,90.883,0.3303,0.338,0.3194,12.96,0.0962,a8e1635e8685d5da,9
1591,C:\Users\lalad\OneDrive\Desktop\Pinterest-всякое\pin_1591_d23609759bdd.jpg,pin_1591_d23609759bdd.jpg,287,500,0.574,portrait,70.277,69.122,72.701,0.274,0.4061,0.2367,26.3732,0.0886,979538784e86c95b,9
1592,C:\Users\lalad\OneDrive\Desktop\Pinterest-всякое\pin_1592_d19e3cd691f9.jpg,pin_1592_d19e3cd691f9.jpg,500,830,0.6024,portrait,144.761,124.903,104.583,0.504,0.4421,0.323,28.0074,0.0921,dc70e36a64e4296b,9
1593,C:\Users\lalad\OneDrive\Desktop\Pinterest-всякое\pin_1593_d1d9028ae825.jpg,pin_1593_d1d9028ae825.jpg,1048,1315,0.797,portrait,128.273,126.091,120.252,0.4944,0.0804,0.1779,11.6992,0.1505,abf3071cecaec023,7
1594,C:\Users\lalad\OneDrive\Desktop\Pinterest-всякое\pin_1594_72dd700396ef.jpg,pin_1594_72dd700396ef.jpg,723,723,1.0,square-ish,172.528,148.101,129.189,0.601,0.2588,0.1181,24.0116,0.0269,9fccc0d5d7371828,2
1595,C:\Users\lalad\OneDrive\Desktop\Pinterest-всякое\pin_1595_d487feeed0f9.jpg,pin_1595_d487feeed0f9.jpg,3264,2448,1.3333,landscape,97.788,98.512,101.311,0.3867,0.1995,0.3016,11.1184,0.1465,f98772c08ea3d8d8,8
1596,C:\Users\lalad\OneDrive\Desktop\Pinterest-всякое\pin_1596_aee1b692fd73.jpg,pin_1596_aee1b692fd73.jpg,1200,1153,1.0408,square-ish,66.904,64.052,64.751,0.2547,0.164,0.2567,6.5033,0.0247,ccf873cdf0c38660,1
1597,C:\Users\lalad\OneDrive\Desktop\Pinterest-всякое\pin_1597_698e1a328c2c.jpg,pin_1597_698e1a328c2c.jpg,942,1280,0.7359,portrait,85.526,79.586,77.295,0.318,0.1702,0.2149,10.9418,0.0559,bcf0f291d1c8c8ad,1
1598,C:\Users\lalad\OneDrive\Desktop\Pinterest-всякое\pin_1598_acd1ec7fbb20.jpg,pin_1598_acd1ec7fbb20.jpg,564,564,1.0,square-ish,70.298,116.974,175.692,0.4302,0.6259,0.1746,56.6566,0.0383,b3a6ee595914a4c9,4
1599,C:\Users\lalad\OneDrive\Desktop\Pinterest-всякое\pin_1599_b9241a0f6251.jpg,pin_1599_b9241a0f6251.jpg,474,474,1.0,square-ish,138.767,125.476,97.042,0.4949,0.3784,0.2364,32.55,0.2206,96708d2d5589f371,6
1600,C:\Users\lalad\OneDrive\Desktop\Pinterest-всякое\pin_1600_86ae06e2fc84.jpg,pin_1600_86ae06e2fc84.jpg,1170,1533,0.7632,portrait,128.828,118.571,109.004,0.4727,0.214,0.3225,28.0837,0.05,bbdadc2c9ccc2223,5
1601,C:\Users\lalad\OneDrive\Desktop\Pinterest-всякое\pin_1601_dc32b0413996.jpg,pin_1601_dc32b0413996.jpg,1086,943,1.1516,square-ish,181.541,155.283,134.599,0.6306,0.2814,0.1622,29.3533,0.0507,dab46d7b6434a360,2
1602,C:\Users\lalad\OneDrive\Desktop\Pinterest-всякое\pin_1602_8f0552ced095.jpg,pin_1602_8f0552ced095.jpg,736,1083,0.6796,portrait,169.503,139.984,159.249,0.5922,0.3353,0.2199,54.0726,0.1811,c9ac0e70258ff336,7
1603,C:\Users\lalad\OneDrive\Desktop\Pinterest-всякое\pin_1603_646413a2a36f.jpg,pin_1603_646413a2a36f.jpg,736,901,0.8169,portrait,152.679,151.419,155.208,0.597,0.1906,0.2151,22.8288,0.0451,ed863dda23348e62,2
1604,C:\Users\lalad\OneDrive\Desktop\Pinterest-всякое\pin_1604_49e12a3b3881.jpg,pin_1604_49e12a3b3881.jpg,736,981,0.7503,portrait,41.257,39.782,40.241,0.1578,0.2568,0.1665,11.7468,0.0606,d91f66261897c999,0
1605,C:\Users\lalad\OneDrive\Desktop\Pinterest-всякое\pin_1605_7471046dd335.jpg,pin_1605_7471046dd335.jpg,1058,1686,0.6275,portrait,107.981,96.869,87.651,0.3888,0.2368,0.2395,18.8668,0.0863,85d95cacca16396e,9
1606,C:\Users\lalad\OneDrive\Desktop\Pinterest-всякое\pin_1606_e3830dc3c9ba.jpg,pin_1606_e3830dc3c9ba.jpg,867,1156,0.75,portrait,101.3,71.162,68.3,0.3131,0.3469,0.1622,39.3795,0.1392,c4736839cf3e708c,9
1607,C:\Users\lalad\OneDrive\Desktop\Pinterest-всякое\pin_1607_e54c81ae04fd.jpg,pin_1607_e54c81ae04fd.jpg,1200,675,1.7778,landscape,110.656,98.929,77.175,0.392,0.3032,0.234,44.7217,0.1169,84093fc179666b2f,8
1608,C:\Users\lalad\OneDrive\Desktop\Pinterest-всякое\pin_1608_4749ae1ce380.jpg,pin_1608_4749ae1ce380.jpg,1080,1920,0.5625,portrait,115.478,100.443,89.808,0.4068,0.2275,0.2875,23.9173,0.0464,a7a7d278d97cc820,9
1609,C:\Users\lalad\OneDrive\Desktop\Pinterest-всякое\pin_1609_e6a3002e14af.jpg,pin_1609_e6a3002e14af.jpg,825,698,1.1819,square-ish,113.542,80.366,60.692,0.3452,0.5823,0.2532,45.9684,0.0446,b4955bb3de8a8c48,4
1610,C:\Users\lalad\OneDrive\Desktop\Pinterest-всякое\pin_1610_e716179ed55d.jpg,pin_1610_e716179ed55d.jpg,1200,1180,1.0169,square-ish,98.424,71.324,54.016,0.3038,0.518,0.1868,34.0523,0.0408,96e82b857a72b532,4
1611,C:\Users\lalad\OneDrive\Desktop\Pinterest-всякое\pin_1611_e8db0744d9c6.jpg,pin_1611_e8db0744d9c6.jpg,750,750,1.0,square-ish,131.627,112.296,110.852,0.4624,0.2358,0.2431,19.3366,0.0537,ad8d582c9dcacb91,1
1612,C:\Users\lalad\OneDrive\Desktop\Pinterest-всякое\pin_1612_e9107d0efc33.png,pin_1612_e9107d0efc33.png,1080,1920,0.5625,portrait,11.468,11.468,11.468,0.045,0.0,0.1303,0.0,0.0245,9992666c9993666e,0
1613,C:\Users\lalad\OneDrive\Desktop\Pinterest-всякое\pin_1613_e9aebe823a18.jpg,pin_1613_e9aebe823a18.jpg,1206,1592,0.7575,portrait,33.461,39.675,29.57,0.1437,0.338,0.1399,10.7098,0.0345,9d5ba6662259999a,0
1614,C:\Users\lalad\OneDrive\Desktop\Pinterest-всякое\pin_1614_e9e3b23df919.jpg,pin_1614_e9e3b23df919.jpg,1440,1440,1.0,square-ish,102.946,82.593,69.437,0.3419,0.5638,0.3079,35.0797,0.0718,fcb0b6a253cb013b,4
1615,C:\Users\lalad\OneDrive\Desktop\Pinterest-всякое\pin_1615_08ae533b1724.jpg,pin_1615_08ae533b1724.jpg,736,981,0.7503,portrait,52.51,33.75,27.387,0.1514,0.6789,0.1743,32.3473,0.0352,cd857276c9d960c6,0
1616,C:\Users\lalad\OneDrive\Desktop\Pinterest-всякое\pin_1616_ebd8fb4fa17a.jpg,pin_1616_ebd8fb4fa17a.jpg,768,1376,0.5581,portrait,55.991,58.023,62.731,0.2273,0.3267,0.2131,12.08,0.113,8dca72b52e60b9a9,9
1617,C:\Users\lalad\OneDrive\Desktop\Pinterest-всякое\pin_1617_5c29ea49d14f.jpg,pin_1617_5c29ea49d14f.jpg,736,552,1.3333,landscape,85.99,78.883,73.852,0.3154,0.2473,0.224,12.7717,0.0312,fef0416f69659290,1
1618,C:\Users\lalad\OneDrive\Desktop\Pinterest-всякое\pin_1618_ec1b3c1422d5.jpg,pin_1618_ec1b3c1422d5.jpg,1080,1440,0.75,portrait,104.672,94.644,84.554,0.3784,0.2185,0.2273,14.9818,0.0555,b0929a3a693f7349,9
1619,C:\Users\lalad\OneDrive\Desktop\Pinterest-всякое\pin_1619_c1904d98a83c.jpg,pin_1619_c1904d98a83c.jpg,736,1002,0.7345,portrait,72.374,65.322,59.011,0.2616,0.3322,0.2119,28.1369,0.0582,99ad248476d01fbe,0
1620,C:\Users\lalad\OneDrive\Desktop\Pinterest-всякое\pin_1620_f300290f7959.jpg,pin_1620_f300290f7959.jpg,640,640,1.0,square-ish,79.519,80.682,83.936,0.3165,0.238,0.2631,10.6603,0.0803,febfa732901811d4,1
1621,C:\Users\lalad\OneDrive\Desktop\Pinterest-всякое\pin_1621_f40df24112dd.jpg,pin_1621_f40df24112dd.jpg,958,1280,0.7484,portrait,133.192,125.358,119.83,0.4983,0.1824,0.2611,19.6598,0.1232,ae95933aa9e21a2e,7
1622,C:\Users\lalad\OneDrive\Desktop\Pinterest-всякое\pin_1622_8c65d068d6de.jpg,pin_1622_8c65d068d6de.jpg,903,1280,0.7055,portrait,83.847,64.065,60.475,0.2728,0.4192,0.1773,27.4167,0.0633,c6cc3372b4b13372,0
1623,C:\Users\lalad\OneDrive\Desktop\Pinterest-всякое\pin_1623_856a844deec7.jpg,pin_1623_856a844deec7.jpg,720,960,0.75,portrait,155.534,137.933,129.147,0.5576,0.2491,0.3317,26.9766,0.0814,bcd093c9cc872d36,5
1624,C:\Users\lalad\OneDrive\Desktop\Pinterest-всякое\pin_1624_f4f7224976a8.jpg,pin_1624_f4f7224976a8.jpg,3264,2448,1.3333,landscape,93.828,82.564,79.417,0.3356,0.2947,0.2681,36.2349,0.0926,8a99a9c5d3b39534,1
1625,C:\Users\lalad\OneDrive\Desktop\Pinterest-всякое\pin_1625_f54be55d0a3a.jpg,pin_1625_f54be55d0a3a.jpg,900,1200,0.75,portrait,143.529,138.602,132.364,0.5465,0.1258,0.2661,14.7585,0.1453,b68c3307c0f8cc6f,7
1626,C:\Users\lalad\OneDrive\Desktop\Pinterest-всякое\pin_1626_f745614bc1dd.png,pin_1626_f745614bc1dd.png,1080,1080,1.0,square-ish,121.52,86.027,90.476,0.381,0.5665,0.3293,83.9701,0.0898,cf05313af9291ce3,4
1627,C:\Users\lalad\OneDrive\Desktop\Pinterest-всякое\pin_1627_f8c5168a2286.jpg,pin_1627_f8c5168a2286.jpg,1080,1920,0.5625,portrait,165.068,165.068,165.068,0.6473,0.0,0.2683,0.0,0.1334,b9c69c0de13e86c9,7
1628,C:\Users\lalad\OneDrive\Desktop\Pinterest-всякое\pin_1628_fa5832eb4c20.jpg,pin_1628_fa5832eb4c20.jpg,896,1344,0.6667,portrait,128.131,128.633,127.514,0.5034,0.1248,0.2322,15.2157,0.0932,c2ec5e152cf17392,9
1629,C:\Users\lalad\OneDrive\Desktop\Pinterest-всякое\pin_1629_fc7523871c07.jpg,pin_1629_fc7523871c07.jpg,720,1022,0.7045,portrait,158.841,144.652,135.44,0.5798,0.174,0.1598,21.8893,0.0841,f4b5a0165af0855f,2
1630,C:\Users\lalad\OneDrive\Desktop\Pinterest-всякое\pin_1630_fccd8c4f17e3.jpg,pin_1630_fccd8c4f17e3.jpg,1224,1171,1.0453,square-ish,88.465,78.719,79.618,0.3205,0.1933,0.2646,16.8165,0.0732,cd8dfb70588c2770,1
1631,C:\Users\lalad\OneDrive\Desktop\Pinterest-всякое\pin_1631_938e629f2459.jpg,pin_1631_938e629f2459.jpg,706,712,0.9916,square-ish,128.263,118.924,113.443,0.4749,0.151,0.2601,18.3499,0.075,9259f0cc6389e53b,5
1632,C:\Users\lalad\OneDrive\Desktop\Pinterest-всякое\pin_1632_3fedebfb283d.jpg,pin_1632_3fedebfb283d.jpg,828,1373,0.6031,portrait,154.52,140.981,135.801,0.5664,0.1799,0.2386,22.3055,0.0773,908291a57b03affe,2
1633,C:\Users\lalad\OneDrive\Desktop\Pinterest-всякое\pin_1633_ffa2c9e0acdb.jpg,pin_1633_ffa2c9e0acdb.jpg,1080,1920,0.5625,portrait,63.896,57.597,56.843,0.2329,0.223,0.1858,13.3693,0.0714,c63711a43b6d251f,0
